class_id,class_name
0,'o'ne
1,+1_(yakusoku0722)
2,.com_(bot_com1)
3,.l.l
4,.sin
5,0-den
6,0-toki
7,0002koko
8,001machi
9,00_gx4
10,00kashian00
11,00osamio00
12,00tea
13,0109_(artist)
14,010mzam
15,013_(hamsasuke)
16,01_(zeroichi_srl)
17,01_0219
18,01_leesuke
19,01pado_pado
20,01rosso
21,01sh110sush1
22,0202ase
23,021_shiro
24,024th
25,025sakura393
26,029
27,0321smith
28,0417nao
29,04sora40
30,052_(saniiiwan)
31,0707_una
32,0725akaba
33,07nono06
34,07touka25
35,0820_lakia
36,0930erina
37,0_(znanimo)
38,0_00
39,0_ebj
40,0_onibi
41,0aoiurn0
42,0h_my_god
43,0jae
44,0lightsource
45,0mzum1
46,0nanaten
47,0nineo9
48,0o0onnk
49,0p78xopwsj83779
50,0roshioji3ran
51,0shino
52,0x0082
53,0zr8hc
54,1-5iro
55,1-gou_(111touban)
56,1000marie
57,10011018
58,100387l
59,1006kbps
60,100percent_park
61,1010_mumumu
62,1010_neg
63,1041_(toshikazu)
64,1044kiro
65,104_(luins104)
66,1055
67,108_(toowa)
68,108_gou
69,10_io
70,10_plus
71,10den
72,10eki_(tenchou)
73,10mk
74,10mo
75,10r_(tulipano)
76,10ttruck
77,112san
78,115_koubunshi
79,119
80,11kkr
81,1202_koge
82,1227ree
83,122pxsheol
84,1230_mochi
85,123456dyom
86,123_(tyamaguch)
87,129adam
88,12_(xaenedju)
89,12_graka
90,12cat
91,12v
92,12yun30
93,13-gou
94,1340smile
95,1388chan
96,13_(bbr584607091)
97,13_(spice!!)
98,13o
99,144_(riesztan)
100,144udy
101,147
102,1473ex
103,14_(vision5032)
104,14sai_bishoujo_(shoutarou)
105,152_in_can
106,156m
107,159cm
108,15citron
109,15ooo
110,1623
111,1629doyasa
112,163_(shiromeshi)
113,1641_(chfhrtor94)
114,168_azusa
115,16_ban
116,172cm
117,18_(backstreetno18)
118,19670615t
119,1977_oj3
120,1991_(blz)
121,19_chisinlo
122,19_okeke
123,1=2
124,1_mutsuki
125,1brad
126,1cyaya1
127,1jumangoku
128,1kudamo1
129,1nilla'
130,1nupool
131,1ssakawaguchi
132,1st-mn
133,1yu_x
134,2-butani
135,2-g
136,20060715
137,200f_(nifu)
138,2027_(submarine2027)
139,202vincent
140,203wolves
141,2049_(hh5566)
142,210ten
143,212_(kisaragi)
144,2134twone
145,216
146,217_shion_407
147,218
148,21_ke
149,21grams
150,21scorpii
151,21yc_(september_breeze)
152,221_(tsutsuichi)
153,22_(tak_ja)
154,23011620x
155,2323astronomy
156,234_(1234!)
157,23_(candy_chapus)
158,23_(real_xxiii)
159,23ichiya
160,2400db
161,2496oyakodon
162,24mbb
163,24riside
164,24x24
165,250en_remon
166,258n
167,25_kimera
168,26caaan
169,283win
170,286c
171,28_(282teeth)
172,298yenomiso
173,299_(horisso)
174,29hyeon
175,2_(tsvf3235)
176,2_blankk
177,2_nostg
178,2_ru
179,2b-ge
180,2b_fff
181,2c=galore
182,2drr
183,2dswirl
184,2elu2
185,2equal8
186,2f_sq
187,2gong_(9ujin_)
188,2gou
189,2l_(2lsize)
190,2n5
191,2naom8q6gt87292
192,2pineapplepizza
193,2poet
194,2r-_(pixiv8168114)
195,2t_(vmyz7342)
196,2zuz4hru
197,3.14
198,30-06
199,3000_xiao_chun
200,30en_(esx5g)
201,3104_(3104milkshake)
202,310setsu
203,314pic
204,31ulkubo
205,320_(romsen)
206,329kome
207,32_oogawa
208,32zzz
209,333_(dqqqdle)
210,333_(pixiv8601259)
211,333shishishi333
212,33_gaff
213,33bun3
214,33dot
215,343rone
216,345_myk
217,34no404
218,35
219,360_(taiyo360)
220,364ing01
221,370ml
222,3735geriragouki
223,3774.
224,382
225,3838383
226,38_(sanjuuhachi)
227,39_iduki
228,39cva
229,3_(sanyako1)
230,3_small_spiders
231,3aem
232,3amsoda
233,3books
234,3c_pan_(izumipan3)
235,3d_rod!
236,3e
237,3four
238,3gs
239,3kuma
240,3ma_can_omochi
241,3mia_hadi3
242,3o_c
243,3ok
244,3pel1
245,3suisousui
246,3u
247,3wa_tari
248,3yo4yo5yo
249,40010prototype
250,402_(o0_xxx)
251,4040_(abonriya)
252,40_(0f0urw)
253,40hara
254,4138
255,41_(taskmaster41)
256,42u16
257,43_pon
258,4410_(kanimiso)
259,456_(456log)
260,45acp
261,462vvv
262,463_jun
263,467_(artist)
264,4690_(tkpbsk)
265,4711_(xx)
266,47agdragon
267,48okku
268,4_(nakajima4423)
269,4b-enpitsu
270,4indroid
271,4jiri
272,4kebidayo
273,4kimizuki
274,4lily
275,4me_4ma
276,4qw5
277,4rion
278,4shi
279,4suke
280,4tb_(4tera_byte)
281,4the2ofus
282,4uu_(radicalmp_head)
283,5-ish_(crevettavt)
284,5.5
285,504_gateway
286,50k_v3
287,50x48x48
288,515m
289,547th_sy
290,54cr
291,54hao
292,5656hayururi
293,58_(opal_00_58)
294,596_(_gokuraku_joudo)
295,5alive
296,5altybitter5
297,5danny1206
298,5health
299,5kawa8gi
300,5plus
301,5rwpvc
302,5saiji
303,5t_(5t_000)
304,5tatsu
305,5tb
306,5to_rai
307,606_haochuangshangren
308,60mai
309,621_joker_123
310,625light
311,63suke
312,66head
313,66ta1yak1
314,676643396dolce
315,695_(mukuko)
316,69_(tranquilo)
317,6_(yuchae)
318,6_yin
319,6maker
320,6q_(rokuku)
321,6suan
322,6tnut9
323,6u_(eternal_land)
324,7001
325,700hash
326,7010
327,702_(naotsu)
328,702_96
329,707arisu
330,7100potechi
331,710_ao
332,720_72
333,723_(tobi)
334,723_nanahumi
335,72kuri
336,72producer
337,72yan
338,73_(naa)
339,73suke
340,74_(teduka)
341,750x077
342,765_nanami
343,76gpo
344,770mk
345,774_(nanashi)
346,77gl
347,78_(tky8)
348,78rr
349,793_(oo793oo)
350,79inko
351,79x_(ox79xo)
352,7_08
353,7_11_(fukuso)
354,7_24
355,7_calpis_7
356,7_phi_3
357,7aizagatha
358,7aka_ne11
359,7ban
360,7enn
361,7fuji_06
362,7gao
363,7ife
364,7lark
365,7mb_yut
366,7nanappe
367,7nite
368,7nopi
369,7saki
370,7t
371,7zu7
372,8'108
373,8-gou_(mechanist08)
374,8055
375,80isiiii
376,80mph
377,80yakky
378,810_(dadmiral)
379,81_(mellowry)
380,82jhin
381,846-gou
382,852_box
383,86thunder
384,87banana
385,87yanagi
386,888myrrh888
387,88942731ne
388,88_(einnimnech)
389,89ru0
390,8_(e_uu88)
391,8_(yamalu)
392,8c
393,8gou
394,8kumagawa_(log)
395,8ne_(nitika127)
396,8rk9
397,8takenokonosato8
398,9-ga
399,900p
400,90i
401,91007
402,9150namihana
403,92m
404,9302w_(user_wjpg8475)
405,9474s0ul
406,94plum
407,9610_(kuroto)
408,961_masashi
409,9696k
410,96dai_0313
411,96tuki
412,96yottea
413,987645321o
414,999_(hansode)
415,999knight
416,99aj
417,99akt1031
418,99noe_honoka
419,9_(hcl9fg)
420,9_vcat
421,9aki
422,9is
423,9ji
424,9kugai
425,9law
426,9ml
427,9nojo
428,9rimson
429,9s0ykoyama117
430,9so_(ponchon)
431,9tk9m
432,9twoeight
433,9wa
434,=_(9_yawbus)
435,@-you_(you_2023_8_16)
436,@acchom_zatta
437,@est@
438,@ichigo
439,@shun
440,^jj^
441,a-er_(akkij0358)
442,a-ka
443,a-king
444,a-kiraa_(whisper)
445,a-ktoo
446,a-na
447,a-nya
448,a-o_a
449,a-shacho
450,a-xii
451,a.a_(aa772)
452,a.f.o
453,a.hebmuller
454,a.k.a.zkin
455,a.nori
456,a.q.u.a
457,a.ringo
458,a.t._zero
459,a.x.
460,a082
461,a0lp
462,a12740807
463,a1_(initial-g)
464,a20190422
465,a20_(atsumaru)
466,a2t_will_draw
467,a3dyqtlpqjcuqvs
468,a4_(a4_eishi)
469,a888_n22
470,a9_(repainter)
471,a9b_(louis814)
472,a_(aaaaaaaaaaw)
473,a_(poipiku_325815)
474,a_(sofi3103)
475,a_a2001214
476,a_ai_ri
477,a_d_chi
478,a_flow
479,a_ichiro
480,a_jak
481,a_ji
482,a_jou
483,a_kirima
484,a_maru
485,a_mezashi
486,a_nzi_end
487,a_raku
488,a_tea
489,aa-aster
490,aa-rance
491,aa211108
492,aa2233a
493,aa2mee
494,aa44
495,aaaa_(quad-a)
496,aaaabo
497,aaaaddddd
498,aaayamitsu
499,aaeru
500,aak
501,aam09212
502,aamana0
503,aamond
504,aaniko
505,aaoi
506,aaoshigatoutoi
507,aaru_(kerogero1582)
508,aaru_(tenrake_chaya)
509,aasara
510,aata1007
511,aatom87
512,aayh
513,abab_xiaxia
514,abae
515,abandon_ranka
516,abara_heiki
517,abarabone
518,abarai_(abarabone)
519,abaratani_kurou
520,abaraya
521,abarerumidori
522,abataa
523,abazu-red
524,abbey_and_bear
525,abbystea
526,abe_(f!mixture)
527,abe_(kumayu)
528,abe_(roiz)
529,abe_hikaru
530,abe_inori
531,abe_kanari
532,abe_suke
533,abe_tomomi
534,abe_tsukasa
535,abe_tsukumo
536,abe_yasushi_(umizoi_tibet)
537,abe_yoshitoshi
538,abeen_jhong
539,abekawa
540,abenattou
541,abeno_chako
542,abi_(abimel10)
543,abiko_yuuji
544,abiko_zyozi
545,abimaru_gup
546,abineko
547,abinosu0903
548,abisswalker8
549,abmayo
550,abo_(hechouchou)
551,aboleuk
552,abondz
553,aboreen
554,aboude_art
555,about_fg
556,aboutama
557,abpart
558,abrakadabra2012
559,abriel00
560,absent
561,absol_(dkqthf)
562,absolum_art
563,absolutemabbak
564,absurd_fox
565,abu
566,abua
567,abubu
568,abukobato
569,aburaeoyaji
570,aburage_(motimotigg20)
571,aburai_yui
572,aburaya_tonbi
573,aburi-gatana
574,aburidashi_zakuro
575,aburisamon
576,abusoru
577,abutomato
578,abysswatchers
579,abyuramu_yukidaruma
580,ac130
581,acaa
582,acaco
583,acchi_(koiyimknp)
584,acchii_(akina)
585,accio
586,ace_akira
587,ace_glitch
588,ace_rocket
589,acea4
590,acedia
591,acefish
592,acerbi
593,acesrulez
594,achan_(blue_semi)
595,achiki
596,achikoako
597,achilles_(yosshyachillesd)
598,achromaru
599,achyue
600,acid_(acid-field)
601,acky_bright
602,aco_(bearchannel)
603,aco_(koaya_ako)
604,aco_gbfg
605,aco_peda
606,acomu414
607,acrux
608,acryl
609,acrylicstroke
610,act_(xadachit)
611,actinium89
612,acubi_tomaranai
613,acyantree
614,ada_badguy
615,adaajt
616,adachi_(ioioi)
617,adachi_(nogami_nono)
618,adachi_fumio
619,adachi_shingo
620,adachi_yousuke
621,adahcm
622,adair_(juicelooped)
623,adam_angel
624,adansosutega
625,adarin
626,adda
627,addy_(@vegeebs)
628,adelheid_(moschiola)
629,adelie_cat
630,adeshi_(adeshi0693119)
631,adju_ster
632,admiral_paru
633,adochansukisuki
634,adomi
635,adoohay
636,adpx
637,adricarra
638,adsouto
639,adultonly
640,aduo
641,aduti_momoyama
642,advarcher
643,advos
644,adworse
645,adyisu
646,adzuma_nishi
647,ae_iueo
648,aebafuti
649,aebj
650,aegissanp
651,aekun_cben
652,aelion_draws
653,aemono_(lemolemo_lmn)
654,aemu_(august_life)
655,aenaluck
656,aeon_ion
657,aepuru_arts
658,aer007580
659,aer7o
660,aer_(tengqiu)
661,aerial_(aerial_30)
662,aerlai
663,aeruusa
664,aesice
665,aestheticc-meme
666,aetherion
667,aeyga
668,af_(afloatisland)
669,afe.
670,afei_(sfma3248)
671,afnroll
672,afro_(kngotezo)
673,afrobull
674,afrody
675,aftamc
676,after0217
677,after_suko
678,afternooners
679,afukuro
680,afunai
681,afureru_colors
682,afuro
683,afuron
684,ag_00000
685,aga_marino
686,agachi_(shunya12300724)
687,agahari
688,agaki_anko
689,agamemega
690,agarwood
691,agasa_(akasa_anodan)
692,agasang
693,agata_(agatha)
694,agaver123
695,agawa_ryou
696,age_fx
697,age_nasuo
698,agekichi_(heart_shape)
699,agemmata
700,agemono
701,agenasu
702,agetake
703,agetama
704,agibe
705,agm
706,agnamore
707,agnidevi
708,agonasubi
709,agong
710,agoto
711,agovitch
712,agpgwm
713,agtt25333
714,agu_(agoppdki)
715,aguaaaaa4
716,aguhari
717,agulo
718,agurami
719,aguri_(aguri0406-aoi)
720,aguruma_(yukisita03)
721,agus999
722,agyo_(ikayaki5252)
723,ah-lyong_lee
724,ah-negitorow
725,ah_(pixiv62888100)
726,ah_yoshimizu
727,ahageao49
728,ahaha_kun
729,aharan
730,ahase_hino
731,ahen
732,ahenn
733,ahira_yuzu
734,ahiru_tokotoko
735,ahirumamire
736,ahma
737,ahn
738,ahn_dongshik
739,ahneato
740,ahnei
741,ahobaka
742,ahodemoaru
743,ahonoko
744,ahoyhoi
745,ahr_tato
746,ahriii
747,ahsiu
748,ahute
749,ai-bon
750,ai-nohikari
751,ai-wa
752,ai_(ai1470)
753,ai_(u_e_o_o)
754,ai_cao
755,ai_dongdong
756,ai_gon_deroga
757,ai_kusunoki
758,ai_nige
759,ai_shou
760,ai_takurou
761,ai_tkkm
762,ai_wa_muteki
763,ai_xiao_meng
764,ai_yori_akashi
765,aiaiharuharu
766,aiamu_iamu
767,aianchor
768,aiba-tsukiko
769,aiba_kou
770,aiban
771,aibek
772,aibivy
773,aibon
774,aibumi
775,aica_61
776,aichi_shiho
777,aid!
778,aida_(aidacamelia0516)
779,aida_(aidia)
780,aida_(chinhung0612)
781,aida_kan_mori
782,aida_mai
783,aida_noa
784,aida_takanobu
785,aida_yuu
786,aidoruhakase
787,aidumi
788,aiee
789,aiha-deko
790,aihara-rina
791,aihara_akito
792,aiharararara
793,aihira_(aihira12)
794,aiiro_bokujuu
795,aika_warazu
796,aikawa_arisa
797,aikawa_ruru
798,aikawa_ryou
799,aikawa_tatsuki
800,aikawa_touma
801,aikei_ake
802,aikir_(jml5160)
803,aikome_(haikome)
804,aikura_(twilight_dusk)
805,aikura_chihiro
806,aile_(crossroads)
807,aili_(aliceandoz)
808,ailiner7060
809,ailu_elf
810,ailushin
811,aimai_(luckyfive)
812,aimee_(emi)
813,aimf
814,aimi_(aimia492)
815,aimi_(tikichin0229)
816,aimitsu_(ibityuttyu)
817,aimo_(aimo1214)
818,aimobake
819,aimori_meguru
820,aimpoleume
821,aimu_(angry9565)
822,aina123
823,aina_(mayexplode)
824,aina_156cm
825,ainezu
826,ainimo5
827,ainkun
828,aino_(acilealaulica)
829,aino_osaru
830,aino_yumeri
831,ainudraws
832,ainy
833,aioi_u
834,aion_kiu
835,aipa
836,aiphelix
837,air_(ai_r_)
838,air_kon
839,aira_(endless5515)
840,aira_(exp)
841,airabi
842,airagency1005
843,airan_alp
844,airandou
845,airani_iofifteen_(artist)
846,aircell
847,airenif
848,airfish_(lefko_d)
849,airi_(akamichiaika)
850,airi_rei
851,airihanezora
852,airisubaka
853,airool
854,airport96
855,airseal
856,aisa_(micuma)
857,aisendraw
858,aisha_callaaisha
859,aislan
860,aisora
861,aisu_(icicleshot)
862,aisumegane
863,aisutabetao
864,aisutei
865,aitanikofu
866,aitaso
867,aitekku
868,aito
869,aito_(indigorabbit)
870,aitsugawa_rui
871,aituoku
872,aiu404l
873,aiu_.
874,aiu_eo
875,aiuabo
876,aiue0
877,aiue_o_eiua
878,aiue_oka
879,aiueo1234853
880,aiuti
881,aiv
882,aiwo_o_lite
883,aiyan
884,aiz00
885,aiza-ku
886,aizawa85
887,aizawa_(aizawatsu)
888,aizawa_chihiro
889,aizawa_hiroshi
890,aizawa_kotarou
891,aizawa_marimo
892,aizawa_masaya
893,aizawa_sachi
894,aizawa_zawapo
895,aizen_(syoshiyuki)
896,aizenpochi
897,aizettonagi
898,aizheajsee
899,ajahweea
900,ajapar
901,aji_(coastal_area)
902,aji_(eatfishfly)
903,aji_(sagi_45)
904,aji_(sakanaaj1)
905,aji_aji_nori
906,aji_kosugi
907,aji_n
908,ajia_(otya3039)
909,ajidot
910,ajifurai
911,ajigo
912,ajikan_(azican)
913,ajimita
914,ajin_(ajinhdremix)
915,ajino_(sakanahen)
916,ajirui
917,ajishio
918,ajishio_(loli_king)
919,ajitarou_(setsu)
920,ajitsuke_nori
921,ajiu_nine_ajiu
922,ajiwo
923,ajo_cnsw
924,ajuji_aju
925,ajula_wachula
926,aka-kabuto_no_gema
927,aka6
928,aka_(440626)
929,aka_(s3637)
930,aka_(shoumae)
931,aka_kan
932,aka_kitsune
933,aka_mikan
934,aka_muffler_yamato
935,aka_ringo
936,aka_tawashi
937,aka_tonbo_(lililil)
938,aka_tonbo_(lovetow)
939,aka_ume
940,akabane_(pixiv3586989)
941,akabane_(zebrasmise)
942,akabane_hibame
943,akabane_rin
944,akabane_yu
945,akabashi_yuusuke
946,akabeco
947,akabeko123
948,akabino
949,akableak
950,akadako
951,akadama
952,akae_neo
953,akafuku_pukoemon
954,akaga_hirotaka
955,akagashi_hagane
956,akagi_(sk0127aho)
957,akagi_asahito
958,akagi_koku
959,akagi_kurage
960,akagi_rio
961,akagi_yuuto
962,akagiakemi
963,akagikou
964,akagishi_k
965,akahaneko
966,akahara_tyun
967,akaharuu
968,akahi242
969,akahige
970,akahito
971,akahito_(akaironotanin)
972,akaho_sakura
973,akahoshi_kenji
974,akahuzi
975,akai_(riaakai)
976,akai_(ugokashitari)
977,akai_999
978,akai_akasaki
979,akai_kagerou
980,akai_kitsune
981,akai_ringo_(eveyuno)
982,akai_ronii
983,akai_sashimi
984,akai_takami
985,akai_toshifumi
986,akaie11
987,akaiha_(akaihasugk)
988,akaihoppe
989,akaike
990,akaimo_(akaimokou)
991,akaino_(akaomi)
992,akaioringo2023
993,akairiot
994,akairo_no_mako
995,akaisuto
996,akaji_(alpha0107)
997,akakage_red
998,akakokko_(niro_azarashi)
999,akakura
1000,akamakoto
1001,akamaru
1002,akamaru_saasha
1003,akamashi
1004,akamatsu_ken
1005,akame_(chokydaum)
1006,akami770
1007,akami_fumio
1008,akamirai
1009,akamiso_(k074510)
1010,akamomo
1011,akamtvahosi
1012,akamura_saki
1013,akanagi_youto
1014,akanako
1015,akanasu
1016,akane_(akaneoekaki0928)
1017,akane_harurou
1018,akane_hazuki
1019,akane_kazami
1020,akane_souichi
1021,akane_yuki
1022,akanebi
1023,akaneko_(redakanekocat)
1024,akaneman
1025,akanesanzou
1026,akaneya
1027,akaneyu_akiiro
1028,akano_murasaki
1029,akanotanin13
1030,akantai
1031,akaoni_(zumt3548)
1032,akapug621
1033,akara_kai
1034,akari_botan
1035,akari_maki
1036,akari_ryuryuwa
1037,akari_seisuke
1038,akariko
1039,akarinnndesu
1040,akariya_kuubu
1041,akasaai
1042,akasabi
1043,akasaka_(qv92612)
1044,akasaka_asa
1045,akasaka_sato
1046,akasaka_yuzu
1047,akasaki_koyo
1048,akasata
1049,akase_rai
1050,akashicelegy
1051,akashieru
1052,akashio_(loli_ace)
1053,akashiro_sen
1054,akasia
1055,akasode_(tyaramu)
1056,akata_itsuki
1057,akatoro_(nightlord)
1058,akatsuki_(akatsukishiki)
1059,akatsuki_(aktk511)
1060,akatsuki_(artakatuki)
1061,akatsuki_(ggsy7885)
1062,akatsuki_(kuon)
1063,akatsuki_(osamaru36)
1064,akatsuki_akane
1065,akatsuki_gomoku
1066,akatsuki_hijiri
1067,akatsuki_hiro
1068,akatsuki_ikki
1069,akatsuki_shimeji
1070,akatsuki_yakyou
1071,akatuki_(yamina)
1072,akausagi
1073,akausuko
1074,akawiro
1075,akaya_(pixiv20545353)
1076,akaya_(rednight_dd)
1077,akaya_shiki
1078,akayama_yukihe
1079,akayan
1080,akaza
1081,akazaki_yasuma
1082,akazaki_yukino
1083,akazawa_kureha
1084,akazawa_red
1085,akazu_kieshi
1086,akazuan_19
1087,akchu
1088,ake_(ake54)
1089,ake_blood
1090,akebi_(kakororo)
1091,akebisousaku
1092,akeboshi_kagayo
1093,akechi_(826988799)
1094,akechi_(akechi_5416)
1095,akechi_shizuku
1096,akefumi
1097,akegata_tobari
1098,akehi_yuki
1099,akeikou
1100,akemisuisai
1101,aken
1102,akenoin_soumon
1103,akesaka_iku
1104,aketa_chika
1105,akeyama
1106,akeyama_kitsune
1107,akgm_(zdcw5853)
1108,aki663
1109,aki_(1360505188)
1110,aki_(aki_k6)
1111,aki_(akikaze_asparagus)
1112,aki_(akisora_hiyori)
1113,aki_(akistrike)
1114,aki_(chromaticclip)
1115,aki_(mare_desiderii)
1116,aki_(mmtghdak)
1117,aki_(neyuki41028)
1118,aki_(sangetusei)
1119,aki_(supekutooru)
1120,aki_(yunkana)
1121,aki_a0623
1122,aki_eda
1123,aki_inu
1124,aki_poi
1125,aki_sakura
1126,aki_zake
1127,akiae_(hayj14)
1128,akiakane
1129,akiamare
1130,akiba_monaka
1131,akibevillage
1132,akichi_360
1133,akie_(44265104)
1134,akieda
1135,akiha_(attract)
1136,akihara_ryou
1137,akihare
1138,akihazama
1139,akihila
1140,akihiro0920
1141,akihitohappy
1142,akihiyo
1143,akihorisu
1144,akika_821
1145,akikan_sabago
1146,akikawa_higurashi
1147,akikaze_cp
1148,akikaze_tsumuji
1149,akikazu_mizuno
1150,akiki_(kiki)
1151,akiko_141
1152,akikusa_peperon
1153,akilico
1154,akimachi
1155,akimaki_yuu
1156,akimikan_(2.5deciliter)
1157,akimoto_(akimomomoto)
1158,akimoto_dai
1159,akina422
1160,akina_(schism)
1161,akina_t
1162,akina_tsukako
1163,akinaie
1164,akinakesu-chan
1165,akinashi_yuu
1166,akinbo_(hyouka_fuyou)
1167,akine_(kuroyuri)
1168,akine_eiri
1169,akino_coto
1170,akino_ell
1171,akino_hamo
1172,akino_irori
1173,akino_kabocha
1174,akino_komichi
1175,akino_ochiba
1176,akino_shin
1177,akino_shuu
1178,akino_sora
1179,akino_subaru
1180,akino_takehiko
1181,akinoji_(akiponpon27)
1182,akinoko
1183,akinoko_(noco916)
1184,akinomiya_asuka
1185,akinoya
1186,akio_(89e)
1187,akio_(akio1124)
1188,akiomi_aiko
1189,akipeko
1190,akipopopopoon
1191,akira-riku
1192,akira_(akira_art_poke)
1193,akira_(aky-la)
1194,akira_(aristole)
1195,akira_(been0328)
1196,akira_(coffee_curry)
1197,akira_(kadokawa)
1198,akira_(kaned_fools)
1199,akira_(meltyhip)
1200,akira_(sayo_dayoo)
1201,akira_(umihan)
1202,akira_(usausa)
1203,akira_(ying)
1204,akira_(yuibnm71)
1205,akira_b
1206,akira_hjk
1207,akira_ituki
1208,akira_kira
1209,akira_miku_ver
1210,akira_shiun
1211,akira_tooru
1212,akira_yoru
1213,akirannu
1214,akirarec
1215,akire_(akireru_shoujo)
1216,akisa_yositake
1217,akisaka_yamoka
1218,akisame_kou
1219,akisame_rizu
1220,akisas99
1221,akisha
1222,akishima_kei
1223,akishisu_(air_balance)
1224,akisoba
1225,akisome_hatsuka
1226,akisora
1227,akisu_k
1228,akisu_karasu
1229,akisuko
1230,akita_hika
1231,akitaka_akita
1232,akitaka_mika
1233,akitaka_takaaki
1234,akitama2727
1235,akiteru_(akiteru98)
1236,akitetsu
1237,akito1218
1238,akito_(ao's_club)
1239,akito_(d30n26)
1240,akito_(sub707)
1241,akitokage
1242,akitsu_mikami
1243,akitsu_taira
1244,akitsuchi_shien
1245,akitsuki_(oenothera)
1246,akitsuki_itsuki
1247,akitsuki_karasu
1248,akitsuki_ria
1249,akiwashi
1250,akiyama0818
1251,akiyama_(yamagoya)
1252,akiyama_cz4a
1253,akiyama_enma
1254,akiyama_kenta
1255,akiyama_nenehisa
1256,akiyama_youkou
1257,akiyasu
1258,akiyoshi_(tama-pete)
1259,akiyoshi_haru
1260,akiyoshi_yoshiaki
1261,akizero1510
1262,akizone
1263,akizora_momiji
1264,akizuki_(17769498)
1265,akizuki_akina
1266,akizuki_hakuto
1267,akizuki_haruhi
1268,akizuki_kawakaze
1269,akizuki_maku
1270,akizuki_ritchan
1271,akizuki_shigure
1272,akizuwa
1273,akka
1274,akke
1275,akke_(akke299)
1276,akkgsyk
1277,akkijin
1278,akkunz
1279,akni
1280,ako_suke
1281,akobeul
1282,akosan
1283,akou_roushi
1284,akovo
1285,akqne
1286,akr_(qpqpqp)
1287,akr_et
1288,akramness
1289,akreon
1290,aksawshin
1291,akthree0
1292,aku_(dejigiga)
1293,akuakuran
1294,akuame_(ring3922)
1295,akubimtcat
1296,akue
1297,akujiki59
1298,akuma_(kishikaisei)
1299,akuma_(st.takuma)
1300,akumesik
1301,akure_ekuto
1302,akuru_(akr369akr)
1303,akusamu
1304,akusema
1305,akutaa
1306,akutagawa_manbou
1307,akuto
1308,akuto_(akuto_desu)
1309,akutsu_(demodori)
1310,akutsu_(yuumi)
1311,akutsumi
1312,akym
1313,akyuun
1314,akziqi
1315,al_(ahr)
1316,al_aoi_aoba
1317,al_guang
1318,alakoala
1319,alalen
1320,alamander
1321,alan_(210bush)
1322,alariko
1323,alaskastomatoez
1324,alayna_danner
1325,albaro
1326,alber
1327,albino_(a1b1n0623)
1328,albyee
1329,alc_(ex2_lv)
1330,alcd
1331,alchemaniac
1332,alchera
1333,alcoholrang
1334,alcxome
1335,aldehyde
1336,alderion-al
1337,aldharoku
1338,ale_(ale_halexxx)
1339,ale_nqki
1340,alecto_0
1341,aleikats
1342,aleksandra_skiba
1343,aleksi_remes
1344,alenka
1345,aleo
1346,aleriia_v
1347,alex_(alexandoria)
1348,alex_(sandora)
1349,alex_ahad
1350,alex_chow
1351,alex_milne
1352,alexa_mahone
1353,alexa_pasztor
1354,alexander_dinh
1355,alexi_(tits!)
1356,alexi_oekaki
1357,alexiel_(pixiv6211566)
1358,alexmaster
1359,alf874
1360,alfarejected
1361,alfie_(tmdals7645)
1362,alfort_(may0508)
1363,algae_(5455454541)
1364,alha
1365,alic_miao
1366,alice-yuki
1367,alice_kei_(lemon-jiru)
1368,alice_vu
1369,aliceblue
1370,alicecoco
1371,alicecrazy
1372,aliceyawnin
1373,alicezakat
1374,alien1452
1375,alien_(psr992)
1376,alien_adviser
1377,alina_l
1378,alios_arvin
1379,alisa_(kuro_no_sakura)
1380,alisa_nilsen
1381,alisame
1382,alisia0812
1383,alison_(alison_airlines)
1384,aliter
1385,alkalilyy
1386,alkemanubis
1387,allcy49
1388,alle_gro
1389,allen.n
1390,allen_skies
1391,allenerie
1392,allenes
1393,allenkung1
1394,allitell
1395,alllisso
1396,allosauc
1397,allymidorikawa
1398,allze
1399,alma01
1400,almic
1401,almico
1402,almondtofu_boy
1403,almoonnn
1404,almostdeadbydawn
1405,almostghost
1406,almualim
1407,aloe_(kenkou3733)
1408,alohayuja
1409,alolan_boy
1410,alone_belm
1411,alonemistrist
1412,alopias
1413,alp
1414,alpaca_carlesi
1415,alpaca_club
1416,alpaitham
1417,alph_(sancheck)
1418,alpha_(yukai_na_nakamatachi)
1419,alpha_beast
1420,alpha_zwei
1421,alphaart
1422,alphabet_(alphabetnoon)
1423,alpharecdyt
1424,alphes
1425,alphonse_(white_datura)
1426,alphy
1427,alracoco
1428,alt_(apou)
1429,alt_(ctrldel)
1430,altas
1431,alten
1432,alter_(kxk7357)
1433,alterkyon
1434,alterlesott
1435,alterrealzero
1436,althea_(sakiya0000)
1437,altheavin
1438,alto-00
1439,alto2019
1440,alto_seneka
1441,altorealize
1442,altronage
1443,alu.m_(alpcmas)
1444,aluce
1445,alumina_(kennmeidesu)
1446,aluo_7762
1447,alva
1448,alva_(artofalva)
1449,alver
1450,alza
1451,am24
1452,am88121
1453,ama-tou
1454,ama_(ama_ekaku)
1455,ama_asagi
1456,ama_mitsuki
1457,ama_rei
1458,amaa_(chou_dennou_jidai)
1459,amaama_(beccyonaika1)
1460,amacha
1461,amachu_a
1462,amada
1463,amado_(amaddo_club)
1464,amado_(shin)
1465,amafuyu
1466,amagaeru_(amapippi052525)
1467,amagaeru_(hylathewet)
1468,amagai_tarou
1469,amagai_yukino
1470,amagami_(makise_tsubaki)
1471,amagami_rukichi
1472,amagamido
1473,amagamip
1474,amagasa_higasa
1475,amagasa_ikuta
1476,amagasa_nadame
1477,amagasa_yun
1478,amagase_lyle
1479,amagaya_(rat-tat-tat)
1480,amagi_(amagi626)
1481,amagi_(volfuji)
1482,amagi_hana
1483,amagi_korona
1484,amagi_shino
1485,amagi_xx
1486,amagimei
1487,amagumo
1488,amaguri_(guri_0330)
1489,amahara_nue
1490,amahara_pekozaemon
1491,amahara_subaru
1492,amai-pai
1493,amai_kuro
1494,amai_melo
1495,amai_nekuta
1496,amaichi_esora
1497,amaimao
1498,amaimi
1499,amaimochi
1500,amairo_zanmei
1501,amaiwashi
1502,amakara_surume
1503,amakarashi
1504,amakawa_akito
1505,amakawa_mayu
1506,amakawa_sakko
1507,amakawa_tamawo
1508,amaki_daisuke
1509,amaki_ruto
1510,amakoke
1511,amakuma
1512,amakura
1513,amakura_(am_as)
1514,amakusa_(hidorozoa)
1515,amakusa_setoka
1516,amakusa_tobari
1517,amamami_prime
1518,amami_amayu
1519,amami_mikihiro
1520,amamine
1521,amamitsu_kousuke
1522,amamiya_(abaros)
1523,amamiya_(re-amamiya)
1524,amamiya_chiharu
1525,amamiya_kabosu
1526,amamiya_marron
1527,amamiya_minato
1528,amamiya_poran
1529,amamiyayk
1530,amamizu_(myofuu_kai)
1531,amamizu_shizuku
1532,amamoru_21
1533,amana_(pocketkey)
1534,amana_raika
1535,amanagi_seiji
1536,amanatsu_yuzuka
1537,amanda_kenny
1538,amane_(7783)
1539,amane_(funfun)
1540,amane_(yukiango69)
1541,amane_hasuhito
1542,amane_hikari
1543,amane_kurumi
1544,amane_ruri
1545,amane_sora
1546,amane_sou
1547,amane_utata
1548,amaneko_(amaneko_y)
1549,amaner
1550,amania_orz
1551,amano_(amano_miko)
1552,amano_ameno
1553,amano_chiharu
1554,amano_cigusa
1555,amano_don
1556,amano_hagoromo
1557,amano_hotaru_(hotaama)
1558,amano_jack
1559,amano_kokoko
1560,amano_kouki
1561,amano_kozue
1562,amano_kusatsu
1563,amano_meme
1564,amano_mitara
1565,amano_saku
1566,amano_sakuya
1567,amano_taiki
1568,amano_uzura
1569,amano_yo-ki
1570,amano_yoshitaka
1571,amano_yuu
1572,amanogwazen
1573,amanone_yun
1574,amanooni_touri
1575,amanoru_mozuku
1576,amanoyayuki
1577,amanuki-san
1578,amarisu
1579,amaroku_neko
1580,amarotamaro
1581,amartbee
1582,amasa_mitsunaru
1583,amasaka_takashi
1584,amasaki_yusuke
1585,amasawa_natsuhisa
1586,amashiro_natsuki
1587,amashoku_jirou
1588,amasora_taichi
1589,amatari_sukuzakki
1590,amatiz
1591,amato_0321
1592,amaton707
1593,amatou_(ko_me_9)
1594,amatsu_amaguri
1595,amatsuji
1596,amatsuki_hotaru
1597,amatsuki_rei
1598,amatuki
1599,amatume111
1600,amatya
1601,amau_(kosmos)
1602,amawa_kazuhiro
1603,amaxa
1604,amaya_enaka
1605,amaya_uw
1606,amayo_thranana
1607,amayofuu
1608,amayomiyu
1609,amayouri
1610,amazio_komeko
1611,amazon_(taitaitaira)
1612,amazou
1613,amazu_(kurozu)
1614,amazuki_jou
1615,amazume_ryuuta
1616,amazuyu_tatsuki
1617,ambasa
1618,amber389
1619,ambulocetus
1620,amco
1621,ame-rain
1622,ame-san
1623,ame.
1624,ame8desu
1625,ame929
1626,ame999
1627,ame_(ame025)
1628,ame_(amechan17391739)
1629,ame_(amemgmgmg)
1630,ame_(conronca)
1631,ame_(metorui)
1632,ame_(uten_cancel)
1633,ame_akira
1634,ame_ame
1635,ame_arare
1636,ame_iru
1637,ame_sagari
1638,ame_usari
1639,ame_yamori
1640,amecha
1641,amedama_(akaki_4207)
1642,amedamacon
1643,amedamaneko
1644,amedan
1645,amedrama
1646,amefukura_art
1647,amefurin
1648,amehatobook
1649,amei_sumeru
1650,ameiarts
1651,ameimo
1652,ameinu
1653,ameiro
1654,amejaga
1655,ameko53133
1656,amekosame
1657,amekudaki
1658,amelie
1659,ameman
1660,amemasu79
1661,amemiya_arikapu
1662,amemiya_ruki
1663,amemura_(caramelo)
1664,ameno_(a_meno0)
1665,amenocchi
1666,amenohi
1667,amenomori_howa
1668,amenosaka_nono
1669,ameoto
1670,ameoto_00
1671,amepa_(ame_pinecandy)
1672,amerika_neko
1673,amerika_zarigani
1674,amesaki_vanilla
1675,amesawa_mokke
1676,ameshizuku_natsuki
1677,ametama_(runarunaruta5656)
1678,ametaro_(ixxxzu)
1679,ameto_yuki
1680,ameya
1681,ameya_(okemu_ame)
1682,ameya_kirika
1683,ameya_nihachi
1684,ameyama_denshin
1685,ameyoii
1686,amezawa_koma
1687,amezuku
1688,amg_(nwmnmllf)
1689,ami_thompson
1690,amiami
1691,amiba00
1692,amiba48
1693,amiba_(nerdamiba)
1694,amibazh
1695,amicis
1696,amicis_(amisic)
1697,amidada
1698,amidasketchbook
1699,amido_(compassion273)
1700,amii
1701,amik0824
1702,amiki_yuzuru
1703,amikoiiko
1704,amikoroyai
1705,amimi
1706,amino_(tn7135)
1707,amino_dopple
1708,aminww_amingming
1709,amiri_ari
1710,amirun
1711,amisu
1712,amiyakinyu
1713,amlichan
1714,ammenite
1715,ammo21204760
1716,ammonio
1717,amo_(shibu3)
1718,amo_(silent_bomb19)
1719,amo_takumi
1720,amochin
1721,amog
1722,amogan
1723,amondetauro
1724,amondo
1725,amonimy
1726,amonitto
1727,amopui
1728,amore1989
1729,amou_mari
1730,amraam120c
1731,amripo
1732,amrita_(amber78gou)
1733,amrkdrw
1734,amu_(258shin)
1735,amu_(m_aa)
1736,amugea
1737,amuii
1738,amuriha
1739,amyu_(amm_asl_pa)
1740,amyucheu
1741,an'no_natsume
1742,an-chan_(ananna0315)
1743,an-telin
1744,an2a
1745,an_fyhx
1746,an_sin
1747,an_yb
1748,ana_(rznuscrf)
1749,ana_(tateana_juukyo)
1750,ana_(vvvvor)
1751,anagumasan
1752,anajudraws
1753,anaketsu
1754,anakoluth
1755,analog_kenshi_(moto)
1756,anapom
1757,anarchojs
1758,anarchy_ptck
1759,anarogumaaa
1760,anaroguya
1761,anato_finnstark
1762,anbasa_(amaneyuz13)
1763,anbe_masahiro
1764,anbe_yoshirou
1765,anbj
1766,anbutter_siruko
1767,anchors_(mono_eye_os)
1768,anchun_(quail0503)
1769,anco_(platanity)
1770,ancolatte_(onikuanco)
1771,ancotaku
1772,ancotsubu
1773,andaerz
1774,andamiro
1775,andanden
1776,andava
1777,anderain
1778,anderson_m0311
1779,andi_1021
1780,andonoz
1781,andou_(sino_spkt)
1782,andou_hiroyuki
1783,andou_shinobu
1784,andou_shuki
1785,andou_tomoya
1786,andou_you
1787,andou_yuna
1788,andreas_rocha
1789,andrew_(duel_angel)
1790,andrew_mytro
1791,andrewcockroach
1792,andrian_januar_adilia
1793,andro_juniarto
1794,andy2465
1795,andychen
1796,andyface
1797,ane
1798,ane-suisei
1799,ane_hoshimaru
1800,aneco_(westsea1227)
1801,anegawa_eiji
1802,anemia_kwus
1803,anesaki
1804,anesaki_dynamic
1805,aneurysm_ax
1806,ang
1807,angdo_(kakajo26)
1808,ange_(angeban93)
1809,angel31424
1810,angel_glitch
1811,angelchama
1812,angeldu
1813,angeldust
1814,angelica_(k3lly)
1815,angellyuna
1816,angiethecat
1817,anglediana
1818,angoha
1819,angon623
1820,anhao1224
1821,anho
1822,ani_(aniya)
1823,ani_019
1824,ani_lu
1825,anianiani0607
1826,aniao_ya
1827,anibache
1828,anichika
1829,anidante
1830,anidf
1831,anidler91
1832,anientte
1833,anima_(togashi)
1834,anima_miko
1835,animahakim
1836,animal_ears_(norankkori)
1837,animanghayo
1838,animeflux
1839,aningay
1840,anisdrawn
1841,anizi
1842,anjerain
1843,anjingkuxiao
1844,anju_(mocomocousagi)
1845,anjuro_zeeku
1846,ankai_(rappelzankai)
1847,ankea_(a-ramo-do)
1848,ankie_(ankys_)
1849,ankkoyom
1850,anko1127
1851,anko_(kirikiri)
1852,anko_(renzao19823)
1853,anko_kinako
1854,ankodesoy
1855,ankoiri
1856,ankoku_emu_shougun
1857,ankoku_kishi_m
1858,ankoku_tiger
1859,ankoman
1860,ankoro
1861,ankoro_mochi
1862,ankoromochi
1863,anku
1864,anli_(jwcpp4sum0mgk5r)
1865,anmi
1866,anming
1867,anmita_(rarutos)
1868,anmochi_mochi
1869,ann606
1870,ann_(ann58533111)
1871,ann_(enye5842)
1872,anna_(aannnaa3)
1873,anna_(drw01)
1874,anna_(small_night)
1875,anna_o_renko
1876,annasassiart
1877,annasui_factory
1878,annerica
1879,anni_minto
1880,annidrw
1881,anniechromes
1882,annin_cha
1883,annin_musou
1884,annindofu_umaaa
1885,annindoufu_(oicon)
1886,annlee
1887,annlin
1888,annlu_vazzel
1889,annnnq
1890,annno_ans
1891,anno88888
1892,anno_(yukikaze_08)
1893,anno_masato
1894,anno_meiji
1895,annosada
1896,announ_(kurotya)
1897,annshiro76
1898,anntan
1899,anny_(yoai)
1900,annyui
1901,ano54
1902,ano_(gccx8784)
1903,ano_(sbee)
1904,ano_hito
1905,anoa
1906,anocurry
1907,anoko_(darenokoanoko)
1908,anonymous_(japanese)
1909,anonymous_(nijisanji)
1910,anonymous_(yu-gi-oh!)
1911,anonymous_drawfag_(artist)
1912,anoreika_tomoe
1913,anoshabu
1914,another_story
1915,anotsugini_kuruji
1916,anouetto
1917,anoyo_(anoyode0)
1918,anparu
1919,anpolly
1920,anpsart
1921,anshinmama
1922,anstatic
1923,answering
1924,antares_topaz
1925,antaria
1926,anteiru
1927,antenna_(draconian)
1928,anthiea
1929,anthonykaen
1930,anti_(0324)
1931,anti_(untea9)
1932,anti_kumo
1933,antilous
1934,antinese
1935,antiqq
1936,antiquewhite
1937,antweiyi
1938,anubriel_lunabrie_shadowlight
1939,anuttsuii
1940,anxflower
1941,any_(lucky_denver_mint)
1942,any_(trueblue)
1943,anyacchi
1944,anyannko
1945,anygatsby
1946,anyotete
1947,anyuu
1948,anywhere_knock
1949,anz_(starry)
1950,anza_tomo
1951,anzekeye
1952,anzen_robo_(474zz)
1953,anzi
1954,anzou_kunko
1955,anzu0130
1956,anzu_(01010611)
1957,anzu_(o6v6o)
1958,anzu_(x_anzu_ill)
1959,anzu_1026
1960,anzu_ame
1961,anzu_yotsuba
1962,anzumame
1963,ao+beni
1964,ao-shiba
1965,ao-yume
1966,ao12073010
1967,ao_(ao0_0nemu)
1968,ao_(aoblueao)
1969,ao_(aocooler)
1970,ao_(aymr6215)
1971,ao_(chung0u0)
1972,ao_(flowerclasse)
1973,ao_(mintz)
1974,ao_(sodalite)
1975,ao_(time-leap)
1976,ao_(user_xcnx5328)
1977,ao_(yashuring)
1978,ao_6336
1979,ao_banana
1980,ao_desu2222
1981,ao_fujimori
1982,ao_haruki
1983,ao_hito
1984,ao_homura
1985,ao_iro
1986,ao_jun
1987,ao_komhur
1988,ao_kotoha
1989,ao_madoushi
1990,ao_o81
1991,ao_oni_(onioni-aoi)
1992,ao_ringo
1993,ao_tanuki
1994,ao_tsukushi
1995,ao_usagi
1996,aoaso
1997,aoba_(akibajun)
1998,aoba_(kona)
1999,aoba_(smartbeat)
2000,aobahosino
2001,aobara1101
2002,aobara_hairi
2003,aobasuta100
2004,aobe_mahito
2005,aobito_sukoyaka_bystander
2006,aoblue
2007,aochoku
2008,aodu_fumiyoshi
2009,aogaeru_(pixiv46613656)
2010,aogami
2011,aogiri_penta
2012,aogiri_sei
2013,aogirism
2014,aogisa
2015,aoguu
2016,aoha_(twintail)
2017,aohane
2018,aohashi_ame
2019,aoi_(altea0923)
2020,aoi_(annbi)
2021,aoi_(aoisaka)
2022,aoi_(husiginokuninoa)
2023,aoi_(kirabosi105)
2024,aoi_(kiyokiyoaomushi)
2025,aoi_(yooo009)
2026,aoi_13
2027,aoi_choko_(aoichoco)
2028,aoi_hane
2029,aoi_hiro
2030,aoi_kanan
2031,aoi_kujira
2032,aoi_kumiko
2033,aoi_manabu
2034,aoi_masami
2035,aoi_mitsuru
2036,aoi_nagisa_(metalder)
2037,aoi_ogata
2038,aoi_rena
2039,aoi_renji
2040,aoi_riko
2041,aoi_rokushou
2042,aoi_ryo
2043,aoi_sakura_(seak5545)
2044,aoi_sakurako
2045,aoi_suzu
2046,aoi_takeru
2047,aoi_tete
2048,aoi_thomas
2049,aoi_tiduru
2050,aoi_tooru
2051,aoi_tori
2052,aoi_usagi
2053,aoi_yugina
2054,aoi_yun
2055,aoi_yuuji
2056,aoi_yuuka_(ao_no_kokoro)
2057,aoi_zerii
2058,aoiabyss
2059,aoiakira553
2060,aoikito_lavender086
2061,aoilio
2062,aoin
2063,aoinagi
2064,aoinu
2065,aoinu_(aoinu_99)
2066,aoiro_(t_aoiro123)
2067,aoiro_050
2068,aoiro_arts
2069,aoiro_oto
2070,aoitsuki
2071,aoiyui
2072,aojiru
2073,aojiru_(shiro_to_kuro_no_mukyou)
2074,aojiru_oisiiiii
2075,aokamei
2076,aokarasu_punko
2077,aokaze_(mimi_no_uchi)
2078,aoki_(fumomo)
2079,aoki_kanji
2080,aoki_shin
2081,aoki_shizumi
2082,aoki_ume
2083,aokihoshi
2084,aoko_(myut7287)
2085,aokukou
2086,aokura_shou
2087,aoma_(xuanzexuexi)
2088,aoman_de_cangshu
2089,aomaru_(shta-chu-jisuiai)
2090,aomattya
2091,aomi_one
2092,aomidori_iro
2093,aomiya_souju
2094,aomon_(yuuji7604)
2095,aomoro
2096,aomushi_(mushamusha)
2097,aomushi_taro
2098,aona_(anagasaki)
2099,aona_(noraneko)
2100,aonaga_heri
2101,aonagi_ibane
2102,aoneco
2103,aonegi
2104,aonik
2105,aono3
2106,aono_(aonocrotowa)
2107,aono_(f_i_s)
2108,aono_99
2109,aono_meri
2110,aono_nachi
2111,aono_ribbon
2112,aono_yami
2113,aonoe
2114,aonogura
2115,aonoji
2116,aonome
2117,aononchi
2118,aonori_misuji
2119,aonu_koru
2120,aopanda
2121,aora
2122,aoraine
2123,aoria
2124,aorin_oekaki
2125,aoringo_orin
2126,aos
2127,aosa_(aosadegowasu)
2128,aosa_(michikusakan)
2129,aosaki_yato
2130,aosaki_yukina
2131,aoseagrass
2132,aoshima
2133,aoshima_sakana
2134,aosiro-michi
2135,aosode
2136,aosora2823
2137,aosora_(mizore)
2138,aosora_kamiya
2139,aosora_neko
2140,aospanking
2141,aosuke_(ayakawa_akito)
2142,aot.
2143,aotake_iro
2144,aotan_(aorin114)
2145,aoten
2146,aoten_(aoiroarekore)
2147,aoto_mei
2148,aotori
2149,aotsu_karin
2150,aotsuba
2151,aotsuki_kaoru
2152,aotsuki_takao
2153,aouji
2154,aouma
2155,aoya_(ayoyame18)
2156,aoyagi_(ao0701yagi)
2157,aoyagi_neko
2158,aoyama_akira
2159,aoyama_reo
2160,aoyashio_rin
2161,aozaku_(hatake_no_niku)
2162,aozora_kyuuji
2163,aozora_market
2164,aozora_nan
2165,aozora_taf
2166,aozoraichi
2167,aozukikawasemi
2168,ap04astral
2169,ap5ry
2170,ap_bar
2171,ap_cammy
2172,apapico
2173,apapo
2174,apios
2175,apita_(apitaro)
2176,aplche
2177,aplerichi
2178,apo_(apos2721)
2179,apo_518
2180,apoidea
2181,apollo_(hu_maple)
2182,apollo_(pixiv884782)
2183,apollo_hotori
2184,apoloniodraws
2185,apopo
2186,aposine
2187,apostle
2188,appi
2189,apple-boy
2190,apple_(ygbhjdbiulsg)
2191,apple_brk
2192,apple_caramel
2193,apple_da-ze
2194,apple_ringo
2195,appleale19
2196,appleblossomtea
2197,applechoc
2198,applekun
2199,applepie_(12711019)
2200,appleq
2201,appleseed_(appleseed_art)
2202,apt
2203,aqa
2204,aqinorz
2205,aqua_hisui
2206,aqua_inc.
2207,aqua_marine_(aqua000marine)
2208,aquamarine
2209,aquamarinu
2210,aquanut
2211,aqueasirius
2212,aquilar
2213,ar-gand
2214,ar_(3779609928)
2215,ar_(lover_boy)
2216,ar_(maeus)
2217,ar_(rikuesuto)
2218,ara1e
2219,ara_(sora-ageha)
2220,arablue
2221,arachnart
2222,araco
2223,arada_(corsair_zero)
2224,arado_balanga_(xchd7538)
2225,aragiken
2226,aragon_honnin
2227,arahiko
2228,arai_12
2229,arai_ako
2230,arai_bokuseki
2231,arai_harumaki
2232,arai_hiroki
2233,arai_kei
2234,arai_kuma
2235,arai_sumiko
2236,arai_togami
2237,araido_kagiri
2238,araiguma
2239,araimooah
2240,araiyme
2241,araizumi_rui
2242,arakan
2243,arakawa_(aintnoroom)
2244,arakawa_hiromu
2245,arakawa_tarou
2246,araki495
2247,araki_(qbthgry)
2248,araki_hirohiko
2249,araki_jeccy
2250,araki_kanao
2251,arakure
2252,aramachi
2253,aramaki_shinji
2254,aramaru
2255,arami_o_8
2256,aramori_susumu
2257,aranagi_(arng_4401)
2258,aranami_shibuki
2259,araneesama
2260,arano_oki
2261,arapanchi
2262,arapi
2263,araragi_ayune
2264,araragi_soushi
2265,arashiki_mamizu
2266,arashiko_falcom
2267,arashiomoto
2268,arashiya
2269,arata
2270,arata_(xin)
2271,arata_iri
2272,arata_ryou
2273,arata_toshihira
2274,aratagawa_nikei
2275,aratake
2276,aratakosu_(tako's)
2277,aratama_(a-tama)
2278,aratami_isse
2279,arato_asato
2280,arawi_keiichi
2281,araya_(hachino_araya)
2282,arayama_reiichi
2283,arayuki_(sakurafubuki)
2284,arbbun
2285,arbiter1
2286,arbuz_budesh
2287,arc2urus
2288,arc_draws
2289,arcedo
2290,arceonn
2291,arch_05x
2292,arch_a4
2293,archibald_(adahalt389zp)
2294,archienemy
2295,archinoer
2296,archlich
2297,archstreal
2298,archvermin
2299,arcie_albano
2300,ardenlolo
2301,ardnades
2302,arduina_(arduin_art)
2303,are_(arearee)
2304,areaaaron
2305,arehoko
2306,arekishi_raiho
2307,areno
2308,arepko
2309,arestear0701
2310,aretokasoretoka
2311,argule0901
2312,arhah
2313,arhentol
2314,ari_(bleum)
2315,ari_don
2316,ari_hinoko
2317,aria_(koiiroharemoyou)
2318,aria_(okuda08808008)
2319,aria_(opera)
2320,aria_pkmn
2321,arialla_draws
2322,ariamikukanzaki
2323,arianaleonardo
2324,ariaridoradora
2325,ariatorai
2326,arice487
2327,aridamikannn
2328,aridonall
2329,ariekochan
2330,ariel23795
2331,ariesu_watanabe
2332,ariga_hitoshi
2333,ariga_nao
2334,ariga_tou
2335,arigato_(rmskrtkdlqj)
2336,arigiep
2337,arihara_ema
2338,arikalovesyou2
2339,arikanrobo
2340,arikawa_rui
2341,arikawa_satoru
2342,arikindows10
2343,ariko
2344,ariko_(aaaaarik)
2345,ariko_youichi
2346,arikomen
2347,arikuigames1105
2348,arim0k0
2349,arima_(arima_bn)
2350,arima_keitarou
2351,arima_kouichi
2352,arima_natsubon
2353,arimatang
2354,arimon_(dfrgty12)
2355,arimoto_wataru
2356,arimura_yuu
2357,arin66
2358,arin_(1010_ssu)
2359,arin_(fanfan013)
2360,arina_nary
2361,arind_yudha
2362,arino_hiroshi
2363,arinotowatari
2364,arinsu_(kodamamaimai)
2365,arinu
2366,ario
2367,arion_canvas
2368,arios_(orochi_yuta)
2369,arisa_(aren)
2370,arisaka_ako
2371,arisakak_(valshun1225)
2372,arisaki_(cnxy7525)
2373,arisato_yui
2374,ariso_kaoru
2375,arisu_kazumi
2376,arisue_kanako
2377,arisue_tsukasa
2378,arisugawa_bii
2379,arisugawa_ya
2380,arisuke_(natuyan)
2381,arito_arayuru
2382,aritoki_ritsu
2383,aritsuno
2384,ariverkao
2385,ariyon
2386,ariyoshi_gen
2387,arizdigitalart
2388,arizuka_(catacombe)
2389,arjent
2390,ark1478
2391,ark_(morita_hitomi)
2392,ark_evil02
2393,ark_ford
2394,ark_john_up
2395,ark_kan
2396,arka91
2397,arkapami
2398,arkas
2399,arkatopia
2400,arkfield
2401,arkiwi
2402,arkray
2403,arkuny
2404,arl
2405,arlcn_(arlcn_1115)
2406,arlene_(ju)
2407,arlizi
2408,arlmuffin
2409,arlonn
2410,armcho
2411,arme_(cgsy7484)
2412,armedshipyard
2413,armeria
2414,arnest
2415,arnkun
2416,arnold-s
2417,arnoul
2418,aro
2419,aro_(charged_time_out)
2420,aro_1801
2421,aroa_(aroamoyasi)
2422,arobiro
2423,aroevela
2424,aroha252538
2425,aroha_j
2426,aroma_sensei
2427,aron_e
2428,arong
2429,aroon
2430,arou_(arrow_x666)
2431,arowana2111
2432,arpeggio_kaga
2433,arqa
2434,arrax_(wdah8558)
2435,arrcticc_fish
2436,arril100
2437,arrow_(tamawo222)
2438,arrrrrry1
2439,arsenixc
2440,arsh_(thestarwish)
2441,arsum0731
2442,art_mu
2443,art_of_neight
2444,artanis69xd
2445,artastiq
2446,artelsia
2447,arteslav
2448,artezahn
2449,arthur_ko
2450,artina
2451,artisticjinsky
2452,artnip
2453,artnohearts
2454,artofhuan
2455,artofkuzu
2456,artofmiin
2457,artsheops
2458,artsy-rc
2459,arttoru
2460,arturaxia
2461,artwolfaja
2462,artworksmil
2463,aru16
2464,aru_(abyssinia)
2465,aru_(arudes)
2466,aru_(citrine_drplt)
2467,aru_aru
2468,aru_iru
2469,aru_ra_une
2470,arua
2471,aruciii
2472,aruco_co
2473,arudebido
2474,arudente_(einisikawaiiyo)
2475,arufa_(hourai-sugar)
2476,arugeri
2477,arugou
2478,aruk
2479,aruka
2480,aruka_(alka_p1)
2481,aruke_(gter7727)
2482,arukiru
2483,aruma_(sawayaka_tokuko_miruku)
2484,aruma_jiki
2485,aruman
2486,aruminsuko
2487,arumu
2488,aruni
2489,aruse_yuushi
2490,arusuko
2491,arutarika_(ri_kaoekaki)
2492,aruti
2493,aruto_(shake_onigiri)
2494,arutopian
2495,arutoria
2496,arutoria_(187497382)
2497,aruva
2498,aruya_(flosrota)
2499,arvalis
2500,arya_(tianhua)
2501,arya_melati
2502,arykei
2503,aryuma772
2504,aryus
2505,as'maria
2506,as-zero
2507,as109
2508,as4gi
2509,as_(ashyblown)
2510,as_buppa
2511,asa_(1asa-0-asa1)
2512,asa_(coco)
2513,asa_(swallowtail)
2514,asa_(teng_zi)
2515,asa_(xametaler)
2516,asa_ifrit_(asaifrit)
2517,asa_inu
2518,asa_me_daiki
2519,asa_ni_haru
2520,asa_no_ha_(awayuki)
2521,asaba_yuu
2522,asada7101
2523,asada_sadao
2524,asaga_aoi
2525,asagao_minoru
2526,asagi1111
2527,asagi_(banzoku210)
2528,asagi_(kabocha_oukoku)
2529,asagi_nanami
2530,asagi_nanase
2531,asagi_yuna
2532,asagina_gi
2533,asagiri_ai
2534,asagiri_kogen
2535,asagizuisen
2536,asagon007
2537,asahana_jun
2538,asahi_(fullmetal_madness)
2539,asahi_(ge_nyu)
2540,asahi_(uwa)
2541,asahi_(vjss4548)
2542,asahi_(zabaniyan)
2543,asahi_kuroi
2544,asahi_rise
2545,asahi_tsujino
2546,asahikawa_hiyori
2547,asahimachi
2548,asahina
2549,asahina_hikage
2550,asahina_yori
2551,asahiru_ban
2552,asai_(00_05)
2553,asai_genji
2554,asai_ichiko
2555,asai_makoto
2556,asaikaina
2557,asaikeu
2558,asaka_haru123
2559,asakawa_(outeq)
2560,asakawa_remon
2561,asakawa_shinka
2562,asake_ameji
2563,asaki_(asaki_vision)
2564,asaki_takayuki
2565,asaki_yuki
2566,asakiri_koko
2567,asakirirokuyu
2568,asako_(itiba)
2569,asakoline
2570,asakou_(n_morninglight)
2571,asakura_(asa_t77)
2572,asakura_aoshi
2573,asakura_haru
2574,asakura_hayate
2575,asakura_kukuri
2576,asakura_maru
2577,asakura_masatoki
2578,asakura_noi
2579,asakura_sakura
2580,asakurashinji
2581,asamaru1225
2582,asame21
2583,asameshi
2584,asami-chan
2585,asami_asami
2586,asami_yuriko
2587,asami_yurumu
2588,asamiyajy
2589,asamura_hiori
2590,asana
2591,asana_tsukune
2592,asanagi
2593,asanagi_kurumi_(panda-doufu)
2594,asanagi_shion
2595,asanaya
2596,asano_(kazusasn)
2597,asano_kazunari
2598,asano_shimon
2599,asanogawa_(tutufcc)
2600,asanome
2601,asanuma
2602,asao_(vc)
2603,asaoka_(0x0)
2604,asari_(ikite_oshi)
2605,asarime
2606,asashin_(asn)
2607,asashin_(kazami-tomo)
2608,asasow
2609,asatani_tomoyo
2610,asatsuki_(fgfff)
2611,asatte_3z
2612,asava_(hutaitenn)
2613,asawa_(dm_owr)
2614,asaya_minoru
2615,asazuke25
2616,asazuki_kanai
2617,asazuki_norito
2618,asc11
2619,asdf1211950
2620,asdj
2621,ase_(nigesapo)
2622,aseiusx
2623,asekeu
2624,asgr
2625,asgykk
2626,ash_(cat7evy)
2627,ash_(pixiv53802)
2628,ashashio
2629,ashermes
2630,ashfair
2631,ashi_(dongshi389)
2632,ashi_izumo
2633,ashi_ura
2634,ashida_yuri
2635,ashika_(yftcc948)
2636,ashima_takumi
2637,ashiminoe
2638,ashina_merou
2639,ashinagi_(bijutu1)
2640,ashinamaturi
2641,ashinano_hitoshi
2642,ashino
2643,ashino_moto
2644,ashinowoto
2645,ashioka_kuraco
2646,ashiomi_masato
2647,ashiroku_(miracle_hinacle)
2648,ashishun
2649,ashisi
2650,ashita_(2010)
2651,ashita_kura
2652,ashita_wa_hitsuji
2653,ashita_yaru
2654,ashitaba_kemo
2655,ashitaba_tomorou
2656,ashiwara_yuu
2657,ashiya_hiro
2658,ashiya_kouhei
2659,ashiyama_yoshinori
2660,ashiyu_(ashu-ashu)
2661,ashizuki
2662,ashleyloob
2663,ashraely
2664,ashu
2665,ashujou
2666,ashva
2667,asicah
2668,asimo953
2669,asimo_(hakurei10201)
2670,asiri_senpai
2671,asisuki
2672,ask_(askzy)
2673,askr_(mymy)
2674,asle
2675,asn_s
2676,asobi_nin
2677,asoka
2678,asou_(asabu202)
2679,asou_shin
2680,aspara
2681,asphyxia17
2682,assha_(schector)
2683,ast
2684,astelia
2685,aster_crowley
2686,asteria_(driftingprhp)
2687,asterisk_(asterism)
2688,asterisk_kome
2689,asteroid_ill
2690,asterozoa
2691,astg
2692,astor_alexander
2693,astraea_(atelierastraea)
2694,astraea_f
2695,astrayin
2696,astrocatsama
2697,astroglia_cyte
2698,astruma2
2699,asu_(asoras)
2700,asu_hare
2701,asuda
2702,asuima
2703,asuka_(junerabitts)
2704,asuka_gin
2705,asuka_keisuke
2706,asuka_rkgk
2707,asuka_shirou
2708,asukaru_(magika_ru)
2709,asuma_(hanezu)
2710,asuma_shin
2711,asumi_(000)
2712,asuna_(doruru-mon)
2713,asuna_(i_luv)
2714,asura_(asr4000)
2715,asura_(asurauser)
2716,asurada_yui
2717,asure_(asure_twi)
2718,asususususu
2719,asutarou
2720,asutora
2721,asutorii
2722,asutoro_(s--t)
2723,asuzemu
2724,asya
2725,asyura_kumo
2726,at2.
2727,at_classics
2728,ata-zhubo
2729,ata_(tsumari)
2730,atage
2731,atahuta
2732,atair
2733,ataka_takeru
2734,atamadarurun
2735,atamonica
2736,ataru_(7noise)
2737,ataru_(ataru-littlebird)
2738,ataru_(cha2batake)
2739,ataruman
2740,atatatamu
2741,atatatatame01
2742,atawatsho
2743,atcesolcyc
2744,atchy
2745,ateka
2746,atelier-moo
2747,atenaba
2748,ateoyh
2749,atg_(wttoo0202)
2750,atha_(leejuiping)
2751,athena_av
2752,athenawyrm
2753,athrun1120
2754,athyra
2755,atiarta7
2756,aticsanir
2757,atie1225
2758,aties20
2759,atkm2
2760,atoatto
2761,atodashi
2762,atoki
2763,atom_(@tom)
2764,atom_b
2765,atomic15
2766,atomicmrshmallw
2767,atomix
2768,aton_(user_kufr5245)
2769,atori
2770,atorie
2771,atorosu
2772,atoroux
2773,atoshi
2774,atou_rie
2775,atoymk
2776,atric18
2777,ats_(ats2nd)
2778,atsajh
2779,atsuage_(kakinop)
2780,atsumi_jun
2781,atsumi_tomoya
2782,atsumi_yoshioka
2783,atsumisu
2784,atsushi_(aaa-bbb)
2785,atsushima
2786,atsutoku
2787,atte_nanakusa
2788,atto_silia
2789,attsun_(atsushi_jb)
2790,attyon
2791,atychi
2792,au11
2793,au_(d_elete)
2794,aubz
2795,audirenze
2796,auer
2797,auge_(akd)
2798,augetsix
2799,augu_(523764197)
2800,auguste
2801,aukives
2802,auko
2803,aumann
2804,aura_(a440)
2805,aura_(aurapls)
2806,auraaa
2807,aurahack
2808,aurastack
2809,aurora_(aurawra21)
2810,auru_t
2811,aus_vaka
2812,austsue
2813,autism_wanderer
2814,auto_ins
2815,automatic_giraffe
2816,autumn-north
2817,autumn-sacura
2818,autumnlll
2819,auui
2820,auzenhaito
2821,avant_garde_(artist)
2822,aventador
2823,average-hanzo
2824,aviary
2825,avogado6
2826,awa
2827,awa_(awao141)
2828,awa_(bihidasu)
2829,awa_iro
2830,awa_suna
2831,awa_toka
2832,awa_yume
2833,awabuta
2834,awachi
2835,awai880
2836,awai_shiro
2837,awaji
2838,awaji_(hotel_kyuu_awaji)
2839,awakeningdog
2840,awakoto_(awakotoya)
2841,awakumo
2842,awan0918
2843,awan_raccoon
2844,awara_kayu
2845,awarin
2846,awarinko
2847,awata_mokane
2848,awatake_takahiro
2849,awaya_yawako
2850,awayuki_ramika
2851,awayuki_tobari
2852,awazake_(2wairu)
2853,awe_(adorableduckyy)
2854,aweida
2855,awesomeerix
2856,awnw
2857,awokani
2858,awono_nanaumi
2859,axasempai
2860,axe_r18
2861,axia-chan
2862,axianorange
2863,axleaki
2864,axylon
2865,ay_(1054105084)
2866,aya-cis
2867,aya02ka
2868,aya_(lezon)
2869,aya_(min412)
2870,aya_carmine
2871,aya_chan1221
2872,aya_shachou
2873,aya_shiro423
2874,aya_shobon
2875,aya_tori
2876,ayacchirin
2877,ayachanman
2878,ayachin
2879,ayacho
2880,ayagi_daifuku
2881,ayaha_4780828
2882,ayahi_4
2883,ayakadegozans
2884,ayakase_hotaru
2885,ayakase_riberi
2886,ayakashi_(monkeypanch)
2887,ayakawa_riku
2888,ayakaze_ryuushou
2889,ayaki
2890,ayaki_blade
2891,ayakichi
2892,ayakumo
2893,ayakura_juu
2894,ayama_nano
2895,ayama_yuiya
2896,ayamal_(mainichi_ryokucha)
2897,ayamame
2898,ayamatazu
2899,ayame_(3103942)
2900,ayame_(no_ohana)
2901,ayame_hashinimasen
2902,ayame_iro_(toumei_dolce)
2903,ayami_chiha
2904,ayamisiro
2905,ayamo_kaoru
2906,ayamori_mimi
2907,ayamoto
2908,ayamy
2909,ayan_(1593817922)
2910,ayan_ip
2911,ayanakitori
2912,ayanashi_kunio
2913,ayanepuna
2914,ayanero_taicho
2915,ayano_(ayn398)
2916,ayano_(katou)
2917,ayano_naoto
2918,ayano_yuu_(sonma_1426)
2919,ayanobro
2920,ayanue
2921,ayaoshiro
2922,ayasaka
2923,ayasato_karen
2924,ayase-mio
2925,ayase_aria
2926,ayase_hazuki
2927,ayase_hikaru
2928,ayase_tamaki
2929,ayase_yuuki_(mikan_mochi)
2930,ayasugi_tsubaki
2931,ayatak0517
2932,ayataka
2933,ayatan-kiri
2934,ayateaori
2935,ayato
2936,ayato_mabu
2937,ayatoki-1
2938,ayatori_(aytr)
2939,ayatori_(sensei_heroism)
2940,ayatsuki_hina
2941,ayatsuki_sugure
2942,ayaya
2943,ayaya_(ayaya_ri)
2944,aygoftenover
2945,aym_(ash3ash3ash)
2946,aymusk
2947,ayn_(ayn_kau)
2948,aynoh
2949,ayo_(ayosanri009)
2950,ayo_rimaisu
2951,ayomo_ro
2952,aytsmith
2953,ayu_(ayu_illustrate)
2954,ayu_(iyokanya)
2955,ayu_(mog)
2956,ayuanlv
2957,ayuayu_(chisuke_ayu)
2958,ayuayu_(shouyu_no_sato)
2959,ayuhara_hiiro
2960,ayuka
2961,ayukko_(forest_village)
2962,ayuko91
2963,ayuko_(ayuco)
2964,ayuko_(ayuko54bornthisway)
2965,ayul_(ayulneri_92)
2966,ayuma_sayu
2967,ayuman
2968,ayumaru_(art_of_life)
2969,ayumi_(830890)
2970,ayumi_tooru
2971,ayumu-k
2972,ayumu_(ayumu3659)
2973,ayus4534
2974,ayuteisyoku
2975,ayuyaki
2976,ayya_sap
2977,ayyh
2978,ayyk92
2979,az'ruler
2980,az0212
2981,az79709363
2982,az_(shotatteiiyone)
2983,az_(zero_glvimayhop)
2984,az_toride
2985,azaka_(rionrita)
2986,azami_masurao
2987,azana
2988,azarashi6
2989,azarashi_(azrsot)
2990,azarashing_day
2991,azasuke
2992,azaya_(kuroi_azaya)
2993,azazel1944
2994,azbchan1221
2995,azel_(laevateinn495)
2996,azelweien
2997,azema
2998,azen_(mntimcczgrtn)
2999,azezazel
3000,azha8
3001,azibuda
3002,azisaiharumaki56
3003,azit_(down)
3004,azitama_atsushi_(attyuu)
3005,azitsukeniku
3006,azkn
3007,azmira1534815
3008,azmodan
3009,azna
3010,azolitmin
3011,azomo
3012,aztodio
3013,azu
3014,azu-taro
3015,azu_(azu401)
3016,azu_(azusayumix)
3017,azu_(kirara310)
3018,azu_ankoowl
3019,azuazu_0405
3020,azuazuazu19
3021,azuhira
3022,azuki-iro
3023,azuki_(az_my)
3024,azuki_(azuki-taste)
3025,azuki_(azuki_azukki)
3026,azuki_(azuki_shot)
3027,azuki_(lizzy)
3028,azuki_akizuki
3029,azuki_osamitsu
3030,azuki_yui
3031,azukiharuta_ju
3032,azukiko
3033,azukilib
3034,azuko_(@zuco)
3035,azulasi
3036,azuma_(azuma10270724)
3037,azuma_(magi-inazuma)
3038,azuma_(no488888)
3039,azuma_(sospower73)
3040,azuma_aya
3041,azuma_ezu
3042,azuma_hatori
3043,azuma_hideo
3044,azuma_kei
3045,azuma_kiyohiko
3046,azuma_mayumi
3047,azuma_minatsu
3048,azuma_sawayoshi
3049,azuma_seiji
3050,azuma_shino
3051,azuma_takeshi_(andon_kandelaar)
3052,azuma_toh
3053,azuma_yasuo
3054,azuma_yuki
3055,azuma_yukihiko
3056,azuman
3057,azumawari_(azumofu)
3058,azumaya_(miyui001)
3059,azumaya_hironaru
3060,azumaya_toushirou
3061,azumi_(myameco)
3062,azumi_akitake
3063,azumi_inori
3064,azumi_kazuki
3065,azuminonomizua
3066,azumishard
3067,azumo_momo
3068,azure_(capriccio)
3069,azure_luna
3070,azure_meraki
3071,azure_silan
3072,azuresakura
3073,azusa_(azchemist63)
3074,azusa_(azunyan12)
3075,azusa_(azusa0325)
3076,azusa_(hws)
3077,azusa_hina
3078,azusayumi_meme
3079,azuse_neko
3080,azuumori
3081,azuuru
3082,azz0422
3083,azzalea
3084,azzz_(7334080)
3085,b-ginga
3086,b-man
3087,b-pang
3088,b-saku
3089,b-tsukael
3090,b.c.n.y.
3091,b.d
3092,b.ren
3093,b.sa_(bbbs)
3094,b.t._(boob_tong)
3095,b.tarou
3096,b1ack_illust
3097,b1ue_e4rth
3098,b3
3099,b3b
3100,b6_(b6_n2)
3101,b9pqpy
3102,b_(kana0816)
3103,b_(papiopine)
3104,b_(wldms6650)
3105,b_0_rukia
3106,b_ga
3107,b_nosk101
3108,b_qpyz
3109,b_rock
3110,b_suke
3111,b_zhan_cm_yang
3112,ba_fed_kitaku
3113,baakurou
3114,baanin
3115,baariya
3116,baasaku_(balasaku24)
3117,baba_(baba_seimaijo)
3118,baba_arumi
3119,baba_kanade
3120,baba_kirika
3121,bababababan
3122,bababaeki00
3123,babalilo
3124,babamba
3125,babigonice
3126,babykatafan
3127,babyseven_77
3128,babywipes
3129,bacheally
3130,bacher
3131,bachera
3132,bachibachi_(tisen)
3133,bacho
3134,bacius
3135,bacon_strips
3136,bacun
3137,bada_(jksh5056)
3138,badai
3139,badamon
3140,badcompzero
3141,badlavender
3142,badluck2033
3143,badnick69_(camchi)
3144,bae.c
3145,bae_(baebae)
3146,baeg_mi
3147,baegji13
3148,baek_ban
3149,baek_hyang
3150,baerun
3151,bafarin
3152,baffu
3153,bag_(chrko_bag)
3154,bagelbomb
3155,bahao_diqiu
3156,bahun0919
3157,bai_lao_shu
3158,bai_linqin
3159,bai_qi-qsr
3160,bai_rui
3161,bai_xin
3162,baicha
3163,baicha_oqqa
3164,baifeidaiwang
3165,baige0
3166,baiguiyu
3167,baihua_er
3168,baijiin_poison
3169,bail
3170,baila_kuangzi
3171,baileymcpatty
3172,baileys_(tranquillity650)
3173,bailingxiao_jiu
3174,bails
3175,baimeme
3176,baiola
3177,bairizuomeng
3178,baisi_shaonian
3179,baiwei_er_hao_ji
3180,baiyinzhideng
3181,baizu_(guszx)
3182,baji_toufuu_(bajitohfu)
3183,bajou_takurou
3184,bak_pep
3185,baka-man
3186,baka_(mh6516620)
3187,bakaking
3188,bakanoe
3189,bakaouzi999
3190,bakara_(19083210)
3191,bakarott
3192,bake_ryori
3193,bakeneko38
3194,bakenekomata
3195,baketsu
3196,baketsuya
3197,bakkanki
3198,bakkasu150
3199,bakki
3200,bakko
3201,bakoko
3202,baku-p
3203,baku_taso
3204,bakuatsukiyu
3205,bakugadou
3206,bakuhatsu_bros.
3207,bakusai
3208,bakushi_(kaeritai0609)
3209,bakushiishi_at
3210,bakutendou
3211,bakuya
3212,balabling
3213,balance_(superdust)
3214,balflear_(oe19nlud)
3215,balladeluce
3216,balnom
3217,baloolax
3218,balusah
3219,balut_(7676i)
3220,bamashengze
3221,bambi2000line
3222,bambi_surprise
3223,bamman
3224,bamuth
3225,ban!_(bansankan)
3226,ban_(777purin)
3227,ban_(ban62460424)
3228,ban_(one_ban7241)
3229,ban_syou
3230,ban_tang
3231,bana_(stand_flower)
3232,bana_gameg
3233,banajune
3234,banamons
3235,banana_(hirane1988)
3236,banana_de_ikopon
3237,banana_gyuunyuu
3238,banana_oekaki
3239,banana_takemura
3240,bananafish1111
3241,bananakeki
3242,banananosongen
3243,bananatsukis
3244,banba_(jakqbigone)
3245,banboro_(technobot)
3246,banbuu_(zeromugen)
3247,banchengping@126
3248,banchii
3249,banchiku
3250,banchiyuebai
3251,band-width
3252,band_(skymole01)
3253,bandam
3254,banderasu
3255,bang-you
3256,bang5410
3257,bang_dacy
3258,banglinh1997
3259,bangom_r
3260,bangosu
3261,bangoul
3262,bangqiao_yan
3263,bangsom
3264,bangsutur
3265,banhuaaidie
3266,bani-lizo
3267,banira_(oocooocooocoo)
3268,banira_(ri0115ka)
3269,baniran_dorosu
3270,banirou
3271,banishment
3272,banitya
3273,banjabu
3274,banjou_azusa
3275,bankage
3276,bankoku_ayuya
3277,bankongping
3278,bannou_ippoutsukou
3279,bannouyakunta
3280,bannriishi
3281,bano_akira
3282,banonefans
3283,banpai_akira
3284,banpunsik
3285,banri_0917
3286,banssee
3287,banxuan_c2ka
3288,banzai_nekomimi
3289,baobei_(baobei_bu)
3290,baocaizi
3291,baozha_gangbi
3292,baozi_9527
3293,baozishark
3294,baozouyeguai
3295,bara_(03_bara_)
3296,bara_bara_(pop_pop)
3297,baraba_baba
3298,barachan
3299,baram
3300,baran._(ba_ra_ran)
3301,barashiya
3302,barasui
3303,barbarian_tk
3304,barbariank
3305,baretto_(firearms_1)
3306,baretto_(karasi07)
3307,barikios
3308,bariko
3309,barkhorn0331
3310,barley_juice
3311,barleyshake
3312,baron-0628
3313,baron_(nsbaron)
3314,baron_(varon666)
3315,baron_(x5qgeh)
3316,baronia
3317,baronilu
3318,barry_go
3319,bartolomeobari
3320,baru_(bar_0405)
3321,baru_(val-val)
3322,barufoa
3323,barururunru
3324,basa_rutan
3325,basaru_1106
3326,basedbinkie
3327,baseness
3328,baseu
3329,bashen_chenyue
3330,bashikou
3331,bashosho
3332,bassa
3333,basukechi
3334,bata000e
3335,batabiru
3336,batacchi_(mashimashi_butter)
3337,batako_(batakoart)
3338,batatata77
3339,batchgooya
3340,baten_(gei-vorugu)
3341,bati15
3342,batm_andrew
3343,batrobin_k
3344,batsu
3345,batsuma
3346,batta_(kanzume_quality)
3347,batta_16-sei
3348,battle_koala
3349,battlegaregga
3350,baumku_techen
3351,bayard_wu
3352,bayashiko
3353,bayeuxman
3354,bazz000033
3355,bb_(baalbuddy)
3356,bb_m0024
3357,bba1985
3358,bbb_(33kudo)
3359,bbb_(fabio8552)
3360,bbbannooo
3361,bbbb_fex
3362,bbbbbaasos
3363,bbc-chan
3364,bbeedol
3365,bbhdrrr
3366,bbizim03
3367,bbk_(13zk)
3368,bbmasa
3369,bbolalus
3370,bbr_brbr
3371,bbul_horn
3372,bbunny
3373,bby
3374,bbybluemochi
3375,bbyong403
3376,bccp
3377,bcoca
3378,bd_ayknn
3379,be9459
3380,be_(o-hoho)
3381,be_(ronironibebe)
3382,bea_(bropmlk)
3383,bea_lenoir
3384,beachepisode
3385,beaker_pour
3386,beamboi
3387,bean_mr12
3388,beancurd
3389,beanis
3390,bear_minstrel
3391,bear_ringer
3392,bear_shakra
3393,bearluxe
3394,bearwitch
3395,beautifulinsnow
3396,bebatch
3397,bebe_(bebe_pp)
3398,bebe_0620
3399,bebebe_(pepegakii)
3400,bebeneko
3401,bebetang
3402,bebseo
3403,bechu
3404,beckey9415
3405,beckody
3406,becky-4545
3407,beco_(100me)
3408,bee_(deadflow)
3409,bee_doushi
3410,beeeeen
3411,beegle
3412,beek
3413,beekan
3414,beeru_(veil8801)
3415,befu
3416,behalter
3417,beifeng_han
3418,beijiushui
3419,beijuu
3420,beisaku_bei
3421,beiske_(de_skb3)
3422,beitemian
3423,beiyi
3424,beize_(garbage)
3425,beizhi
3426,beji-kun
3427,bekkankou
3428,bekkomi
3429,bekkourico
3430,beko_(beco_1122)
3431,bekotarou
3432,bekus
3433,beleven
3434,beliatan
3435,bell_(hellchan3)
3436,bell_(oppore_coppore)
3437,bell_orgel
3438,bell_shireikan
3439,bella_scottland
3440,bellavoirr
3441,belletaku
3442,bellhenge
3443,bellone
3444,bellsaltr
3445,beluga_dolphin
3446,beluo77
3447,ben1shoga
3448,benbe
3449,bencao_gangmu
3450,bencao_gangmu_(anquan_sy)
3451,benchen06
3452,bendedede
3453,beneceadraws
3454,benedia
3455,benevole
3456,bengus
3457,beni-bana
3458,beni_(bluebluesky)
3459,beni_kurage
3460,beni_shake
3461,beni_shouga
3462,beniazumaru
3463,beniko
3464,benimura_karu
3465,benio_(dontsugel)
3466,benitama
3467,beniyomogi
3468,benizika
3469,benizuwai
3470,benjamin_button_suukina_jinsei
3471,benten_(ioj3446)
3472,benzbt
3473,benzi_li
3474,beppu_mitsunaka
3475,berabou
3476,berg-yb
3477,beriko_(dotera_house)
3478,beritabo
3479,berotore
3480,berry_jou
3481,berrykanry
3482,berryverrine
3483,berserker_r
3484,berserkert
3485,beru
3486,berukko
3487,beruko14
3488,berusa_(berutoo)
3489,berusuke_(beru_no_su)
3490,beruu
3491,beryl_(blueberylpie)
3492,beshi
3493,besi_(besidoesart)
3494,besmiled
3495,bespin
3496,besthetz
3497,beta_(joutarou)
3498,beta_hime
3499,betabeet
3500,betabetamaru
3501,betanya
3502,betchan
3503,betei
3504,betock
3505,betti_(maron)
3506,betti_(xx_betti)
3507,bettkan
3508,bettle_(b_s_a_n)
3509,bettykwong
3510,beudelb
3511,bexercube
3512,beyumi
3513,bf._(sogogiching)
3514,bh001
3515,bianco_(mapolo)
3516,bianyuanqishi
3517,bib_(bibboss39)
3518,bib_bb_bib
3519,biba_eichi
3520,bibi02
3521,bibi_(obb_spl)
3522,bibi_booom
3523,bibibimix39
3524,bibico
3525,bibie307
3526,bibimbub
3527,bibisuka
3528,bibita_(zee_s)
3529,bibyo
3530,bico_(bicoris)
3531,bidarian
3532,bidortw
3533,bien_(djpwjd1)
3534,bieshi
3535,bifidus
3536,bifidus_(exkagerou8665)
3537,bifizu's_gold
3538,bifrst
3539,bifuteki_(bi_futeki)
3540,big-d
3541,big.boss.requiem
3542,big.g
3543,big_chunger
3544,big_mouse
3545,big_o_pants
3546,big_shine
3547,big_squid_man
3548,bigdad
3549,bigdead
3550,bigeroo_(shangmerry)
3551,bigkwl
3552,bigmt_kid
3553,bigrbear
3554,bigroll
3555,bigxixi
3556,biiji
3557,biiko_(king1015g)
3558,biittertaste
3559,bijian_de_linghun
3560,bikkii
3561,bikkusama
3562,bikupan
3563,bikuseno
3564,bilibili_xiaolu
3565,bilibilida
3566,bilizinger
3567,billbung
3568,billie_(meng_gong_fang)
3569,billyhhyb
3570,billyonthestraw
3571,bimel_isabella
3572,bimmy
3573,binan_xian_lu
3574,binato_lulu
3575,binayu
3576,binchou_maguro
3577,bindong
3578,bindonkan
3579,bing_zizi
3580,bingansuan_jiamouren
3581,bingbing_(hrppbb)
3582,bingbingzi
3583,bingchuan_xian_yu_huang
3584,bingdian_lihua
3585,bingkuaihei
3586,bingo_tarte
3587,bingsardina
3588,bingwei_huang
3589,binsen
3590,bintz
3591,binu_(nadenade)
3592,binware
3593,binxngchng1
3594,binzoko_megane_(san-inch)
3595,bio_w5
3596,bionekojita
3597,bioroid_hei
3598,bippew
3599,birdblitz
3600,birdhatter
3601,birii
3602,birkai
3603,bisaiiiii
3604,biseibutu
3605,bishamon_(usagi_ba)
3606,bishi_(bishi)
3607,bishooji
3608,biskekun
3609,bison_cangshu
3610,bisquii
3611,bisuke_(k_step2009)
3612,bit_(keikou_syrup)
3613,bitaro
3614,bitchen
3615,bite_addict
3616,biten
3617,bitseon
3618,bitter_crown
3619,bittersweet_(dalcoms)
3620,bity3155660241
3621,biya_(1024)
3622,biyo
3623,biyon
3624,bizette
3625,bkko
3626,bkub
3627,bl_ess
3628,blaccura
3629,black_(artist)
3630,black_(blackfallsensei)
3631,black_bean
3632,black_beat
3633,black_burakku
3634,black_c_(net_dust)
3635,black_cat03
3636,black_cola
3637,black_dog_(ckdfhd)
3638,black_giraffe
3639,black_joa
3640,black_light
3641,black_mutou
3642,black_soldier
3643,blackball
3644,blackbox_(blackbox9158)
3645,blackcat_enjia
3646,blackfangs
3647,blackheart
3648,blackjunk
3649,blackma_(pagus0012)
3650,blacknirrow
3651,blackrabbitsoul
3652,blacksaikou
3653,blackstick128
3654,blackwhiplash
3655,blade_(galaxist)
3656,blade_ride
3657,blanc_(whit_blanc)
3658,blanchat
3659,blanclauz
3660,blanco026
3661,blanko!
3662,blast-7
3663,blastbeat
3664,blaze_(blaze_pso2)
3665,blaze_(blazeillust)
3666,blazingchaos
3667,blazpu
3668,bld_zi
3669,bleachist
3670,bleedman
3671,blew_andwhite
3672,bling_(wnsdud34)
3673,blinkblink_art
3674,blinklikeer
3675,bliss_(ferment_factory)
3676,blitz_predator
3677,blizzomos
3678,blondy_(ldlong)
3679,blondynkitezgraja
3680,blood_hood
3681,bloodcatblack
3682,bloody0rabby
3683,bloody_moon
3684,bloodycat
3685,bloom2425
3686,bloom_into_me15
3687,bloominflowers
3688,bloomminority
3689,bloop_(archives)
3690,blsh_(blshwrks)
3691,bludwing
3692,blue-senpai
3693,blue_(ao_maru)
3694,blue_door
3695,blue_gk
3696,blue_hallelujah
3697,blue_menouu
3698,blue_octopus12
3699,blue_sealad
3700,blue_vert
3701,blue_w_moon
3702,bluearcadegames
3703,blueberry_(5959)
3704,blueblossom
3705,bluecup
3706,bluefield
3707,bluekalmia
3708,bluekomadori
3709,blueman
3710,blueorca
3711,bluepony
3712,bluerabbit_gap
3713,blueriest
3714,bluestar_iz
3715,bluethebone
3716,bluez
3717,blupixl
3718,blushyspicy
3719,blvefo9
3720,bly_mead
3721,blz
3722,bm94199
3723,bm_tol
3724,bmkro
3725,bnari
3726,bnc_(bunshi)
3727,bnm6517
3728,bo-tsu_(hyrkgk)
3729,bo_(774berry)
3730,bo_(bo)
3731,bo_cota
3732,bo_toike57
3733,bo_xun_lin
3734,boa_(brianoa)
3735,bob_(biyonbiyon)
3736,bob_(bobtheneet)
3737,bob_(you-u-kai)
3738,bobamiruku
3739,bobbbob
3740,bobo_(6630978)
3741,bobobo
3742,bobobong
3743,bobok
3744,bobokuboboku
3745,bobomaster
3746,bobotatamu
3747,boboyo
3748,boca
3749,bocchi-ya-nawi
3750,bocchi_(kuropom7)
3751,bocha_(gotipoke)
3752,bochibochi_(gyuuniku_6000)
3753,bococho
3754,bodam
3755,bodhi_wushushenghua
3756,bodiedwile
3757,bodskih
3758,boh_stick
3759,bohe
3760,boingoo
3761,bojiu_xiao
3762,bojue_(hakus_1128)
3763,bojue_yu_yaojing_695657
3764,boke-chan
3765,boken_fantasy
3766,bokiboki333
3767,bokkusu
3768,boko_(maniacpurple)
3769,bokoboko_(pandagapanda1)
3770,bokota_(bokobokota)
3771,boku_(isizakitakasi)
3772,boku_no_edamame
3773,bokuden
3774,bokuhakiyoshi
3775,bokuman
3776,bokuno
3777,bokuso
3778,bokuya
3779,bokyo
3780,bol_(liliymimi)
3781,bolero_(bo_le_ro66)
3782,boleum_(dgrpluna)
3783,bollzzalguy
3784,bolos
3785,bolze
3786,bomber_grape
3787,bomberca309
3788,bombergirl573
3789,bombom
3790,bombyoon
3791,bombyxmori_ckr
3792,bomhat
3793,bomi
3794,bomssp
3795,bon
3796,bon_(bonbon315)
3797,bon_(moegomi)
3798,bon_(rump)
3799,bon_bon_eee
3800,bon_nob
3801,bonbondecitron
3802,bondo_(borndragon)
3803,bondson
3804,bone_(stare)
3805,bone_namu(namu49850)
3806,bone_of_arc
3807,boned-woo
3808,bonefire0909
3809,bonesaw_(rdkshinku)
3810,boneseing
3811,bong_(0u0bon)
3812,bongfill
3813,bongnom
3814,bonifasko
3815,bonjin
3816,bonjindaaa
3817,bonjourdraws
3818,bonkara_(sokuseki_maou)
3819,bonkareohagi
3820,bonkiru
3821,bonley
3822,bonnie_(rsg)
3823,bonno_sasu
3824,bonryuu
3825,bonz_(bonz0616)
3826,boo_(takagi)
3827,boo_1
3828,booch
3829,boogbogex
3830,boole_(sangha0301)
3831,boonie_baby
3832,booota
3833,bootybear
3834,boppin
3835,boqee
3836,boqing_xiao_guafu
3837,border0715
3838,borgbutler
3839,bori_(3910234)
3840,borii
3841,boriroba
3842,boris_(noborhys)
3843,born-to-die
3844,boro
3845,borockman
3846,borokouhek
3847,borokuro
3848,borubikku
3849,boruhis
3850,borumete
3851,borusen
3852,borushichi
3853,borvar
3854,bosack
3855,boshi_(a-ieba)
3856,boshinote
3857,bossan_3310
3858,bosshi
3859,bossmonsterbani
3860,bosstseng
3861,bosutonii
3862,botamochi_(exwelder)
3863,botan_m
3864,botan_mochito
3865,botantouki
3866,bottoms1237
3867,bou_(inubou)
3868,bou_(maimoca501)
3869,bou_shaku
3870,bouen
3871,bouhatei_(t-back)
3872,bouno_satoshi
3873,boushi-ya
3874,bouzu_(bonze)
3875,bow_(bhp)
3876,bowalia
3877,bowieknife
3878,bowknot_huhu
3879,bowlp
3880,bowsan
3881,bowwow_(hamju94)
3882,box_(hotpppink)
3883,box_wonderland
3884,boxman
3885,boyaking
3886,boyano
3887,braco
3888,bramblefix
3889,branch_(blackrabbits)
3890,brandkojo
3891,brandon_santiago
3892,brashear_lushert
3893,brasowa
3894,brassica
3895,brat_(brabrabrat00)
3896,bratja
3897,brayanong999
3898,brbr_vrvr
3899,bread_forbidden
3900,bream-tan
3901,breikka
3902,brekkist
3903,brellom
3904,brenni_murasaki
3905,brh
3906,brianlee709
3907,brick_(atelier_brick)
3908,brick_st
3909,bright09
3910,brikot
3911,brilcrist
3912,brill_p
3913,brilliantko
3914,briska
3915,brk_603
3916,brll
3917,broccoli_(broccoli2626)
3918,brodall_pixel
3919,broiler
3920,broken_(7589468)
3921,brulee
3922,brutal_vap
3923,brws
3924,bryanth
3925,bsapricot
3926,bseibutsu
3927,bshi_edayo
3928,bsmage
3929,bsq
3930,bssku
3931,bsue
3932,bthx
3933,btmr_game
3934,btraphen
3935,bu4321
3936,bu_leike
3937,bu_li
3938,bu_weizhuang
3939,bu_zhengjing_de_xiao_xingxing
3940,bubbacterial
3941,bubble1995
3942,bubble99
3943,bubukka
3944,bucchake_(asami)
3945,buchi_(qooo003)
3946,buchi_(y0u0ri_)
3947,buchi_maru
3948,buchikaki
3949,bucho
3950,buchu14569590
3951,buckwheat638478
3952,bud_(korovsme)
3953,budesonide
3954,budgiepon
3955,buhbuhbored
3956,buket_pudding_i
3957,bukiko
3958,bukimi_isan
3959,bukkuri
3960,buko_(bukosuki)
3961,buku2_suisou
3962,bukui_shi_wo
3963,bukurote
3964,bul_(moiko)
3965,bulbonne
3966,bulga
3967,bulge_tsuki
3968,bullet_(bullet0701)
3969,bullfalk
3970,bulzizzang
3971,bum_hico
3972,bumblesteak
3973,bummerdude
3974,bun'ya_(0874cirno141)
3975,bun-o
3976,bun150
3977,bun_(bbb81bun)
3978,bun_(game728hale396)
3979,buna_shimeji_(keymush)
3980,bunbun
3981,bunbun_(midukikome)
3982,bunchou_(bunchou3103)
3983,bungaw
3984,bunji
3985,bunkyo_takemi
3986,bunny1219
3987,bunnyoki
3988,bunsuirei
3989,bunta_ru
3990,buntaichou
3991,buntan
3992,buntason_(buritarooooo)
3993,buntatta
3994,bunzou
3995,bupa_chila
3996,buran_(22x)
3997,buran_(kure)
3998,buran_buta
3999,burari
4000,burbur
4001,bure_(fantasticyouth7)
4002,buren
4003,burenbo
4004,bureoeve
4005,buresu
4006,buri_(retty9349)
4007,burijittou
4008,burikarun
4009,buriki
4010,burisuke_(koujiro)
4011,burningblossom
4012,burnt_green_tea
4013,burrrntlemon
4014,buru-dai
4015,burunuu_(bullnukko)
4016,burustandin
4017,burusuta
4018,bushinofuji
4019,buson_(buson0629)
4020,busujima_(kusahana)
4021,buta-don
4022,buta_(dhakaoat)
4023,buta_(uhoiiotoko)
4024,buta_tamako
4025,buta_tsuzumi
4026,butajima_john
4027,butakun
4028,butcha-u
4029,butcherboy
4030,buthikireta
4031,butsu_menhou
4032,butter-t
4033,butter_(oshi8kyoumoh)
4034,butter_curry
4035,butter_spoon
4036,butter_sugoi
4037,butterchalk
4038,butterfly768
4039,buu_(buu02)
4040,buubuu_(loli69)
4041,buun_ko
4042,buuwa
4043,buwad
4044,buzheng61241
4045,buzz_(moi)
4046,buzzlyears
4047,buzzsaw_(6631455)
4048,bvucki36gzoeq1c
4049,bwcloud
4050,bwell
4051,bxtbsy7q76gxh73
4052,by_spoon
4053,by_tsume
4054,byackopath_(artist)
4055,byako_(srktn)
4056,byakuya0315
4057,byakuya_reki
4058,byefrog
4059,byeoljagga
4060,byeon_dha
4061,bygddd5
4062,byoin
4063,byougaku
4064,byourou
4065,bypos
4066,byte_(allbyte)
4067,byte_(grunty-hag1)
4068,byu_(orihazuma)
4069,byuey
4070,byulrorqual
4071,byulzzi
4072,byuub
4073,byuura_(sonofelice)
4074,bzerox
4075,bzs_(kage_no_shinobu)
4076,c-7_(assate)
4077,c-button
4078,c-da
4079,c-eye
4080,c-kyuu
4081,c-low
4082,c-rabbit
4083,c-wing
4084,c.c.r_(ccrgaoooo)
4085,c.cu
4086,c.honey
4087,c.r.
4088,c.rabbit
4089,c.seryl
4090,c.u.wa
4091,c1p122
4092,c2h6o
4093,c4_art
4094,c520gpss
4095,c73an
4096,c8oyk
4097,c@rbon
4098,c_(neta)
4099,c_(rahit)
4100,c_(theta)
4101,c_civciv
4102,c_h
4103,c_home
4104,c_take0141
4105,c_turtle
4106,ca2la
4107,ca_paria
4108,caba_(caba091)
4109,cabbage_(chlehd2239)
4110,cabinc
4111,cabronpr
4112,caburi
4113,cac_itinose
4114,cacao_(99chocolove99)
4115,cacao_(cacaomgmg)
4116,cacao_(chocolat)
4117,cacao_(chocotto)
4118,cachet
4119,cacn
4120,cacomistle_(artist)
4121,cacto_art
4122,cactus41747280
4123,cactusnabe
4124,cad_(caddo)
4125,caee_penguin
4126,caesty
4127,cafe_(chuu_no_ouchi)
4128,cafe_au_lait_(kafeore)
4129,cafekun
4130,cafelittle
4131,cafemoka-septro
4132,cafenami
4133,caffeccino
4134,caffein
4135,caffeinechara
4136,cafin
4137,cagasyo
4138,cage_unlimited
4139,cahryos
4140,cai-man
4141,cai_geng
4142,caibao_return
4143,caicaicaicai_ni_caicai
4144,caidychen
4145,cailin020
4146,caiman_pool
4147,cain_(gunnermul)
4148,cain_art811
4149,caio_santos
4150,caisan
4151,caisena
4152,cait_aron
4153,cake_mogo
4154,cake_walker
4155,cala_t_maki_72
4156,calamari_cakes
4157,calcio
4158,calciumin
4159,calder
4160,calder_(pixiv3698273)
4161,caleana
4162,caleb_thomas
4163,calendulamew
4164,calin
4165,callan_(callancoe)
4166,callarinc
4167,calm_(artist)
4168,calm_mashiro
4169,calmgreentori
4170,calnarsa
4171,calpara
4172,calpis118
4173,calpish
4174,calvin_sims
4175,cam_(cammero95713700)
4176,camel000
4177,camellia_90
4178,camerata
4179,camille_waifu
4180,caminukai
4181,camonome
4182,campanula-star
4183,campbell_gichou
4184,campbell_xx
4185,camui1104
4186,camunekoz
4187,can_zhu
4188,canaca_chiyuri
4189,canadiananiguy
4190,canape_(canape0130)
4191,canariadraw
4192,canarinu
4193,cancell
4194,cancer_(zjcconan)
4195,candy_shunya
4196,cang_(akaga204)
4197,cang_se_ye_hua
4198,cang_she
4199,cangchen
4200,canis428
4201,canking
4202,cannian_dada
4203,cannsk
4204,cap105
4205,cap_(dkdm-d)
4206,capera
4207,capitan_(tsyoujo)
4208,capitan_wei
4209,capoki
4210,capriccio
4211,capriccyo
4212,captain_freedom
4213,captain_kirb
4214,captain_yue
4215,capura_lin
4216,caracol
4217,caracoro
4218,caraku
4219,caramel_(caramelmilk)
4220,caramelo_game
4221,carasohmi
4222,carbohydrate_(asta4282)
4223,carbon12th
4224,carbonara_hontyotyo
4225,carcass_(artist)
4226,carchet
4227,cariboy
4228,caribun
4229,carillus
4230,carimarica
4231,carina_(xiaowoo)
4232,carinae
4233,carles_dalmau
4234,carlo_montie
4235,carnelian
4236,caro-xy
4237,carol0905
4238,caron_(straycat910)
4239,carota327
4240,carrot_(robosquat)
4241,carrot_011
4242,carrot_works
4243,carrotsprout
4244,carte
4245,cartonbox_(zhixiang_zhi)
4246,caruta
4247,casch
4248,cashew_0_dgren
4249,casimia
4250,casino_(casinoep)
4251,casperrin
4252,cassandra_(seishun_katsu_sando)
4253,castell
4254,castella
4255,casul
4256,cat_princess
4257,cat_shi
4258,cat_with_a_brush
4259,catball1994
4260,catbell
4261,catbishonen
4262,catcar0983
4263,catgirl0926
4264,catneylang
4265,catnnn
4266,cato_(monocatienus)
4267,catowjeemson
4268,catrom_nya
4269,catsmoon
4270,catstudioinc_(punepuni)
4271,catsubun_(kkst0904)
4272,catumi_(ta938_ka23)
4273,catwheezie
4274,catzz
4275,caustic_crayon
4276,cavalry_(maslow)
4277,cavcaz
4278,cawang
4279,cawchan
4280,cbb_(tuucoo)
4281,cbgb
4282,cbi_cbi
4283,cbmus
4284,cbow
4285,cbpea1
4286,cc8nw42u15apug0
4287,cc_lin
4288,ccccc_(jpn_m0)
4289,ccccl.
4290,cccpo
4291,ccha
4292,cchiii
4293,ccjn
4294,cea_se
4295,cedar_(cedar_japonica)
4296,cedric_(gear_art)
4297,ceejles
4298,ceey
4299,cekonikova
4300,cel_da_lin
4301,cela_f
4302,cele_(310v3)
4303,celebelian
4304,celestial_fang
4305,celinepizza
4306,celtreny
4307,celyn404
4308,cementite
4309,cen_(cenll)
4310,cenangam
4311,cenm0
4312,centi_mnkt
4313,centurii-chan_(artist)
4314,ceramic_man
4315,cerberus_arts
4316,cerevevisiae
4317,cero_(cerocero)
4318,cero_(last2stage)
4319,cero_rains
4320,ceroccb
4321,ceroro
4322,ceru
4323,cervina
4324,cervus
4325,cesar_art456
4326,cesar_zebrah
4327,cessa
4328,cet_(hajisirazunoko)
4329,cete_(controllingtime)
4330,cetera
4331,cetta_(cettadvd)
4332,cevoy
4333,cezaria
4334,cgator
4335,cglange
4336,cglas
4337,ch00suke
4338,ch2haya_p
4339,ch2sh
4340,cha_chya
4341,cha_goma
4342,cha_hanare
4343,cha_kuro_(limo)
4344,chaa_(korone-ze)
4345,chaakusu
4346,chaamii
4347,chaashuu
4348,chaba_(hortensia)
4349,chabaneko
4350,chabashira_tatsukichi
4351,chabasu
4352,chabi
4353,chabi009
4354,chabi_(amedama)
4355,chabo_(fuketsudan)
4356,chabo_24
4357,chaborin
4358,chabudai
4359,chacha_(ss_5087)
4360,chacha_(tyatya)
4361,chacha_zo
4362,chachalnene
4363,chacham
4364,chacharan
4365,chachi_(azuzu)
4366,chachi_(soulga)
4367,chachie
4368,chaciooh
4369,chack520
4370,chado
4371,chadolbaegi
4372,chaena_(exmd3552)
4373,chaerom
4374,chagama_teishoku
4375,chagamaka
4376,chagara
4377,chagataaa
4378,chagen_kokimu
4379,chagi_chage
4380,chagu
4381,chahan_(fried_rice0614)
4382,chahanramen
4383,chahashiraozen
4384,chahei
4385,chahiro
4386,chahu_lililala
4387,chai_haru
4388,chaigidhiell
4389,chaimaou
4390,chaka3464
4391,chaki_(chakan)
4392,chaki_(teasets)
4393,chako_(chakoxxx)
4394,chakoru
4395,chakuma_(yiyh1468)
4396,chalseu
4397,chama_(painter)
4398,chama_kou
4399,chamaji
4400,chamame
4401,chamaru5963
4402,chamaruk
4403,chamba
4404,chamchami
4405,chame_(myyo04)
4406,chameleon_(chameleon0613)
4407,chameleon_(ryokucha_combo)
4408,chameleon_man_(three)
4409,chamnaitu
4410,chamomile_(kazumasa)
4411,chamooi
4412,champ+
4413,champi
4414,chamu_(chammkue)
4415,chamumi_(mochiumee)
4416,chamupei
4417,chamuring
4418,chamwa
4419,chan'nu
4420,chan1moon
4421,chan8016
4422,chan_(akuty_ikkot)
4423,chan_co
4424,chan_hone_pkpk
4425,chan_qi_(fireworkhouse)
4426,chan_sang
4427,chanasykine
4428,chance8000
4429,chance_maker
4430,chandllucky
4431,changaa
4432,changpan_hutao
4433,changye
4434,chanifge
4435,chanil_(muexlku)
4436,chanko_neru
4437,chankuro
4438,chanms
4439,chanmura
4440,chano_hinano
4441,chanosuke
4442,chanpower233
4443,chanta_(ayatakaoisii)
4444,chany
4445,chaos_0829
4446,chaosexceed
4447,chaosringen
4448,chaotic-unknown
4449,chaotic_dragon
4450,chap_sal_!
4451,chapa_kari
4452,chappii_(paon_gunsou)
4453,char_(2v_26)
4454,charamells
4455,charathegay
4456,chariki
4457,chariko
4458,charimei
4459,charin
4460,chark14
4461,charles_(106858)
4462,charlie_purrito
4463,charlotte11037
4464,charmal
4465,chascoby
4466,chashibu
4467,chata_maru_(irori_sabou)
4468,chataring_mai
4469,chataro1412
4470,chatea
4471,chatsune_(white_lolita)
4472,chaudlapin
4473,chauke
4474,chaum
4475,chawalit_adsawawalanon
4476,chawan_(yultutari)
4477,chawanmushi_(ebikamaboko)
4478,chaya_mago
4479,check_(check_book)
4480,cheddar_n
4481,cheekie
4482,cheer_(cheerpuppy14)
4483,cheese_(cheese_koubou)
4484,cheese_kang
4485,cheesecake_(artist)
4486,cheesecakes_by_lynx
4487,cheeseko
4488,cheesestyx
4489,cheesewoo
4490,cheeso_art
4491,cheetahman_(1ddghfr78cswc)
4492,cheezebawls
4493,chef_no_kimagure_salad
4494,cheken
4495,chel_(ttt_lc)
4496,chela77
4497,cheli_(kso1564)
4498,chelle_ingham
4499,chelly_(glisten_chelly)
4500,chellyko
4501,chelodoy
4502,chemaru_(a8l)
4503,chemical-x
4504,chen_(somanychens)
4505,chen_bin
4506,chen_bingyou
4507,chen_li
4508,chen_shu_fen
4509,chen_yang_yang
4510,chen_ying_(alan-yut)
4511,chen_zhang
4512,chen_zi
4513,chenbo
4514,chengongzi123
4515,chengzhineixihuanxiaogou
4516,chenmu_sora
4517,cheno_(amakuchi_mustard)
4518,chenrong96
4519,chenshuisuhe
4520,chenwei_jun
4521,chenzcy
4522,cheogtanbyeong
4523,cheong_ha
4524,cheonyeon-hi
4525,cheri_zao
4526,cherico
4527,cheriina
4528,cherng
4529,chernyyvo
4530,cherokee_(1021tonii)
4531,cheromo159
4532,cherre
4533,cherry-gig
4534,cherry_in_the_sun
4535,cherry_oux
4536,cherrymaru
4537,cherrypin
4538,cherushi_2
4539,cheschirebacon
4540,cheschorv
4541,cheshirrr
4542,chester_ocampo
4543,cheunchin
4544,cheunes
4545,chi_(chiwa)
4546,chi_gu
4547,chi_gura-ya
4548,chi_no
4549,chi_wa
4550,chi_ya
4551,chi_yei
4552,chiachun0621
4553,chiaki_rakutarou
4554,chiba_sadoru
4555,chiba_shuusaku
4556,chiba_toshirou
4557,chibana_sora
4558,chibi_(shimon)
4559,chibi_228
4560,chibi_vanille
4561,chibikki
4562,chibimame
4563,chibinon
4564,chibirisu
4565,chibitan
4566,chibiya1010
4567,chicachang
4568,chicago-x
4569,chicha_(chi_cha_rigbo)
4570,chichi8181
4571,chichi_band
4572,chichi_guai
4573,chichibu_(watson)
4574,chicke_iii
4575,chicken4260
4576,chicken99
4577,chicken_(chickenx)
4578,chickenvomit
4579,chiden
4580,chidori_(@rom)
4581,chidori_nekoro
4582,chie_t19690428
4583,chieezuik
4584,chief_(chiefvinsmoke)
4585,chiem
4586,chiemo_(xcem)
4587,chien_zero
4588,chienon
4589,chierishu
4590,chietori
4591,chiffon
4592,chiffonfae
4593,chig
4594,chiga_akira
4595,chigasaki_yukari
4596,chigiri_kurenai
4597,chigo
4598,chigusa
4599,chigusa_minori
4600,chiha_(abo_ecm_mk25)
4601,chiha_bobobo
4602,chiharu_(9654784)
4603,chihel
4604,chihiro_(chihiro3399)
4605,chihiro_(chrnt)
4606,chihiro_(kemonomichi)
4607,chihiro_(khorosho)
4608,chihiro_ayaka
4609,chihunhentai
4610,chihuri
4611,chii-kun_(seedyoulater)
4612,chii_(chi_pppuri)
4613,chii_(sbshop)
4614,chii_(tsumami_tsumamare)
4615,chiika_(cure_cherish)
4616,chiimako
4617,chiisan
4618,chiizu_namasu
4619,chiizu_ore
4620,chiji_komari
4621,chika_(keiin)
4622,chika_(orange_pop)
4623,chika_(toumei_kousoku)
4624,chikado
4625,chikafuji
4626,chikafumikou
4627,chikage_(blackclownery)
4628,chikaretsu
4629,chikariya
4630,chikaya
4631,chikenryice
4632,chiki_(botugo)
4633,chiki_yuuko
4634,chikichi
4635,chikinan_tarou
4636,chikiso
4637,chikkuru
4638,chiko_(beroro)
4639,chiko_(d04099)
4640,chiko_(kanhogo)
4641,chiko_(mizuho)
4642,chikoinochi
4643,chikoku
4644,chikokuma
4645,chikorita85
4646,chikotam
4647,chiku_(gesu)
4648,chikugen_shiina
4649,chikuwa.
4650,chikuwa_(dr0603)
4651,chikuwa_(majihima)
4652,chikuwa_(odennabe)
4653,chikuwa_(rinka)
4654,chikuwa_(tikuwaumai_)
4655,chikuwa_(tks)
4656,chikuwa_savy
4657,chikuwabu
4658,chikuwabu_(yokowokazuaki)
4659,chikuwabuta
4660,chikuzen1996
4661,chil0107
4662,chilakkk
4663,child-box
4664,child_(isoliya)
4665,chilfa_112
4666,chili-tomato_(gekikaraya)
4667,chill_ykon
4668,chillasan
4669,chilli_646
4670,chilwell_seele
4671,chima_q
4672,chimachi
4673,chimaki_(impressiveanarchy)
4674,chimaro
4675,chimi_(s8s8_bb)
4676,chimmyming
4677,chimney_(chimney0311)
4678,chimomi_ya
4679,chimosaku
4680,chimunge
4681,chimyo
4682,chin_(motio7201)
4683,chin_gero
4684,chinako
4685,chinanago7010
4686,chinbotsu
4687,chinchickrin
4688,chinchira
4689,chinchongcha
4690,chingisu
4691,chinikuniku
4692,chinjuu_hibakichi
4693,chinnpou
4694,chino_(ch_no)
4695,chinoa
4696,chinomaron
4697,chinoru
4698,chinpan
4699,chintora0201
4700,chip_le_cree
4701,chipa_(arutana)
4702,chipietsu
4703,chipochopo324
4704,chipushishi
4705,chirang
4706,chiri_(atlanta)
4707,chiri_(ch!)
4708,chiri_(o9o9)
4709,chirigami-san
4710,chiro
4711,chiro_(bocchiropafe)
4712,chiro_(norishiro_michiro)
4713,chirorian
4714,chiroron
4715,chiroru_(cheese-roll)
4716,chiroru_shimai
4717,chirosamu
4718,chiroshiron
4719,chirosuke
4720,chirpy
4721,chiru_(218mg)
4722,chiru_(sanifani)
4723,chiruku
4724,chirumakuro
4725,chirun0
4726,chiruru96
4727,chiruto
4728,chis_(js60216)
4729,chisa
4730,chisaku
4731,chisato_(missing_park)
4732,chisato_charme
4733,chisen_maimai
4734,chishibuki_hiyoko
4735,chisiro_unya_(unya_draw)
4736,chisumi
4737,chita_(ketchup)
4738,chita_ma_hiro
4739,chitetan
4740,chito04
4741,chitose_(usacan)
4742,chitose_hachi
4743,chitose_kiiro
4744,chitose_rin
4745,chitosezaka_suzu
4746,chitozen_(pri_zen)
4747,chitu_hefeng_zhong
4748,chiu538
4749,chiune_(yachi)
4750,chiutake_mina
4751,chivo_(kalchivo)
4752,chiwa_(chiwa0617)
4753,chiwa_(chiwawanwan1206)
4754,chiwa_(fcwv5738)
4755,chiwino
4756,chixiao
4757,chiya58
4758,chiyami
4759,chiyaya
4760,chiyingzai
4761,chiyo_(miichiyochin)
4762,chiyo_(pk19981234)
4763,chiyo_(rotsurechiriha)
4764,chiyo_akira
4765,chiyo_goya
4766,chiyo_maru
4767,chiyoko_(oman1229)
4768,chiyoko_(tykchiyo)
4769,chiyomaru_(yumichiyo0606)
4770,chiyonekoko
4771,chiyosuke_(nosuke21)
4772,chiyu1182
4773,chiyu_(silverxxxx)
4774,chize
4775,chizu_(fiute)
4776,chizuko_(chiduk0)
4777,chizunyanko
4778,chkuyomi
4779,chm
4780,cho!cho!
4781,cho_gum
4782,chobi_(penguin_paradise)
4783,chobi_(sakuyasakuhana)
4784,chobii_(hamgyomu)
4785,chobipero
4786,chobonu
4787,choborau_nyopomi
4788,chocho_(homelessfox)
4789,chochomi
4790,choco_(chocolate_shop)
4791,choco_(chocovix112)
4792,choco_(moyasi)
4793,choco_c14
4794,choco_chip
4795,choco_chip_(ekitai_idou)
4796,choco_rabbitt
4797,choco_tanuki
4798,chocoan
4799,chocoblood
4800,chocoeiru
4801,chocofox
4802,chocojax
4803,chocokin
4804,chocola_vt
4805,chocolat_(momoiro_piano)
4806,chocolate_(jitong)
4807,chocolate_sable
4808,chocomaru
4809,chocomiru
4810,chocomiruki
4811,chocomoch
4812,chocorut
4813,chocotomamenoki
4814,chocotto715
4815,chocpocalypse
4816,chogi
4817,choikfu
4818,choir_(artist)
4819,choke_(amamarin)
4820,chokin_tsucho
4821,choko_(sweetpocket)
4822,choko_egg
4823,chokuboron_ryou
4824,chokueji
4825,chokuro
4826,chokutsuu_(menino)
4827,cholesenel
4828,chomikuplus
4829,chomo_(asymmate)
4830,chomoran
4831,chon_(chon33v)
4832,chong_(547342983)
4833,chongning
4834,chongzhen_085
4835,chonkyorca
4836,choo
4837,choomoranma
4838,chorefuji
4839,chorimokki
4840,chorisow_(delta_chord)
4841,chorogon
4842,chorogy
4843,chorohanage
4844,choroi_amachori
4845,choroli_(chorolin)
4846,chotto
4847,chou_(meteorite3)
4848,chou_saotome_kenkyuujo
4849,chou_shippai-saku
4850,choufu_shimin
4851,chougoukin_potato
4852,choujiroo
4853,chouku_tetsushitsuiwa
4854,choumei_(qca012005)
4855,choumi_wuti_(xueye_fanmang_zhong)
4856,chounorin
4857,chouzetsu_yarou
4858,chowbie
4859,choyeon
4860,chris4708
4861,chris_(mario)
4862,chris_re5
4863,chris_sdd
4864,chrisandita
4865,chrispy_tuna
4866,christian_angel
4867,christinya
4868,christy_mii
4869,chro_(rulurullu)
4870,chroma_(chroma000)
4871,chroneco
4872,chronozbergh
4873,chroong
4874,chrysa_(_sa0ru)
4875,chtv
4876,chu_(yuzumeno)
4877,chu_yeon
4878,chubb
4879,chuby_mi
4880,chuchumimipupu
4881,chuck_(harfmoondark)
4882,chuck_pires
4883,chuckdaidai
4884,chuckuddin
4885,chueog
4886,chufflepop
4887,chuhaibane
4888,chui_art
4889,chukachuka
4890,chuki_(lydia)
4891,chukibabo2
4892,chumugi
4893,chun_(friendly_sky)
4894,chun_(luxtan)
4895,chun_1234567
4896,chun_bae
4897,chun_jiang
4898,chun_lo
4899,chun_nam
4900,chunaizhanshi23057
4901,chunbuchou
4902,chunchilin
4903,chung1000
4904,chung_cthemax
4905,chungla
4906,chungmechanic
4907,chungu
4908,chunhwei_lee
4909,chunjiu
4910,chunlieater
4911,chuno
4912,chunpai
4913,chunrijun_(springer)
4914,chunta
4915,chunyan
4916,chuor_(chuochuoi)
4917,chuppa_(katotsuba)
4918,chups
4919,churi_(oxxchurixxo)
4920,chushengdao
4921,chushou_jiang
4922,chutohampa
4923,chuuko_anpu
4924,chuunioniika
4925,chuuou_higashiguchi
4926,chuuta_(+14)
4927,chuutaro_metal
4928,chuuten_(clam_chowder)
4929,chuzenji
4930,chxoswolf
4931,chyan
4932,chyko
4933,chyoel
4934,chyoling
4935,chyraliss
4936,chzzei
4937,ci4
4938,cian_yo
4939,ciawasemono
4940,cibo_(killy)
4941,cici
4942,cicin
4943,cidersour
4944,ciel_(paradis47)
4945,ciel_arc
4946,cielo_(zaki)
4947,cien_(shikanokuni)
4948,cierra_(ra-bit)
4949,cigar_cat
4950,cigma
4951,cika_k
4952,cilica
4953,ciloranko
4954,cimeri
4955,cinamon_(cinamori)
4956,cinderone
4957,cindy717
4958,cindymeimezu
4959,cine_(wazd0183)
4960,cink-knic
4961,cinko
4962,cinnabarbie
4963,cinnabus
4964,cinnamyon
4965,cinquecento
4966,cioccolatodorima
4967,ciosuii
4968,cipher4109
4969,circle_a
4970,circle_anco
4971,circle_echime
4972,circle_garyuu
4973,circlek
4974,circus66
4975,circussion
4976,cirenk
4977,cirilla_lin
4978,cirima
4979,cirnos
4980,cirrika
4981,cis_(carcharias)
4982,cismlyri
4983,cisyo
4984,citemer
4985,citolo
4986,citron80citron
4987,citronplanet
4988,citrus_(place)
4989,citrusmikan
4990,city_forest_online
4991,ciza_gomi
4992,cizzi
4993,cjmy
4994,cjrb1228
4995,cjsdh1000
4996,ckhd
4997,ckln
4998,ckst
4999,cl-55
5000,cl_(h-sys.)
5001,cl_(summer_sama)
5002,cla_(finesoda)
5003,cla_(torinabe)
5004,claireiosity
5005,clam_curry
5006,clamp_(circle)
5007,claparo
5008,clare_(543)
5009,clash_kuro_neko
5010,classic_(zildjian33)
5011,clauschristmas
5012,clay_(clayjun)
5013,cle_masahiro
5014,clea_(geee13)
5015,cleanerjay
5016,clear_echoes
5017,clear_glass_(mildmild1311)
5018,clear_regulus
5019,clearite
5020,clere
5021,clero_(viprimo)
5022,clich51368861
5023,clickdraws
5024,climaxmukr
5025,clinickcase
5026,cliov
5027,clipe
5028,clisapex
5029,clivenzu
5030,cloba
5031,clockbirds
5032,cloel
5033,clona
5034,cloneko_(zelmeledf2)
5035,clonion
5036,cloritin
5037,clouble
5038,cloud_ya
5039,cloudlou
5040,cloudxmoe
5041,cloudy.r
5042,cloudy_rain4
5043,cloudykeyz
5044,cloudyman
5045,clov3r
5046,clover_(lapis_lazure)
5047,cloverse6
5048,club3
5049,cluseller
5050,clyde_s
5051,clynxen
5052,cm_lynarc
5053,cm_wm
5054,cmpovar
5055,cnm
5056,cno
5057,co1fee
5058,co_botan
5059,coa_(chroo_x)
5060,cobalta
5061,cobe
5062,cobra_no_oyatsu
5063,cocaduel
5064,cocax_x
5065,cocia_(kosianko)
5066,cocktiel77
5067,coco7
5068,coco_(artist)
5069,coco_(setawar)
5070,coco_irasuto
5071,coco_maru
5072,cocoa_(cafe-hotcocoa)
5073,cocoa_(cocoa0191)
5074,cocoa_(ultra_mdk)
5075,cocoa_s3
5076,cocoablue23
5077,cocoaco22
5078,cocoasabure
5079,cocoballking
5080,cocokana
5081,cocokawa_(cjsj8353)
5082,cocolo_(co_co_lo)
5083,cocoloco
5084,cocomayo29_(tomato)
5085,cocomeen
5086,cocona
5087,cocontma
5088,coconuthound
5089,cocoon_(loveririn)
5090,cocopalm
5091,cocoperino
5092,cocorip
5093,cocoroppy
5094,cocotsuko1204
5095,cocozasa
5096,cocq_taichou
5097,cocri
5098,cocytus_(wind_master)
5099,code2_ip
5100,code_nt
5101,codemofel
5102,codename47
5103,codename696
5104,codename_jaroa
5105,coelacanth_(gyotaku)
5106,cofepig
5107,cofetaru
5108,coffee-break
5109,coffee-kizoku
5110,coffee1223
5111,coffee_cat
5112,coffeechicken
5113,coffeedog
5114,coffeekite
5115,coffeenougat_1985
5116,coffeeslice
5117,coffeiz_p
5118,cofffee
5119,coffinsmokes
5120,cofi_(eternal)
5121,cogecha
5122,cognacbear
5123,cohi27151463
5124,coi_mha
5125,coin_rand
5126,cojibou
5127,cojima
5128,cojohn
5129,cokata
5130,coke0502
5131,cokecoco
5132,cokuto1
5133,cola-alter
5134,cola_(gotouryouta)
5135,cold_(hoshinoskull)
5136,coldcat.
5137,cole_(coleltu)
5138,coletta_(colet_colettia)
5139,colis
5140,colis_(regunm772)
5141,coll_(erichankun)
5142,collagen
5143,collair_(cono)
5144,collie
5145,colo_(nagrolaz)
5146,colon_br
5147,colonel_aki
5148,color_neko_(user_yfvc3323)
5149,colorful_palette
5150,coma_(macaron)
5151,comah
5152,comala_(komma_la)
5153,comanie
5154,comaya
5155,combat_s-ko
5156,combos_&_doodles
5157,comcom
5158,comcom_(comcomhey)
5159,comeco
5160,comeo_(komeo15)
5161,comet_(teamon)
5162,comet_(user_fjsa4577)
5163,comfeer
5164,comic_hand
5165,comiching
5166,comichipota
5167,comizku
5168,comkdom
5169,commeowdore
5170,comodomodo
5171,comord
5172,comorebi
5173,con_potata
5174,cona_kinaco
5175,conago
5176,conconcon1031
5177,condylonucla
5178,conejologia
5179,coney
5180,cong1991
5181,congming_lan
5182,congqian_you_ke_xing
5183,conmimi
5184,conomi-c5
5185,constarlations
5186,constellor
5187,contamination_(contami0813)
5188,conte_ryuu
5189,contllenge
5190,conto
5191,controlline3
5192,coo2co2
5193,coo_(coonekocoo)
5194,coojisan
5195,cookie_hana
5196,cool-kyou_shinja
5197,coppepan
5198,copycat001
5199,copycat_(dryfood)
5200,coqua
5201,cora_stt
5202,corallo
5203,coraman
5204,core1013
5205,core_(mayomayo)
5206,corette
5207,coreytaiyo
5208,coria
5209,corn_kuten
5210,corn_potako
5211,coro_fae
5212,corocoro567
5213,corogarucoromo
5214,coroha
5215,corporalblake
5216,corsetman
5217,cortoony
5218,coruthi
5219,cosaten
5220,cosiecottage
5221,cosine
5222,cosmic_(crownclowncosmic)
5223,cosmic_bear
5224,cosmicmind
5225,cosmicsnic
5226,cosmikaizer
5227,cosmo_(465lilia)
5228,cosmo_(bousoup)
5229,cosmos_(the_crying_moon)
5230,coso-ri
5231,costone
5232,cota
5233,cote
5234,coteri
5235,coto_notte
5236,cotocoto
5237,cotono_(nazekun)
5238,cotori_(globule)
5239,cototiworld
5240,cotta
5241,cotta_(heleif)
5242,cottage
5243,cotton_kanzaki
5244,cotton_noir
5245,cottone_(highjethoo)
5246,cottontailtokki
5247,coubalty
5248,cougar_(cougar1404)
5249,coula_cat
5250,count_zero
5251,coupe50
5252,coupon_(skyth)
5253,courreges_ace
5254,couzone
5255,coveredcore
5256,cowengium
5257,cowfee
5258,coyomin
5259,coyucom
5260,coz_(commit)
5261,cozie178
5262,cozyu
5263,cp2980606
5264,cp9a
5265,cpk_prd
5266,cpqm
5267,cpu_(hexivision)
5268,cqc_no_hashi_neko
5269,cqingwei
5270,cqqz0707
5271,cr-r
5272,cr72
5273,crab_d
5274,crab_man
5275,crackingtaro
5276,cracy_logan
5277,craft-cs
5278,craig_(2980ct)
5279,crain1art
5280,crane666
5281,cranihum
5282,crashtv
5283,craymer
5284,crayon_(crayon1006)
5285,craytm
5286,crazy02oekaki
5287,crazy_kinoko
5288,crazy_otama
5289,crazypen
5290,cream_(nipakupa)
5291,cream_bread
5292,cream_cod
5293,creamboyo
5294,creamyghost
5295,creape
5296,creat_(kuribeni)
5297,creayus
5298,creeeen_jjang
5299,creek_(moon-sky)
5300,creepyday
5301,cremanata
5302,crescent_(cgcrescent)
5303,crescentia_fortuna
5304,crestren
5305,creta_(taku10)
5306,criis-chan
5307,crimecrime
5308,crimo
5309,crimson_comics
5310,crimson_kaiserin
5311,cris_art
5312,crisalys
5313,cristalavi
5314,crmanzana
5315,crml_orng
5316,cro_(user_znms5733)
5317,crois
5318,cromachina
5319,cromwaits
5320,cromwellb
5321,croriin
5322,cross_(crossryou)
5323,cross_akiha
5324,cross_neko
5325,crost
5326,crote
5327,crouching_start
5328,crow0cc
5329,crow_(crowatelier)
5330,crow_(siranui)
5331,crow_3434
5332,crr001
5333,crrispy_shark
5334,crrn
5335,cruccu
5336,cruel_gz
5337,crunchobar
5338,crutch_c
5339,cruzango0510
5340,cruzvu
5341,crybringer
5342,crylin6
5343,crymsie
5344,cryne
5345,cryptidhermit
5346,crys_(dai)
5347,crysangria
5348,crystal_shoujo
5349,crystalherb
5350,cryturtle
5351,csham
5352,cslucaris
5353,cst
5354,csyday
5355,ct990413
5356,cthun_n
5357,ctiahao
5358,ctrlz77
5359,cu-rim
5360,cu-sith
5361,cube85
5362,cube_(cube00)
5363,cubehero
5364,cuboon
5365,cucchiore
5366,cuckoo_ki
5367,cudlil
5368,cui_(jidanhaidaitang)
5369,cui_pi_zha_xia_qiu
5370,cuicuijiao
5371,cuivre
5372,culotte_(hosenrock)
5373,culter
5374,culton
5375,cumdare
5376,cuna_(qunya)
5377,cunimura1584
5378,cuon_(kuon)
5379,cup6542
5380,cupen
5381,cupperexe
5382,cura
5383,curakuru
5384,cure_nico
5385,cure_slum
5386,curecycadura
5387,curico2810
5388,curio_(curiofinity)
5389,curry_bowl
5390,curry_gohan
5391,curry_soba
5392,curryisfriend
5393,currynoodle_art
5394,curse_(023)
5395,curss
5396,curtain_(posuinochuanglian)
5397,cuso4_suiwabutu
5398,custom_(cus-tom)
5399,cut_(nifuhami_35)
5400,cute_potato_(cute_potato_ner)
5401,cuteg
5402,cutescookie
5403,cutesexyrobutts
5404,cutie-png
5405,cutlass_(classic_chocolate)
5406,cutystuffy
5407,cuvie
5408,cwdw
5409,cwilocky
5410,cwind
5411,cyama_land
5412,cyan_aeolin
5413,cyan_yu
5414,cyancapsule
5415,cyaneko
5416,cyani07
5417,cyanomirahi
5418,cyany
5419,cyappy1022
5420,cyawa
5421,cyber_(cyanceebee)
5422,cyber_(cyber_knight)
5423,cyber_dragon-kun
5424,cyclecircle
5425,cyclone_(reizei)
5426,cycloneactionx
5427,cycloneyukari
5428,cyde
5429,cyenmi3
5430,cygnus_(cygnus7)
5431,cyicheng
5432,cyjalway
5433,cyka
5434,cynical_(llcbluckg_c004)
5435,cynthia_(uuzz5324)
5436,cyobiro
5437,cyoppu
5438,cypher_05
5439,cypress
5440,cyrano_(aazzss3)
5441,cyrilashnmsh
5442,cyzir_visheen
5443,czc_(deko)
5444,czech_gana
5445,czk
5446,czy_(2894456992)
5447,d-aprken
5448,d-art
5449,d-floe
5450,d-kureta
5451,d-m_(dii_emu)
5452,d-rex
5453,d-ryuu
5454,d-sawa613
5455,d-ten
5456,d._joko
5457,d.d.g_(ddg3420)
5458,d.k
5459,d.koutya
5460,d.y.x.
5461,d0600059994959
5462,d4kou16
5463,d@i
5464,d_futagosaikyou
5465,d_kake2
5466,d_midiror
5467,d_omm
5468,d_tomoki
5469,da-cart
5470,da-kuro
5471,da_(bobafett)
5472,da_(datako)
5473,da_huang
5474,da_mao_banlangen
5475,da_raku
5476,da_tengzi
5477,dabadhi
5478,dabble
5479,dabu_(dabuchan)
5480,dabuki
5481,dacchi
5482,dacho
5483,dada_(dolce)
5484,dada_(esoragoto)
5485,dadachyo
5486,dadadadadaist
5487,dadami
5488,dadamori
5489,dadijiji
5490,daebom
5491,daefny
5492,daeho_cha
5493,daenarys
5494,daeraeband
5495,daftbonkers
5496,dagashi_(place)
5497,dagasi
5498,dagou_(yuzhou_fei_gou)
5499,dahe_zhuang_(yishi_fanhua)
5500,dahuang
5501,dai-erie
5502,dai-oki
5503,dai-xt
5504,dai0
5505,dai_(mebae16)
5506,dai_mao_xuan_yi
5507,dai_yasude
5508,daiaru
5509,daible
5510,daichan_mona
5511,daichengqi
5512,daichi_(daichi_catcat)
5513,daichi_(daiti1318)
5514,daichi_(hayate1328)
5515,daichi_(tokoya)
5516,daidai_(daidai826)
5517,daidai_ookami
5518,daidaiiro
5519,daidailong
5520,daidou_(demitasse)
5521,daifugo_happy
5522,daifuku_(tkja3555)
5523,daifuku_mame_(kageroudt33)
5524,daifukumochi_(qquuiieett)
5525,daigada
5526,daigaga
5527,daigaku_jitome
5528,daigoman
5529,daigorou_(42036928)
5530,daiichi_(1279220)
5531,daiiichukiii
5532,daiishori
5533,daiji_pt
5534,daika!!
5535,daikan'yama_ebisu
5536,daikazoku63
5537,daiki
5538,daikinbakuju
5539,daiko_(dai1974910)
5540,daikoku_osamu
5541,daily_(daily178900)
5542,daimaou_k
5543,daimaou_ruaeru
5544,daime_(hyahhaa10)
5545,daimi_94
5546,dain
5547,dain_(bishop_m)
5548,daina_(encore62)
5549,dainamitee
5550,dainana_sugune
5551,dainatsu
5552,dainillust
5553,dainyuu_(dgls)
5554,daipunch
5555,dairi
5556,dairyo3
5557,daisi_gi
5558,daiso
5559,daison
5560,daisukebear
5561,daisukerichard
5562,daisx_(dais0115)
5563,daisy_mitsumata
5564,daitabashi_kinu
5565,daitai_konna_kanji
5566,daitai_sotogawa_(futomomo)
5567,daitirumoesu
5568,daito
5569,daitoutei
5570,daive
5571,daizan_(mount_position)
5572,daizu_(melon-lemon)
5573,dakaeya
5574,dakappa
5575,daki_info
5576,dakkoku_jiro
5577,dakku_(ogitsune)
5578,dakkusu
5579,dako_(dakosito)
5580,dakuazu
5581,dakun
5582,dakunesu
5583,dakuryuu
5584,dakusuta
5585,dal-gi
5586,dalc_rose
5587,dalcom
5588,dalehan
5589,dalgam12
5590,dalrye_v3
5591,dalujiadebianyuan
5592,dama
5593,damao_(kiwa777)
5594,damarinasai_(mineo)
5595,damascus_(dearigazu2001)
5596,damcheong
5597,damda
5598,damegane
5599,damenano104
5600,dameyoshi
5601,dammy
5602,damobelmont
5603,dampi
5604,dan-98
5605,dan_(kumadan)
5606,dan_(orange_train)
5607,dan_evan
5608,dan_kim
5609,dan_mora
5610,dan_nako
5611,dana_(hapong07)
5612,dana_(ocana_dana)
5613,danaka
5614,danart14020
5615,danbal
5616,danboru_(jdanboru1182)
5617,danby_merong
5618,dancho_(danch)
5619,dancho_(dancyo)
5620,dancho_no_mori
5621,dandalian
5622,dandan_(uaee4742)
5623,dandara_(karakure)
5624,dande_cat
5625,dandel
5626,danderfull
5627,dandon_fuga
5628,danemaru
5629,danfer3
5630,dangan_kurabu
5631,dangan_neko
5632,dangerousbride
5633,dangmill
5634,dangmyo
5635,dango_remi
5636,dangodes
5637,dangomushi
5638,dangorou_(yushi-art)
5639,danha
5640,danhu
5641,dani-ikapi
5642,daniel_deng
5643,daniel_deves
5644,danimaru
5645,danishi
5646,danji_bang
5647,danjou_sora
5648,dankashu
5649,dankesang
5650,danlamdae
5651,danmakuman
5652,danna
5653,danna_(karatekikku)
5654,danna_(tsukimisou)
5655,dannex009
5656,dano
5657,danpu
5658,danraz0r
5659,danshaku
5660,dantes_ward
5661,dantyou2525
5662,danxing_aipangzi
5663,danzir
5664,dao_(daao_bf)
5665,dao_trong_le
5666,daokouniao
5667,daon_(kenta111881)
5668,dappermouth
5669,darabuchi
5670,darah
5671,darahan
5672,daran9
5673,darandy
5674,daraz
5675,dare_no_inarikami
5676,dargo
5677,darjeeling_(reley)
5678,dark_duck
5679,dark_hound_3
5680,dark_jewel_(gem_oblivion)
5681,darkavey
5682,darkereve
5683,darkgreyclouds
5684,darkkanan
5685,darklux
5686,darkmaya
5687,darkmuleth
5688,darkpulsegg
5689,darkside
5690,darkvoiddoble
5691,darkworldsss
5692,darling0221
5693,darnell
5694,daro
5695,daromeon
5696,daroon5
5697,darr1o
5698,darren_geers
5699,dars_(recolors)
5700,daru
5701,daru_(kumakumadon)
5702,darudana
5703,daruia_(sabitare)
5704,daruma_karei
5705,daruma_owl
5706,darumoon
5707,darus5
5708,das_(dan_dan)
5709,dasdokter
5710,dash_b
5711,dash_ravo
5712,dasha
5713,dashi_(dashiart)
5714,dashi_(minzoku_gb)
5715,dashi_kani
5716,dashigarayama
5717,dashingicecream
5718,dashinoya
5719,dasi_(kwts3227)
5720,dasoin
5721,dasoku_sentarou
5722,dasukasuki_3g
5723,datcravat
5724,date_(mamanonamaebot)
5725,date_(senpen)
5726,date_naoto
5727,datemegane
5728,dateya_torahachi
5729,datli64
5730,dauchimk_1
5731,daue
5732,dautsen
5733,dav-19
5734,dave_cheung
5735,dave_rapoza
5736,davecavedraws
5737,david_hrusa
5738,david_liu
5739,david_nakayama
5740,david_revoy
5741,dawalixi
5742,daweykun
5743,dawit
5744,dawito
5745,dawn02
5746,daxieshen_huashi
5747,daxz240r
5748,day_mello
5749,day_walker1117
5750,dayama
5751,daydarion
5752,daydream_(zhdkffk21)
5753,daylightallure
5754,dayshiart
5755,daysss
5756,dayuh
5757,dbmaster
5758,dbz_(misaki339)
5759,dc24v
5760,dc9spot
5761,dc_(doughertyevans)
5762,dc_(makezzal)
5763,dclaret
5764,dclockwork
5765,dcon_34
5766,dconan_owo
5767,dcwj
5768,dd_(giogio99)
5769,dd_(ijigendd)
5770,dd_(vktr4837)
5771,dd_mayohara
5772,dd_tachibana
5773,ddal
5774,ddangbi
5775,ddari
5776,ddcc0123
5777,dddd_akagi
5778,dddddvkoko
5779,ddddecade
5780,dddoochi1
5781,ddingyong
5782,ddlcclia
5783,ddog
5784,ddolbang
5785,ddolggol
5786,ddongu
5787,ddt_(darktrident)
5788,ddu_45
5789,ddub1618
5790,dduck_kong
5791,dduehddueh
5792,ddul_(hauluimubingoj1)
5793,ddungddang
5794,de4d_fish
5795,de_(deys)
5796,de_da_xianyu
5797,dead-robot
5798,deadnooodles
5799,deadpool_yuchan
5800,deadprince
5801,deal360acv
5802,dealesis
5803,dean_(momodean)
5804,deareditor
5805,dearmybrothers
5806,dearonnus
5807,deathalice
5808,deatheach
5809,deatiose
5810,deaver
5811,deavor_lover
5812,debbie_(debbielu9972)
5813,deboo
5814,debudebumetabo
5815,dec05electric99
5816,deca_purio
5817,deccatezu
5818,decchi_oyabun
5819,deco_(geigeki_honey)
5820,decoponmagi
5821,decoy00xx
5822,deculture
5823,dede_(qwea_00000)
5824,dededeteiu
5825,dedeen
5826,dedeko
5827,dedeyong
5828,dedorudy
5829,dee_(tannsumi)
5830,deecha
5831,deego_(omochi_bazooka)
5832,deekei
5833,deel_(rkeg)
5834,deen_(hnxp8555)
5835,deep_(deep4946)
5836,deep_grand
5837,deeple
5838,deepsea9013
5839,deepspace
5840,deerwhisky
5841,deetamu
5842,def_(chronowarld)
5843,defaultkavy
5844,defaultz
5845,deg_(deguana)
5846,degarashi_(ponkotsu)
5847,dei_shirou
5848,deimos_art
5849,deino_(deino3330)
5850,deitaku
5851,dejio
5852,dekapoi
5853,dekasudachin
5854,dekitateomoti
5855,deko_isu
5856,deko_morii
5857,dekochin_hammer
5858,dekooop
5859,dekopin08
5860,dekosuke
5861,dekosukentr
5862,deku_(dekunosu)
5863,deku_suke
5864,delatoid
5865,delf
5866,delfino
5867,delfuze
5868,delica
5869,delichuu
5870,deliciousbrain
5871,deliciousorange
5872,delraich66
5873,delsaber
5874,delta_9
5875,delta_nonbiri
5876,delta_zone
5877,deltaa
5878,delux_drawings
5879,deluxe
5880,dema_hmw
5881,demcheg
5882,demekin2333
5883,demekyon
5884,demi_co
5885,demimond23
5886,demimushi
5887,demio
5888,demirinz
5889,demizu_posuka
5890,demonlorddante
5891,demorzel
5892,den1208
5893,den_(den_zuri555)
5894,den_(kur0_yuki)
5895,den_(zeroshiki)
5896,den_den_tumuri
5897,dena.ei
5898,denaseey
5899,denchi_more_power
5900,denchu_(kazudentyu)
5901,denchuubou
5902,denden
5903,dendryte_axxon
5904,denfunsan
5905,dengeki_gx
5906,denhijou_niki
5907,deni_m
5908,denim2
5909,denimcatfish
5910,denis_istomin
5911,denizen_tomo
5912,denjinq
5913,denjyou23
5914,denkaisui
5915,denken
5916,denki
5917,denki_showgun
5918,denkirk
5919,denkitori
5920,denn_(naluse_flow)
5921,dennryuurai
5922,deno_(denomina0)
5923,denpa0304
5924,denpa_(denpae29)
5925,denpa_rasaito
5926,denpaken_pochi
5927,denson
5928,deogho_(liujinzy9854)
5929,depo_(typebaby505)
5930,deraken
5931,deras
5932,derauea
5933,derby_(dabidabi)
5934,deretta
5935,deriolet
5936,derk_maxx
5937,dermar
5938,deroo
5939,derori
5940,derpixon
5941,des_(desvitio)
5942,des_(namaasi)
5943,desaku
5944,designer_ojisan
5945,desspie
5946,detective_0414
5947,dethmaid
5948,deto
5949,dev_(dev0614)
5950,dev_voxy
5951,deviidog0
5952,devil_heavens
5953,devil_lo
5954,devil_yanghyeok
5955,devilhs
5956,devilkillerx
5957,devilukez
5958,devin_elle_kurtz
5959,devonrex
5960,dew_(7302235)
5961,dexp
5962,deymara
5963,deyo_(nicijyou)
5964,deyui
5965,deyuyama
5966,dfd
5967,dfhnokenbutu
5968,dfra
5969,dgkamikaze
5970,dh-zone
5971,dh_(brink_of_memories)
5972,dha
5973,dha315
5974,dhfz181
5975,dhiea
5976,dhjs_0010
5977,dhokidoki
5978,di_le_to
5979,diamon_arga
5980,diamondx1704
5981,diana_jakobsson
5982,diana_mercolini
5983,diandao_qin
5984,diandianzai
5985,diaodiao
5986,diaoxian_kuangmo
5987,diathorn
5988,dice156
5989,dice_gt
5990,dichlorvos
5991,dickfish_(fishismdick)
5992,didi_(whaqlrpwjd)
5993,didi_daisukedoi
5994,didi_esmeralda
5995,didloaded
5996,die_(die0118)
5997,diepod
5998,diesel-turbo
5999,diezmil10000
6000,difman
6001,diforland
6002,digdug006
6003,digimin
6004,digiral
6005,digitalscratch
6006,diieru
6007,diisuke
6008,dikko
6009,dima_ivanov
6010,dimas_(dimas79756948)
6011,dime-san
6012,dimos_(dawn_1945)
6013,din_(flypaper)
6014,din_(raiden)
6015,dincat
6016,dingding_(chongsangjun)
6017,dingotoad
6018,dinikee
6019,dinned
6020,dino_(dinoartforame)
6021,dinosaurominuto
6022,dinyc
6023,dio_nand
6024,diode_(0_division)
6025,diolemonde
6026,diootaro
6027,dior-zi
6028,diptip
6029,dirty_ero
6030,discharge_mochi
6031,disco_brando
6032,dise_(psychoro)
6033,disgustingtokki
6034,dishing
6035,dishui_tangni
6036,dishwasher1910
6037,dismaiden
6038,dismassd
6039,disorder!
6040,distance
6041,distr
6042,disuto
6043,ditama_bow
6044,diten
6045,ditienan_ddn
6046,diu1
6047,diu9you
6048,diurtion
6049,diva_(hyxpk)
6050,divergenceok
6051,diving_penguin
6052,diyokama
6053,diz_(diznaoto)
6054,dizdoodz
6055,dizmathik
6056,dizzle
6057,dizzyspells
6058,dj.adonis
6059,djcomps
6060,djheycha
6061,djloops
6062,djmn_c
6063,dk.senie
6064,dkaki
6065,dkl_(dinosaurkl2)
6066,dkoro
6067,dkou
6068,dkxlek
6069,dl2go
6070,dl_(dl_6ix)
6071,dlanon
6072,dlckrpwjd111
6073,dleung
6074,dlgeria
6075,dlkdhy
6076,dlnk
6077,dm_(dai_miao)
6078,dmanya
6079,dmith
6080,dmitriy_samarkin
6081,dmitry_grozov
6082,dmitrys
6083,dmt_(auburn)
6084,dmuyaa
6085,dnaitari
6086,dnk
6087,dnsdltkfkd
6088,dnumde
6089,do2mi_doreimi
6090,do9bessa
6091,do_(4-rt)
6092,do_m_kaeru
6093,do_while02
6094,doatobira
6095,dobato
6096,dobek_k
6097,dobito_mn
6098,doboshiru
6099,dobostorte
6100,dobu_(moor)
6101,dobunezumi
6102,dobure18
6103,doburoku_(daiginjou)
6104,docoi
6105,docozi
6106,doctor_anfelo
6107,doctor_zexxck
6108,docyacico
6109,dodai_shouji
6110,dodari
6111,dodo_(yatotoyatoto)
6112,dododo_dadada
6113,dodok_(gj77230)
6114,dodome-iro_mayonnaise
6115,dodomori
6116,dodosako
6117,dodota
6118,doekis
6119,doenji_(auto7233)
6120,dofresh
6121,dofus_(icyboon)
6122,dog-san
6123,dog_9uk
6124,dogdogwanwan
6125,doge_(jkdoge)
6126,dogephalus
6127,doggo_1d34
6128,dogs_(dlrkdejr26)
6129,dogxfish
6130,doha_skylightscent
6131,doham
6132,dohwa110
6133,dohyo123123
6134,doi_masayuki
6135,doinaka
6136,doiparuni
6137,doitsuken
6138,doitsuudon
6139,dojipan
6140,dojirou
6141,doka_yuki_(tsumorisugi)
6142,dokan_(dkn)
6143,doki_(oox3o)
6144,dokimaru
6145,dokite_tsukasa
6146,dokiyuri
6147,dokka_no_kuni_no_kokuou
6148,dokkumaa
6149,doko_tetora
6150,dokodemonai
6151,dokomon
6152,dokonjou_(odossan)
6153,dokshuri
6154,doktor_malefic
6155,doku-chan_(dokkudokudoku)
6156,doku-doku
6157,doku_(hitori_ox)
6158,doku_corne
6159,doku_gorira
6160,doku_hebi
6161,doku_yanagi
6162,dokudoku913
6163,dokuganryuu
6164,dokumi
6165,dokuna
6166,dokuneko_noiru
6167,dokuro-san
6168,dokuro_deluxe
6169,dokuromaru
6170,dokuta
6171,dolce_(dolsuke)
6172,dolcexxx
6173,doldol_(rkwowlqrp)
6174,dolechan
6175,dolekat
6176,dolldolldd
6177,dollllls2
6178,dolman_(dm)
6179,dolphenry
6180,dolphro-kun
6181,dolri
6182,dolustoy
6183,domado
6184,domaguri
6185,dombear
6186,domco
6187,domi_(hongsung0819)
6188,domik
6189,domo1220
6190,domo_(domo_kizusuki)
6191,domodomo0708
6192,domoge
6193,domotolain
6194,domu_(hamadura)
6195,don3
6196,don_(29219)
6197,don_(rg06268)
6198,don_allan_figueroa
6199,donar0217
6200,donarudo
6201,donata_(donatasama)
6202,donbee937
6203,donburi_(donburikazoku)
6204,dondobi
6205,dondyuruma
6206,donedone
6207,doneen69
6208,dong_(wandong44944)
6209,dong_hawn
6210,dong_hole
6211,dong_ji
6212,dongchuan
6213,donggua_bing_cha
6214,dongho_kang
6215,dongsa_wonhyong
6216,dongsheng
6217,donguri_big
6218,donguri_suzume
6219,dongye1551
6220,dongyue_sakura
6221,donki_(yeah)
6222,donkikong_(pixiv17278003)
6223,donkoni
6224,donmin_h
6225,donnpati
6226,donpa
6227,donson
6228,donutman
6229,donuttypd
6230,doo58455
6231,doodlefish
6232,doodlelotl
6233,doomcomic
6234,doong_24
6235,dooogge
6236,door_to_heaven
6237,doora_(dora0913)
6238,doorknoble
6239,dootmoon
6240,dopamine70
6241,dopey_(dopq)
6242,dopeybunni
6243,doppel_(bonnypir)
6244,dora_(garyeong)
6245,dora_v_nu
6246,dorachan_r
6247,doradorakingyo
6248,doraeshi
6249,doran_(doran7280)
6250,doran_(dorannomai)
6251,doraski
6252,dore_(gilles_dore)
6253,doremifa84
6254,doren
6255,dori_(choejeongmin7)
6256,doria_(p_f_dolia)
6257,dorianm_bc
6258,dorianpanda
6259,doribae
6260,doridori
6261,dorisu2
6262,doriyamatsurugi
6263,doro9363
6264,doro_(sabarudoro)
6265,doro_mizu_831
6266,doro_rich
6267,doroame_(ameyu)
6268,doroidsan
6269,dorok
6270,doromame
6271,doromizu
6272,dororosso
6273,doroshii
6274,dorowa_(drawerslove)
6275,dorris
6276,doru_riheko
6277,dorua_(dollar)
6278,doruka
6279,dos_(james30226)
6280,dosei
6281,doseisan_(dosei-san)
6282,doskoinpo
6283,dosu_(doseven)
6284,dosu_(yodosu)
6285,dosugon
6286,dot_r
6287,dotaku_(wran8845)
6288,dotekabocha
6289,dotori_(seulseul)
6290,dotsu_(wtnbkwiyd)
6291,dotsuco
6292,dotthebot
6293,dotz
6294,dou-t
6295,dou_(mame_eee)
6296,dou_tanuki
6297,doublehero
6298,doubutsu_koujou
6299,doubutsunoujyou
6300,doufu_(pixiv9093484)
6301,doufujintianxianle
6302,dougaku_(passionpit777)
6303,dougan_calpis_con
6304,doumou
6305,doupichipizi
6306,doupu41
6307,dousaki_shin'ya
6308,doushi_tatsu_to_dekkai_no
6309,doushimasho
6310,doushite
6311,douya_(233)
6312,douyougen
6313,doveluc
6314,dovepopon
6315,dowman_sayman
6316,doxy
6317,doya
6318,doyachii
6319,doyoon_7
6320,doyora
6321,doyouwantto
6322,dpea9
6323,dqn_(dqnww)
6324,dr-alu
6325,dr._addamelech
6326,dr._bug
6327,dr._cryptoso
6328,dr._gero_(staedtler_0508)
6329,dr.k
6330,dr.lamina
6331,dr.p
6332,dr.wolf
6333,dr_altruist
6334,dr_graevling
6335,dr_mice
6336,dr_rex
6337,dr_whiger
6338,dr_yamero
6339,dra_(area-s)
6340,drachea_rannak
6341,dracksart
6342,drag009
6343,dragonagia643
6344,dragoner
6345,dragonith
6346,dragonmaterial
6347,drakente
6348,dramatica
6349,dramz
6350,draw-till-death
6351,draw_two
6352,drawdrawdeimos
6353,drawdream1025
6354,drawfag
6355,drawing_flover
6356,drawing_kanon
6357,drawinglee
6358,drawinik
6359,drawloverlala
6360,drcockula
6361,drdr_ao_midoro
6362,dre
6363,dreadpunk
6364,dreadtie
6365,dream_demon
6366,dream_han
6367,dreamer_tapir
6368,dreaminerryday
6369,dreaming_oor
6370,dreamlight2000
6371,dreamoon
6372,dreamscreep
6373,dreamsyndd
6374,dreamusun
6375,dreamysuite
6376,drenched-in-sunlight
6377,dresstrip
6378,drew_(drew213g)
6379,drgryu750
6380,drias
6381,drid
6382,drie
6383,driftingtiger
6384,driftkingtw
6385,driftwoodwolf
6386,drill_(emilio)
6387,drill_bulbul
6388,drive_shot
6389,drlee_lili
6390,drogoth
6391,drone_(drone_37)
6392,drop.b
6393,drops_mint
6394,dross
6395,drowzzi
6396,drruraguchi
6397,drsunshine
6398,drunkoak
6399,dryegen
6400,dryseaweed
6401,ds_(ndsl)
6402,dsharp
6403,dsmile
6404,dsuzu
6405,dtawawa
6406,dtcy
6407,dterl
6408,du_mogu
6409,duan_henglong
6410,duang_(user_tsag8258)
6411,duany
6412,dubeaduver
6413,duca
6414,ducartoon
6415,duck_duck
6416,duckchuni
6417,dudeunderscore
6418,dudlesnoodles
6419,duffy
6420,duhota
6421,duke_(inu_daimyou)
6422,dulldull
6423,dunceneygak
6424,dunchy
6425,dune_(artist)
6426,dungeon_toaster
6427,dunggeul_dunggeul
6428,dunkemz
6429,duoj_ji
6430,duoyuanjun
6431,duoyun_de_tiankong
6432,dura
6433,duralu500
6434,durian12
6435,durindana_7
6436,dush_1154
6437,dushiido
6438,dusk_ming
6439,dusk_poke27
6440,dusty_heaven
6441,dusu_(htkj)
6442,dutchko
6443,duto
6444,duximeng
6445,duz
6446,duzizai
6447,dvdarts
6448,dvdraw
6449,dwayne_hakkai_2
6450,dx_(dekusu)
6451,dyadyadya
6452,dyarikku
6453,dydydyok
6454,dying_(dying0414)
6455,dynamite_pussy_cat
6456,dynamitenatalia
6457,dynamotor
6458,dynorz
6459,dyresbroom
6460,dyson_(edaokunnsaikouya)
6461,dysoor
6462,dytm
6463,dyun
6464,dywx_poison
6465,dyzd1
6466,e-bushi
6467,e-co
6468,e-fa-dorn
6469,e-kingdom
6470,e-ncyo
6471,e-note
6472,e-nya
6473,e-wing_(ewingillustrate)
6474,e.c.ho
6475,e.o.
6476,e10
6477,e11e
6478,e20
6479,e=mc2_(mosimosi)
6480,e_(eokiba)
6481,e_(h798602056)
6482,e_atkenedm
6483,e_buki
6484,e_draw_paint
6485,e_eel
6486,e_ixion
6487,e_name
6488,e_neko
6489,e_sky_rugo
6490,e_v_e_neko
6491,e_volution
6492,ea_ateu
6493,eaglov
6494,earasensha
6495,earlgrey
6496,early_type
6497,earosoligt
6498,earth_ekami
6499,easel_(dam0628)
6500,eason870408
6501,easonx
6502,east01_06
6503,east_sha2
6504,easty
6505,easy_(aqk7bdqt)
6506,eat0123
6507,eat666
6508,eat_some_cookie
6509,eatora
6510,eau
6511,ebanoniwa
6512,ebata_risa
6513,ebba
6514,ebbilin
6515,ebf7l
6516,ebi-rom
6517,ebi_(eeotoko)
6518,ebi_(shrimp_eleven)
6519,ebi_193
6520,ebi_bento
6521,ebi_fly_55
6522,ebi_pri_shrimp
6523,ebi_puri_(ebi-ebi)
6524,ebi_tendon
6525,ebibaachan
6526,ebibi_chiriri
6527,ebiblue
6528,ebichiri_sunday
6529,ebido
6530,ebiebiebio
6531,ebifly
6532,ebifu
6533,ebifurya
6534,ebihara_beniko
6535,ebihurai
6536,ebikawa_kanetake
6537,ebiko_yaki
6538,ebimomo
6539,ebina_souichi
6540,ebine_toshio
6541,ebinera
6542,ebinku
6543,ebippoid
6544,ebira
6545,ebiri_fy
6546,ebisu_kana
6547,ebisu_senri
6548,ebisujima_misato
6549,ebitendon
6550,ebiura_akane
6551,ebizome
6552,eboda-x
6553,ebon
6554,ebonyxh
6555,ebora
6556,ebr-kii
6557,ecchisage
6558,eccma417
6559,ecell
6560,ech
6561,echanis_enicha
6562,echieichi
6563,echigoya_takeru
6564,echihiro
6565,echizen_(hvcv)
6566,echizen_(n_fns17)
6567,echj
6568,echo-kilo
6569,echo_(circa)
6570,echo_saber
6571,echosdoodle
6572,ecien
6573,eckert&eich
6574,ecliygame
6575,eclosion
6576,eclyart
6577,eco_(petticoat)
6578,eco_376124
6579,ecoman
6580,ecru
6581,ecstasy1919
6582,ecu8080
6583,ed_(edemevas)
6584,eda
6585,eda_(prsy3)
6586,edajima_denki
6587,edaki_shin'ya
6588,edamame_(barium)
6589,edamame_(buruburu)
6590,edamameoka
6591,edamamezooooo
6592,eddybird55555
6593,ede
6594,eden_(shiroki_yuutsu)
6595,edenfox
6596,edgar_syu
6597,edgycat
6598,edible_sus
6599,edkuroki
6600,edmonmondo
6601,edmun6969
6602,edo-sama
6603,edo.
6604,edo_mond_(edoedoedomond)
6605,edo_tatsuki
6606,edoara
6607,edobox
6608,edogawa_kigoro
6609,edogawa_nao
6610,edogawa_roman
6611,edogawakid
6612,edomon-do
6613,edowan
6614,edoya_inuhachi
6615,edoya_pochi
6616,edpan
6617,eds
6618,edward_(chookooreetoo)
6619,edwin62293123
6620,edwin_(cyberdark_impacts)
6621,edwin_huang
6622,edwintarm
6623,edz_drawz
6624,ee_extension_02
6625,eeeeee
6626,eegiiartto
6627,eeju
6628,eel_mizue
6629,eencya
6630,eerisyn
6631,eerr
6632,eeryuu_(2004107)
6633,eeshin_(eishin5584)
6634,eeyasu
6635,eeyoosekedooaat
6636,efe
6637,effort_star
6638,effy_neprin
6639,efmoe
6640,efreezerarts
6641,efu_(ehutan)
6642,efukei
6643,efuri_(riarea00)
6644,efwc
6645,efyuru
6646,egakuning
6647,egami
6648,egawa_akira
6649,egawa_hiromi
6650,egawa_satsuki
6651,egg_(cknlun)
6652,eggplant7217
6653,eggrice_v
6654,egk513
6655,ego6
6656,ego_(ego_inp)
6657,egoist_tosummer
6658,egokorokid
6659,egomeshi
6660,egooo
6661,egret
6662,eguana
6663,eguchi_tumoru
6664,eguegu
6665,eha7y
6666,ehart
6667,ehehe52921343
6668,ehime_mikan
6669,ehirorotoon
6670,eho_(icbm)
6671,ehrrr
6672,ehryel
6673,ei_(marutendon)
6674,ei_tantan
6675,eichan_(eichanidfi)
6676,eichi_(skskdi12z)
6677,eichi_(wild_chicken)
6678,eichi_(yashokuya)
6679,eichi_turnr
6680,eichi_yuu
6681,eichikei_(hakuto)
6682,eichisu
6683,eidenjyou1997
6684,eien_no_juu_nana-sai
6685,eien_no_kurayami
6686,eien_no_sai_tori
6687,eigaka
6688,eigetu
6689,eight_tohyama
6690,eightman
6691,eightyfourart
6692,eigoni
6693,eihi
6694,eihire
6695,eiji
6696,eiji_(eiji)
6697,eijima_moko
6698,eik_s2
6699,eikawa_suru
6700,eiki_(eikityou_55)
6701,eiku
6702,eila_yagyu
6703,eilinna
6704,eimikosmoothie
6705,ein_(long_cake)
6706,ein_lee
6707,eine_(eine_dx)
6708,einheadt
6709,eip_(pepai)
6710,eipanguino
6711,eiri_(eirri)
6712,eiriseth
6713,eiryu33
6714,eisu_(eith)
6715,eisuke_(gobangai_hole_boys)
6716,eisuto
6717,eita_789
6718,eitarou_(kaminari_neko)
6719,eitopondo
6720,eiwa
6721,eiyuu_(eiyuu04)
6722,ejami
6723,ek_masato
6724,eka_eri
6725,ekaapetto
6726,ekaki_kukuma
6727,ekaki_panda
6728,ekakibito
6729,ekao
6730,ekaterina_orange
6731,ekazawa_sdvx
6732,ekidona
6733,ekina_(1217)
6734,ekisutora
6735,ekita_kuro
6736,ekkusu_kyuuzu
6737,ekkusuren
6738,ekm
6739,eko
6740,eko.art
6741,eko_(wk_egg)
6742,eko_(yu-shao-eko)
6743,ekoru
6744,ekra
6745,ekrea_jan
6746,eksi_(kriixx)
6747,eku
6748,ekuesu
6749,ekuramani
6750,ekus_(xo_ekus)
6751,ekusa_takahito
6752,ekuskarma
6753,ekz_(robotekz)
6754,el_(canon_jihad)
6755,el_joey
6756,elaine-didaea
6757,elakan
6758,elan_ouo
6759,elanore
6760,elaphe_guttata6
6761,elazale
6762,eleaaa
6763,eleanor_(ohmyeleanor)
6764,eleazarmikai
6765,elegant_(sumisumi4268)
6766,elel185
6767,elenab
6768,elf_(stroll_in_the_woods)
6769,elf_k
6770,elfboiii
6771,elfenlied22
6772,elias2art
6773,elias_chatzoudis
6774,elicooc
6775,elina_(e2n04n)
6776,elina_(eri15)
6777,elina_kuroe_no_daarin
6778,elinnasky
6779,eliot_(eokaitekaite969)
6780,elisbian
6781,eliskalti
6782,elite_nappa
6783,eliza_804
6784,elizabeth_(tomas21)
6785,eljimadooor
6786,elk115
6787,elleciel.eud
6788,ellie_niunai_zhuyi_zhe
6789,elliemaplefox
6790,ellipsis_(mitei)
6791,ello
6792,ells
6793,ellu
6794,elmo_(st_elmomomo)
6795,elna
6796,elocca
6797,elodeas
6798,elomil
6799,eloru
6800,elosia
6801,elphe
6802,elpipe_3000
6803,elrowa
6804,els_(ljhlee12)
6805,elsevilla
6806,elsi
6807,elsynien
6808,eltir
6809,eltonel
6810,elulit2
6811,elun_(elun_00)
6812,eluthel
6813,elvafirst
6814,elvandec
6815,elyoncat
6816,elysiium
6817,elyzerda
6818,elze_(s01047480836)
6819,em_(totsuzen_no_hakike)
6820,em_s
6821,ema20
6822,ema3
6823,ema_(emaura)
6824,ema_(kuguiema)
6825,emaason
6826,emanon123
6827,emanonta
6828,emapippi
6829,emase_(foxmoon)
6830,emdo_(norabbit)
6831,eme_(emeralda)
6832,ememtrp
6833,emerane
6834,emerson_tung
6835,emesan_desu
6836,emg_(christain)
6837,emi_(emi43)
6838,emi_star
6839,emia_(castilla)
6840,emia_wang
6841,emil1030_blue
6842,emil_(386)
6843,emil_(fafa)
6844,emile_aoi
6845,emilio_(tetsukazu_no_ao)
6846,emily_(pure_dream)
6847,emily_kim
6848,emimeku
6849,emimi_(emimi_28)
6850,emina
6851,emirio_(emirio110)
6852,emiya_negi
6853,emje_(uncover)
6854,emlan
6855,emma_(kumaema)
6856,emmikn
6857,emmmerald
6858,emne
6859,emo37337640
6860,emo_(mikan)
6861,emo_(ricemo)
6862,emoi_do
6863,emoillu
6864,emon-yu
6865,emoncake.
6866,emonyu
6867,emoto_reishi
6868,emoto_shikeko
6869,emperpep
6870,emptyayya
6871,emu_(confisery)
6872,emu_(emum)
6873,emu_(eomou)
6874,emu_(losspass)
6875,emu_(marico_w)
6876,emu_(toran)
6877,emu_(trigger)
6878,emu_1316
6879,emuchi
6880,emukami
6881,emukon
6882,emunise
6883,emurin
6884,emushake
6885,emuwai
6886,emya
6887,emyo
6888,en@rain
6889,en_(enxxx)
6890,en_(paorasuteki)
6891,en_0410
6892,ena_(enaa97)
6893,enajii
6894,enaki_(mtmti)
6895,enami_(e373)
6896,enami_hakase
6897,enami_katsumi
6898,enatsu
6899,encheru_(th-sto)
6900,enchuu_kakiemon
6901,end80236189
6902,endend_(shinia)
6903,endifi
6904,endivinity
6905,endo_(takolegs)
6906,endo_mame
6907,endo_yohane
6908,endori
6909,endou_(zettai_bluenoid)
6910,endou_chihiro
6911,endou_hiroto
6912,endou_masatoshi
6913,endou_okito
6914,endou_tatsuya
6915,ene_mizunoawa
6916,eneco
6917,eneko_(olavcnkrpucl16a)
6918,enelis
6919,eneru_(enepuni)
6920,eneshi
6921,enfuku
6922,engacyo_(engacyo39800yen)
6923,engasaki_sakura
6924,engawa_(rarenago)
6925,engawa_suguru
6926,engiyoshi
6927,engo_(aquawatery)
6928,eni_(yoyogieni)
6929,enia_(eniaart)
6930,enin
6931,enipa_28
6932,eniraka
6933,enishi96
6934,enj!
6935,enjaku_izuku
6936,enjoy_mix
6937,enk_0822
6938,enka_(bcat)
6939,enkichi_totan
6940,enkyo_yuuichirou
6941,enma_(enmanuelart)
6942,enn_matien
6943,enne_kl
6944,enni
6945,ennui_orz
6946,ennuigrl
6947,eno_(abekawa_hikozaemon_x)
6948,eno_yukimi
6949,enobun3gyo
6950,enoki_(gongindon)
6951,enoki_3106
6952,enoki_art
6953,enoki_p
6954,enokido_(reido1177)
6955,enokinoko1010
6956,enokitake
6957,enoko_(zqfebi)
6958,enokuma_uuta
6959,enomoto_hidehira
6960,enomoto_hina
6961,enomoto_nao
6962,enonko
6963,enoo
6964,enosan
6965,enoshima_iki
6966,enoshito
6967,enotou_(enotou_moi)
6968,enouchi_ai
6969,enpe
6970,enpera_(jdud8375)
6971,enperuto_(yarumi)
6972,enpido
6973,enpitsu01
6974,enporion
6975,enpou
6976,enrike_(enrique_mr_blue)
6977,enru
6978,enryuu_(rmxs3488)
6979,ensemble_girls_(artist)
6980,ensinen
6981,enta_shiho
6982,enu_(brandnewday02)
6983,enu_(roco_roco44)
6984,enudesuga
6985,enuma_ru
6986,enumiyaa
6987,enun
6988,enuni
6989,enunomiya
6990,enusabu_(enusub)
6991,enushi_(toho193)
6992,envenomist_(gengoroumaru)
6993,envi55109095
6994,envyvanity
6995,enyon_moon5
6996,eo_masaka
6997,eon_(greencastle)
6998,eonsang
6999,eonyan_(chaeyang)
7000,eorinamo
7001,eorx
7002,eosd2002
7003,epakim
7004,epeulu_(ate5424)
7005,epi_zero
7006,epic_armageddon
7007,epiko_(aki)
7008,epiphone_(flet06)
7009,epitaph_(1122)
7010,epko
7011,epm
7012,epoxy_putty
7013,eps3rd
7014,epuko
7015,equal_(heartstrings)
7016,er1ji6ou2004
7017,era_(erasion)
7018,era_(traveling_bird)
7019,erakin
7020,erako9
7021,erasorpepero
7022,erbium
7023,erchongbaojun
7024,ere_(2516325)
7025,erechan
7026,erect_sawaru
7027,eredhen
7028,ereka
7029,ereraero
7030,erere
7031,eretto
7032,ergot
7033,ergouzi_echo
7034,erhuo
7035,eri_(erikiri)
7036,eri_(yangyang_nickbow)
7037,eri_muuton
7038,eri_na
7039,eric_(tianqijiang)
7040,eric_flay
7041,eric_lowery
7042,eric_toner
7043,erica_(naze1940)
7044,ericson_blum
7045,eriimyon
7046,eriko_(nakaeri_gogo)
7047,erinan
7048,eringi_(rmrafrn)
7049,eringi_oishii
7050,eringikinono
7051,eriochromatic
7052,eriol_s2
7053,eriott
7054,eris.y_(7hai)
7055,erise
7056,eriyama_e
7057,erkaz
7058,erkerut
7059,erlisa_takanashi
7060,ermu_(enmmm)
7061,ero_daisuki
7062,ero_kaeru
7063,ero_mang-a
7064,ero_shocker
7065,ero_waifu
7066,eroborne
7067,erochi
7068,erodrunky
7069,eroe
7070,erogomatinpo
7071,eromame
7072,eromettsu
7073,eromkk
7074,erory6_(ro)
7075,erospanda
7076,erotanuki
7077,erotibot
7078,errant
7079,error1945
7080,error1980
7081,ershuihe
7082,erty113
7083,eru
7084,eru-sennin
7085,eru_(l_illust45)
7086,eru_daydream
7087,erua_(_8eru)
7088,erubo
7089,erufura
7090,eruichi_(redphantom)
7091,erupusai2
7092,eruru_(erl)
7093,eruthika
7094,eruthu
7095,eruu_(eruuman)
7096,eruza
7097,eryz
7098,es-ther
7099,es_(eisis)
7100,esaman_u
7101,ese_shinshi
7102,esearu
7103,esg_(essagna)
7104,eshineko
7105,eske
7106,eskimofox
7107,esora-arts
7108,esoragoto
7109,espada_gcon
7110,espen_olsen_saetervik
7111,esphy
7112,essual_(layer_world)
7113,estelle8js
7114,esther_shen
7115,esu_(tasoesu)
7116,esu_(transc)
7117,esubui
7118,esukee
7119,esureki
7120,esuthio
7121,esuyuki
7122,esuyukichin
7123,et.m
7124,eta
7125,etama_quomo
7126,etan14
7127,etceteraart
7128,etchimune
7129,eternalspherex
7130,eternity_(shadeh)
7131,eteru
7132,etesumsom
7133,ethan69_(anhuzart)
7134,ether_core
7135,ethylene_ty
7136,etiv
7137,etmc1992
7138,eto_(etonomemo1008)
7139,eto_(ikumika)
7140,etogami_kazuya
7141,etoile
7142,etokakaitari
7143,etomai
7144,etori
7145,etou_(cherry7)
7146,etsem
7147,etsunami_kumita
7148,etsuo
7149,etsuransha_no_rei
7150,ettone
7151,etuzan_jakusui
7152,etyaduke
7153,eu03
7154,eu_(euspia)
7155,eudetenis
7156,euf-dreamer
7157,eufoniuz
7158,euforia
7159,eugenio2nd
7160,eugle_na
7161,euhage73
7162,eulyin_huan
7163,eumi_114
7164,eun_(eunice)
7165,eungi
7166,eunnieverse
7167,eunos
7168,eunram
7169,euphoniummatsu
7170,eureka_(eureka-0075)
7171,eureka_814
7172,eureka_brider
7173,eus_ing
7174,eushufeal
7175,euthan
7176,euzh266
7177,ev_(dai00888)
7178,ev_(kemomimizuku)
7179,eva_(hq8nn1ef)
7180,eva_16-gouki
7181,eva_mashiro
7182,eva_solo
7183,evan_stanley
7184,evandragon
7185,evangellium
7186,eve_on_k
7187,evening_rabbit
7188,evercelle
7189,everchix
7190,evers
7191,everyday2
7192,everyntrge
7193,evil-dei
7194,evilfrap
7195,evilgun
7196,evinist
7197,evl_1230
7198,evolvingmonkey
7199,evomanaphy
7200,evulchibi
7201,evzeva
7202,ewa_(seraphhuiyu)
7203,ewaaawa
7204,ewn
7205,ewokakukaede
7206,ewokakuman
7207,ex-trident
7208,ex_idol
7209,ex_saki
7210,exa_(koyuru)
7211,exabyte_(parallax05)
7212,exaxuxer
7213,excaliblader
7214,excel_(gewalt)
7215,excella_(delltothu)
7216,exiadoon
7217,exlic
7218,exmile
7219,exocet_(exocet4)
7220,explosion_psycho
7221,exren
7222,extraspiky
7223,extreme_yuri_buta
7224,exusiai_dust
7225,eye_(mememem)
7226,eymbee
7227,eyokiki
7228,eyvzi172xqdkvs7
7229,eyyy
7230,ez6
7231,ez_1011
7232,ezaki_bisuko
7233,ezaki_papiko
7234,ezier
7235,ezoshika
7236,ezraqi
7237,ezu_(e104mjd)
7238,ezume_(rosehip)
7239,ezusuke
7240,ezzydraws
7241,f-cla
7242,f-tani
7243,f-una
7244,f.k_(hs225kr)
7245,f.s.
7246,f.w.zholic
7247,f7(eiki)
7248,f_1chan
7249,f_con
7250,fa_no_hito
7251,fabri
7252,facominn
7253,fadingz
7254,faech
7255,faejunkie
7256,faeki
7257,fafameow
7258,fafayu
7259,fagi_(kakikaki)
7260,fagun_yibei
7261,fai_(fai-storage)
7262,faicha
7263,fairyfloss
7264,faithom
7265,faiz_azhar
7266,fajyobore
7267,fake_(lord_socar)
7268,fakepucco
7269,faker_ktd
7270,fal_(fal-se-0)
7271,fal_(falketto)
7272,fal_maro
7273,falco_arrow
7274,falcoon
7275,faldeus
7276,falken_(yutozin)
7277,fall4592
7278,fall_(aki)
7279,fallen-leaves
7280,fallenspherell
7281,famepeera
7282,fami_(yellow_skies)
7283,fami_miminmin
7284,fan_ju
7285,fan_mu_zhang
7286,fan_no_hitori
7287,fan_yang_(jiuge)
7288,fancybetty
7289,fang_qiao
7290,fang_zhenjun
7291,fangai-anmian
7292,fangdan_runiu
7293,fangfangtu
7294,fangpeii
7295,fangs_(fangs_art)
7296,fangwan
7297,fangxiang_cuoluan
7298,fankupl
7299,fant
7300,fanta_(the_banana_pistols)
7301,fantasydolce
7302,fanteam
7303,fantomyu
7304,fantongjun
7305,faoru_ofuton
7306,fare
7307,fary5
7308,fasnakegod
7309,fasorasi
7310,fat_(artist)
7311,fataaa
7312,fatalbug896
7313,fatcat_booster
7314,fate_goattaker
7315,fate_no_keshin
7316,fateline_alpha
7317,fathom
7318,fatkewell
7319,fatzhai
7320,faubynet
7321,faustsketcher
7322,fav_faris
7323,favilia
7324,favnvs_(s910a_ib6)
7325,fawny
7326,fbc
7327,fc_(efushii)
7328,fcc_(fengcheche)
7329,fct
7330,fd_(fd_sanmaru)
7331,fe135700
7332,fe_(tetsu)
7333,feason
7334,feb_itk
7335,fechirin
7336,fed_(giba)
7337,fedsnk
7338,feefal
7339,feel_(nasitaki)
7340,feeno
7341,feesh
7342,feguimel
7343,fei_(maidoll)
7344,fei_(songyijie)
7345,fei_luo_mao
7346,fei_mao
7347,feibai
7348,feichangkou
7349,feifu
7350,feikyart
7351,feint721
7352,feipin_zhanshi
7353,feiton
7354,feiwusheng
7355,feiyu30903448
7356,felia_hanakata
7357,felicia-val
7358,felielle
7359,felipe_godoy
7360,fellatrix
7361,felnemo
7362,felox08
7363,felt
7364,felutiahime
7365,fen_renlei
7366,feng_ling_(fenglingwulukong)
7367,feng_mouren
7368,feng_shao_kky_(arj0522)
7369,feng_you
7370,fengcheche
7371,fenghu_(huli)
7372,fengli_(709622571)
7373,fengling_(furin-jp)
7374,fengmo
7375,fengqun
7376,fengsao_hua_tanzhang
7377,fengshen_chino
7378,fengtian_(artist)
7379,fengtu_ad
7380,fengya
7381,fengyin_shici_guozi
7382,fenixman12
7383,fenkko
7384,fenqury
7385,fenrir_(fenlil0316)
7386,fenrir_(fenriluuu)
7387,fenrirr
7388,fenyon
7389,feral_lemma
7390,ferdy's_lab
7391,feriowind
7392,fermium.ice
7393,ferret-san
7394,fervent_idiot
7395,festa11307070
7396,fetishist
7397,fever-san
7398,fey_(whitepaper)
7399,feza_chen_(ushaku)
7400,ff_frbb122
7401,ffc
7402,ffccll
7403,ffcreatyuuki
7404,fffukuzawa
7405,ffxivys
7406,fgsketch
7407,fh_moya
7408,fhang
7409,fi-san
7410,fi_zz_ill
7411,fian_f.n
7412,fictional_sister
7413,fieryonion
7414,fifiruu
7415,fifuth
7416,fig_(lchijiku)
7417,fight_yoghurt
7418,figmnts
7419,fii_fii_(feefeeowo)
7420,fikkyun
7421,file112056
7422,filha
7423,filkia
7424,fill_(fill_lemonn)
7425,fin_gocco
7426,fina_(sa47rin5)
7427,finalcake
7428,finaltakenoko
7429,finch_(blanc1771)
7430,findoworld
7431,fine_9725
7432,finik
7433,finn_flint
7434,finni_chang
7435,fiodo
7436,fir3born
7437,fireball_666
7438,fireblast
7439,fireflysnow
7440,firehippo
7441,firemauer
7442,firenzesaika
7443,firolian
7444,firstw1
7445,fish.boy
7446,fish191101756
7447,fish7163
7448,fish_(red_star_child)
7449,fish_dumplings
7450,fishcoooo
7451,fishee_(fisheem4mmal)
7452,fishine
7453,fishofthelakes
7454,five-fall
7455,five-seven_(0verlimits)
7456,fixro2n
7457,fizintine
7458,fizz_(pixiv34498626)
7459,fjsk
7460,fjsmu
7461,fjt_(fjym2)
7462,fk_0046
7463,fkey
7464,fkscrashing
7465,fkskii65
7466,fl_(l-fl)
7467,flamberge_lo
7468,flan_(seeyouflan)
7469,flantia
7470,flanvia
7471,flarefox
7472,flareza
7473,flash_tomo
7474,flask_(pandora)
7475,flasso
7476,flat_(joppin_karu!)
7477,flatculture
7478,flatfield
7479,flatshi
7480,flaw_eight
7481,fle0423
7482,fled
7483,flee_ad
7484,fleebites
7485,fleuriste
7486,flick-the-thief
7487,flick_(sal23)
7488,flieger
7489,flip_(diiolive)
7490,flipherrrr
7491,flipper
7492,flippy_(cripine111)
7493,flo_(guilty_hearts)
7494,floofsmear
7495,florbetriz
7496,flou_(flou_art)
7497,flowers-imh
7498,flowersbloodart
7499,flowerxl
7500,flowery_peko
7501,fluff_kevlar
7502,flufflixx
7503,fluffydango
7504,fluffydus
7505,fluffyebi01
7506,flukhan
7507,fluno
7508,fluorart
7509,flx
7510,fly_(marguerite)
7511,flying-frappuccino
7512,flytrapxx
7513,fmu
7514,foazycozy
7515,focke_wulf
7516,foge
7517,foifoi_(marfoyfoyfoy)
7518,foiii
7519,fokwolf
7520,folait
7521,folks_(nabokof)
7522,follen_(639594)
7523,fom_(lifotai)
7524,fomnant
7525,fon-due_(fonfon)
7526,fon_(96nokimihito)
7527,fongban_illust
7528,foo_(pixiv54892036)
7529,foolish_potato
7530,foomi
7531,fooring
7532,footer@unyaaan
7533,forastero
7534,force_(4sk_force)
7535,foreign_blue
7536,forest_(4423)
7537,forest_1988
7538,fori
7539,formerly
7540,formicid
7541,forneus_0
7542,foro_(planet_cage)
7543,fortisselle
7544,foulo_paints
7545,found_modori
7546,fouriasensei
7547,fov_ps
7548,fox-pop_vli
7549,foxeleos
7550,foxicube
7551,foxlett
7552,foxvulpine
7553,foxxarius
7554,foxykuro
7555,foxyreine
7556,fo~do
7557,fpanda
7558,fpminnie1
7559,fpsmoe
7560,fpwrs
7561,fraankyy
7562,fracoco
7563,fractalmagnolia
7564,fragir
7565,fragran0live
7566,francine_(daijaemon)
7567,francis_de_lariatte
7568,francisco_mon
7569,franciscoetchart
7570,franham
7571,frank_lee_(dfgh132)
7572,frankseven
7573,franlol
7574,franz_(217franz)
7575,frapowa
7576,frde
7577,fre_(haochilanzuo)
7578,fred0092
7579,fred04142
7580,freddyhalloween
7581,free_butterfree
7582,free_style_(yohan1754)
7583,freed_turing
7584,freedom_nakai
7585,freeeeeeeeeee
7586,freely2327
7587,freenote_mr
7588,freestyle18
7589,freeze-ex
7590,freli
7591,frenchmaid_(made_in_frenchmaid)
7592,frenchthenhen
7593,freng
7594,fresa_pie
7595,freshfish
7596,freshtango
7597,freze
7598,fridaynightcat
7599,fried_bocky
7600,friedbirdchips
7601,friedbun
7602,friend_a1012
7603,fries_vanquisher
7604,frikulu
7605,frill_inferno
7606,frischenq
7607,frit_2
7608,fritz614
7609,fritz_willie
7610,frofrofrost
7611,frogbians
7612,frogggu
7613,frogsnake
7614,frogzone_art
7615,frontiersun
7616,frontrivers_kae
7617,frost_fog
7618,frostcyco
7619,frown_(wonderland85711)
7620,frozen-sad
7621,frozen_spider_lily
7622,frozenpile
7623,frqz_bijutsu
7624,frs2
7625,fruit_punch
7626,fruithead
7627,frying-ammonite
7628,fte_(fifteen_199)
7629,fu-ta
7630,fu_(mushibun)
7631,fu_(tk1189227dhy)
7632,fu_ga_(vivi912912)
7633,fu_r_y
7634,fu_u03
7635,fu_yukari
7636,fua1heyvot4ifsr
7637,fua_yuu
7638,fuantei
7639,fub_(fubimanji)
7640,fubuki_(fakemonkey0224)
7641,fubuki_(pekesan)
7642,fubupula
7643,fuchi_(0616tk)
7644,fuchi_(nightmare)
7645,fuchitoro
7646,fucodoku
7647,fud
7648,fudepenbrushpen
7649,fudeyama_(fudeco)
7650,fudo_shin
7651,fue_(rhomphair)
7652,fue_(tsuzuku)
7653,fueiku
7654,fuente
7655,fuenyuan
7656,fuepo
7657,fueppu
7658,fueru_nattou
7659,fuetakishi
7660,fufu_(fufuichi04)
7661,fufufu_hehehe
7662,fufumi
7663,fug_uai
7664,fugaku_(miko_no_miyatsuguchi)
7665,fugetsu_taku
7666,fugota6509
7667,fugtrup
7668,fugu_custom
7669,fuguno
7670,fugur6_fugur9
7671,fugusashi_(fgss2089)
7672,fuhikari
7673,fui_(fui29493452)
7674,fuinagi_(huyuu_mm)
7675,fuji-k
7676,fuji_(pixiv24804665)
7677,fuji_(rua-258)
7678,fuji_den_fujiko
7679,fuji_fujino
7680,fuji_hyorone
7681,fuji_kakei
7682,fuji_minako
7683,fuji_noriho
7684,fuji_noyume
7685,fuji_shinobu
7686,fuji_takanasu
7687,fuji_tarawi
7688,fuji_tsugu
7689,fuji_yoshida
7690,fujibejifu
7691,fujie-yz
7692,fujieda_miyabi
7693,fujifuji924
7694,fujigakubou
7695,fujihana_(mugenpixel)
7696,fujii_eishun
7697,fujii_jun
7698,fujii_maki
7699,fujii_masahiro
7700,fujii_rino
7701,fujii_satoshi
7702,fujii_shino
7703,fujikawa
7704,fujikawa_arika
7705,fujikawa_daichi
7706,fujikiri_yana
7707,fujiko_(emnprmn)
7708,fujikura_ryuune
7709,fujikusa
7710,fujima_(k114)
7711,fujima_takuya
7712,fujimachine_(clayten)
7713,fujimaki_nora
7714,fujimaru_(bluebrand)
7715,fujimaru_(green_sparrow)
7716,fujimaru_(kinakomucch)
7717,fujimaru_arikui
7718,fujimiya_yahiro
7719,fujimna
7720,fujimo_ruru
7721,fujimon
7722,fujimori_shiki
7723,fujimori_tonkatsu
7724,fujimoto_akio
7725,fujimoto_kishino
7726,fujimoto_satoru
7727,fujimoto_tatsuki
7728,fujimura_(marina)
7729,fujino_(yoshi9798174)
7730,fujino_miyabi
7731,fujinohara_akihira
7732,fujinoki_(horonabe-ken)
7733,fujinomiya_rio
7734,fujinozu
7735,fujioka_toki
7736,fujioka_yatsufusa
7737,fujioni
7738,fujirin
7739,fujisaka_kimihiko
7740,fujisaka_kuuki
7741,fujisaka_lyric
7742,fujisaki_(hjsk)
7743,fujisaki_(si_da)
7744,fujisaki_hikari
7745,fujisaki_kaon
7746,fujisaki_kyouya
7747,fujisaki_miyabi
7748,fujisaki_rei
7749,fujisaki_ribbon
7750,fujisaki_subaru
7751,fujisaki_yuu
7752,fujisaki_yuu_(nkrm)
7753,fujisawa_kamiya
7754,fujisawa_naoyuki
7755,fujisawa_takashi
7756,fujisee
7757,fujishima-sei_ichi-gou
7758,fujishima_kazuya
7759,fujishima_kousuke
7760,fujishima_moyu
7761,fujishima_shinnosuke
7762,fujishiro_emyu
7763,fujishiro_kokoa
7764,fujishiro_touma
7765,fujita_(condor)
7766,fujita_(speedlimit)
7767,fujita_hidetoshi
7768,fujita_kanbe
7769,fujita_mariko
7770,fujita_yukihisa
7771,fujitaka_(akasora)
7772,fujitaka_nasu
7773,fujito_(call_f_)
7774,fujiwaland
7775,fujiwara_akina
7776,fujiwara_aoi
7777,fujiwara_gacho
7778,fujiwara_hisashi
7779,fujiwara_minaho
7780,fujiwara_mizuki
7781,fujiwara_riyu
7782,fujiwara_ryo_(wsise47)
7783,fujiwara_shun'ichi
7784,fujiwara_tatsuroo
7785,fujiwara_warawara
7786,fujiwara_yoshito
7787,fujiya_takao
7788,fujiyama
7789,fujiyama_(yellow)
7790,fujiyama_ichiha
7791,fujiyama_takashi
7792,fujizarashi
7793,fujo0t4ku
7794,fujou_joshi
7795,fuju
7796,fujy
7797,fuka_(hk_nemo)
7798,fuka_(kantoku)
7799,fuka_(kirrier)
7800,fuka_(pixiv_84081952)
7801,fuka_kurotsuji
7802,fukahire_(ruinon)
7803,fukai_(yas_lions)
7804,fukai_ryosuke
7805,fukaiton
7806,fukami_(trash_sp)
7807,fukano_youichi
7808,fukase_ayaka
7809,fukaya_miku
7810,fukaya_rin
7811,fukazaki
7812,fukemachi
7813,fukidamari_no_peke
7814,fukidashi_cotton
7815,fukiko_(can_of_miso)
7816,fukiya_(fumiakitoyama)
7817,fukkatsu_no_maya
7818,fukkatsu_saisei_kaijin
7819,fuko_(fukkofuko)
7820,fukomo
7821,fukou
7822,fuku_(fuku12290574)
7823,fuku_(r-i-h-o)
7824,fuku_d
7825,fuku_kitsune_(fuku_fox)
7826,fukube
7827,fukuda935
7828,fukuda_fukutarou
7829,fukuda_shuushi
7830,fukudahda
7831,fukui_sora
7832,fukuiii0110
7833,fukuinu
7834,fukujima_kiwi
7835,fukujin
7836,fukukitaru
7837,fukuko_fuku
7838,fukumaaya
7839,fukumitsu_(kirarirorustar)
7840,fukunaga_kazuhiro
7841,fukunaga_yukito
7842,fukunari_kanchi
7843,fukune_koko
7844,fukunoki_tokuwa
7845,fukuoka_katsumi
7846,fukuoka_tarou
7847,fukurahagi_uomaru
7848,fukurau
7849,fukuro_(fxxk_law)
7850,fukuro_(maruaru00)
7851,fukuro_ooji
7852,fukurou_(owl222)
7853,fukurou_(suga0930)
7854,fukuroumori
7855,fukushi_ryouhei
7856,fukushima_masayasu
7857,fukushima_uichi
7858,fukuso_hilbert_kuukan
7859,fukusuke_hachi-gou
7860,fukutarou_(enji127)
7861,fukutchi
7862,fukuya_art
7863,fukuzawa_(huku486)
7864,fukuzawa_yukichi_(egoist867)
7865,fularika
7866,fule
7867,full_burrrrrrst
7868,fuluola_xiaoyao
7869,fumato
7870,fumei_(mugendai)
7871,fumeshi
7872,fumezu1
7873,fumi11gou
7874,fumi_(butakotai)
7875,fumi_(fumibeing)
7876,fumi_(fumifumi-graffiti)
7877,fumi_(fumifumi3axl)
7878,fumi_(rdbm)
7879,fumichika_mori
7880,fumihiko_(fu_mihi_ko)
7881,fumihiro
7882,fumikiri_(dake_no_hito)
7883,fumiko_(mesushi)
7884,fumiko_(miruyuana)
7885,fumiko_(throughx2)
7886,fumimaru
7887,fumino5jyo
7888,fuminomino
7889,fumio_(rsqkr)
7890,fumio_(ura_fmo)
7891,fumirumochigashin
7892,fumitan_(humitan)
7893,fumitsuki_(minaduki_6)
7894,fumizuki_homura
7895,fumizuki_misoka
7896,fummy
7897,fumomono
7898,fumotewi
7899,fumotono_mikoto
7900,fumutarou
7901,fumyuun
7902,fun_bo
7903,funa2001
7904,funa_(sakana)
7905,funabara_(sksn_herb)
7906,funabashi_(iwzry)
7907,funakura
7908,funamori
7909,funamusea_(artist)
7910,funao_oekaki
7911,funaya_(a2brasd)
7912,funbolt
7913,fune_(fune93ojj)
7914,fune_(nkjrs12)
7915,funi_mu9
7916,funi_xd
7917,funii
7918,funitarefu
7919,funkid
7920,funkysatou
7921,funnyari
7922,funnyfunny
7923,funpjinju
7924,funsexydb
7925,funuyu
7926,funyariko
7927,funyo_(masa)
7928,fuooooo
7929,fura
7930,furafura
7931,furaggu_(frag_0416)
7932,furagu
7933,furahata_gen
7934,furai
7935,furai_sen
7936,furapechi
7937,furau
7938,furauji
7939,furayu_(flayu)
7940,furea_(genjuu_no_mori)
7941,furiba_794
7942,furim
7943,furioso
7944,furisode_(pixilvina)
7945,furisuku
7946,furisuku_(gerbera)
7947,furo_atsushi
7948,furomaaju_(fromage)
7949,furorida
7950,furorina
7951,furu_(retr0e)
7952,furuima
7953,furukawa_(yomawari)
7954,furukawa_herzer
7955,furukawa_hideki
7956,furukawa_itsuse
7957,furukawa_lemon
7958,furukawa_raku
7959,furuki_ayaginutaira
7960,furumeta
7961,furumi_showichi
7962,furumoto
7963,furururu
7964,furutachirikonbu
7965,furutori
7966,furuyama_itaru
7967,fusa_(starless2323)
7968,fusataka_shikibu
7969,fusazakura
7970,fuse_ryuuta
7971,fusenryo
7972,fushicho
7973,fushigi_ebi
7974,fushimi_asuha
7975,fushimi_sameta
7976,fushirun_rung
7977,fushisha_o
7978,fushitasu
7979,fusou_(fuso0205)
7980,fusu_(a95101221)
7981,fusui
7982,fusuma_(nohbrk)
7983,fusuma_(ramunezake)
7984,fusuma_(suwaru_boom)
7985,futa-futa
7986,futa_(nabezoko)
7987,futa_yami
7988,futa_yuri_ryona
7989,futaba969649
7990,futaba_(anti_clockwise)
7991,futaba_(rei-futaba)
7992,futaba_841
7993,futaba_hazuki
7994,futaba_jun
7995,futaba_masumi
7996,futaba_miwa
7997,futaba_morishita
7998,futaba_suetsuki
7999,futaba_yodoyume
8000,futabaaf
8001,futagojima
8002,futagoma
8003,futami_kito
8004,futami_yayoi
8005,futamotu
8006,futapi
8007,futaru_usagi
8008,futase_hijiri
8009,futase_hikaru
8010,futatsuki_eru
8011,futatsuki_hisame
8012,futayamam2
8013,futena_goze
8014,futomomomoe
8015,futomoy
8016,futon_(kitsune_tsuki)
8017,futon_fly_away
8018,futoshi
8019,futoshi_ame
8020,futoshi_slim
8021,futou_ryouko
8022,futoumeido
8023,fuu_(fuore)
8024,fuu_(futian)
8025,fuu_(koneko_no_yomeiri)
8026,fuu_fuu
8027,fuua_(fxae3875)
8028,fuubuu
8029,fuuen_(akagaminanoka)
8030,fuuga_(perv_rsity)
8031,fuugetsu_(sanmunyudai)
8032,fuugetsu_makoto
8033,fuugetsu_oreha_ikiru
8034,fuuka_(fukasheu)
8035,fuukadia_(narcolepsy)
8036,fuuko_chan
8037,fuuma_nagi
8038,fuumi_(radial_engine)
8039,fuuna
8040,fuuna_thise
8041,fuunyon
8042,fuurai_(resuty)
8043,fuurin_(omaemona)
8044,fuurin_kingyou
8045,fuurin_restia
8046,fuuro_(johnsonwade)
8047,fuusha
8048,fuussu_(21-kazin)
8049,fuusuke_(fusuke208)
8050,fuuzasa
8051,fuwa_daisuke
8052,fuwa_ko
8053,fuwaffy
8054,fuwafuwatoufu
8055,fuwakuyuu
8056,fuwamoko_momen_toufu
8057,fuwawa_(fuwawa617)
8058,fuxiyu
8059,fuya_(tempupupu)
8060,fuyodo
8061,fuyouchu
8062,fuyoyo
8063,fuyu
8064,fuyu_(xxfylia)
8065,fuyu_mi
8066,fuyu_no_usagi
8067,fuyu_yafunu
8068,fuyube_gin_(huyube)
8069,fuyube_rion
8070,fuyubone
8071,fuyuhi_tsukika
8072,fuyuhino
8073,fuyuichi
8074,fuyuichi_monme
8075,fuyukawa_motoi
8076,fuyukayui
8077,fuyuki030
8078,fuyuki8208
8079,fuyuki_(neigedhiver)
8080,fuyuki_jun
8081,fuyukichi_(nikoniko1567)
8082,fuyukonbu
8083,fuyukono
8084,fuyumi_kazuki
8085,fuyuni0307
8086,fuyuno_(ramentaro23)
8087,fuyuno_haruaki
8088,fuyuno_kamome
8089,fuyuno_mikan
8090,fuyuno_taka
8091,fuyuno_yuuki
8092,fuyusuke_(hz+)
8093,fuyutsuki_asuto
8094,fuyuumikou
8095,fuyuwa_kotatsu
8096,fuyuzuki_gato
8097,fuzichoco
8098,fuzinoe_13b
8099,fuzuki_fuuro
8100,fuzuki_yuu
8101,fuzzlogik
8102,fy_fei_xiao_ya
8103,fyama
8104,fylus
8105,fymrie
8106,fyuo
8107,g-room_honten
8108,g-tetsu
8109,g-tz
8110,g.g.lemon
8111,g.h_(gogetsu)
8112,g.river
8113,g.t
8114,g.yamamoto
8115,g0m_0
8116,g0ringo
8117,g1_(jjw00123)
8118,g1a1c2a1e2e2d2
8119,g3_(bitgiii)
8120,g4ku
8121,g5_(g5_gugu)
8122,g7cdpdto2i6hot6
8123,g9_(jiiku)
8124,g_(genesis1556)
8125,g_home
8126,g_ieep
8127,g_kilo-byte
8128,g_li
8129,g_perarikku
8130,g_tsurius
8131,g_yuusuke
8132,ga015
8133,ga320aaa
8134,ga4me4
8135,ga_is
8136,gaako_illust
8137,gabai
8138,gabao_(mattari_2019)
8139,gabiran
8140,gabriel_ales
8141,gabriel_carrasquillo
8142,gabriel_evangel
8143,gabrieltenma77
8144,gabu_(az210309)
8145,gacha-m
8146,gacha_(ssaketen)
8147,gacho_p
8148,gachon_jirou
8149,gachop99
8150,gachou
8151,gad_the_god
8152,gadeung_hye
8153,gagaga
8154,gagaimo
8155,gagajya
8156,gagaku_kawa_rei
8157,gagamatsu
8158,gagame
8159,gagrim
8160,gaha
8161,gaichi
8162,gaien_(jin_morisono)
8163,gaihan_umeboshi_mitchell
8164,gaiidraws
8165,gaikiken
8166,gaiko_kujin
8167,gaimoon
8168,gainoob
8169,gairou_(takakuan)
8170,gaitoou
8171,gaius_(nikoniko2)
8172,gajuumaru
8173,gakei3
8174,gaketsu
8175,gakki_(gaku_suru)
8176,gakky
8177,gaku
8178,gakubuchi_aiko
8179,gakudayo
8180,gakukuru
8181,gakuon_(gakuto)
8182,gala_(16901040)
8183,galbae
8184,galbany_(tsgororin)
8185,galbi_(iouytuuyio)
8186,gale_kawaii
8187,galibo
8188,galodos
8189,galore
8190,gaman
8191,gamarenji
8192,gambe
8193,gambler_club
8194,gamel_120
8195,gamerag
8196,gameso
8197,gamiani_zero
8198,gamjasssak
8199,gammatelier
8200,gamryous
8201,gamubanku
8202,gamubear
8203,gamukami
8204,gamuo
8205,gamyuu_(gamyu)
8206,gamza
8207,gan-viking
8208,gan2
8209,gan_balance
8210,ganaishoten
8211,ganari_ryuu
8212,ganassa
8213,ganbaru_(woainini)
8214,gandy_(gan3e46)
8215,ganesagi
8216,ganet_p
8217,ganezugarrrrr
8218,gang_h
8219,gangbyeon
8220,gangure_(disemboweled)
8221,ganida_boushoku
8222,ganko-chan_(shashaneko123)
8223,ganmaganmo
8224,ganmen2525
8225,ganmo
8226,ganno
8227,ganto
8228,ganzyu_i
8229,gao_(gaolukchup)
8230,gao_(naodayo)
8231,gao_ex_kaiser
8232,gao_kawa
8233,gao_tongren_wanjiebufu
8234,gaoerji
8235,gaogao_(gaogaomegu)
8236,gaoling_gangqin
8237,gaoo_(frpjx283)
8238,gaoqiaoyuyin_takahashi
8239,gaosu_gong_lu
8240,gaothun
8241,gaou_(babel)
8242,gaou_(umaiyo_puyoman)
8243,gaoyang_ou_nisang
8244,gapamopa
8245,gapangman
8246,gar32
8247,gara_(qbeuxvii22)
8248,garamgum
8249,garan_co
8250,garana
8251,garasuita
8252,garasuno
8253,garbage_paper
8254,gardavwar
8255,gardear058
8256,garden01
8257,gareki_sh
8258,gari_(apollonica)
8259,garimpeiro
8260,garin
8261,garmmy
8262,garnet
8263,garou-zuki
8264,garoudo_(kadouhan'i)
8265,garouma
8266,garrett_hanna
8267,garter-velvet
8268,garukichi
8269,garuku
8270,garuku1120
8271,garun_wattanawessako
8272,garutaisa
8273,gary_huang
8274,garyou
8275,gas_wf
8276,gashi-gashi
8277,gaston18
8278,gasuri_govan
8279,gasuto_(kamikami)
8280,gatari
8281,gatau
8282,gatchan
8283,gatchapowa
8284,gatchu
8285,gatling_santouhei
8286,gatoiberico
8287,gats_(nougats)
8288,gatsby_ssl
8289,gattengou
8290,gattles
8291,gattsun
8292,gau_(n00_shi)
8293,gauss_bokashi
8294,gawako
8295,gawawawa
8296,gayarou
8297,gaydio_zrong
8298,gayprince
8299,gazacy_(dai)
8300,gaze_(thompon)
8301,gazing_eye
8302,gaziter
8303,gb_(doubleleaf)
8304,gbbgb321
8305,gbeeee
8306,gc3
8307,gcg
8308,gd._fengzi
8309,gd_choco
8310,gdat
8311,gdd_(vkejr702)
8312,gdhs
8313,gdn0522
8314,ge-b
8315,ge_dazuo
8316,ge_xi
8317,ge_zhong_kuaile
8318,gearous
8319,gebijiade_89
8320,gecchu
8321,gecko4488
8322,geckobara
8323,gecotan
8324,gedoooo
8325,gedou_(ge_ge_gedou)
8326,gedou_(shigure_seishin)
8327,gedou_danshaku
8328,gedougawa
8329,geduan
8330,geebee_79
8331,geetgeet
8332,geetsu
8333,geewhy
8334,gegegekman
8335,gegera
8336,geike
8337,geistbox
8338,geister
8339,gejiandenghuo
8340,gekato
8341,gekhuay
8342,geki_dan
8343,gekikara_(tomboy-sama)
8344,gekka_kaguya_(urabata)
8345,gekka_nanako
8346,gekkou_ookami
8347,geko
8348,gekoge_satoru
8349,gelato1014
8350,gelldraws
8351,gemi
8352,gemi_25
8353,gemi_ningen
8354,gemu555
8355,gen'en_(sioherashi)
8356,gen_(black_factory)
8357,gen_(enji)
8358,gen_(gen_7254)
8359,gen_(genetrix)
8360,gen_(unzzenasd)
8361,gen_me
8362,gendo0032
8363,gendouki
8364,gene_(gear_gene)
8365,genek
8366,genera-x
8367,generic_33
8368,geneva_bowers
8369,gengetsu_chihiro
8370,gengoroh
8371,gengorou
8372,genjaku
8373,genjitsu_o_miro
8374,genjuu_rou
8375,genka_ichien
8376,genkakuramune
8377,genkidaun
8378,genkung
8379,genmon
8380,genniax
8381,genocide_kitten
8382,genshi
8383,genshu_doki
8384,gensi
8385,genso
8386,genso_(thereisnosauce)
8387,gensokigou
8388,gensou_aporo
8389,gensoukitan
8390,gensoukoumuten
8391,gensui_(auoua)
8392,gensuke_(ryun)
8393,gentle2nd
8394,gentle_sasaki
8395,gentlecat
8396,gentoku
8397,genya_(genya67)
8398,genyaky
8399,genzoman
8400,genzou_(me_genzo)
8401,geo_(yukishitadou)
8402,geo_siador
8403,geolim
8404,geometrie
8405,geonjeonji
8406,george_man
8407,georugu13
8408,geppewi
8409,gerar_dc
8410,geregere_(lantern)
8411,gerigoo
8412,geriyarou
8413,gero_zoukin
8414,geroika
8415,geromonja_teitoku
8416,gerotan
8417,gerph
8418,geru
8419,gerusyu
8420,geshumaro
8421,geso_smith
8422,gesoking
8423,gestart333
8424,gesugesu_ahoaho
8425,gesupi_(provlemsolver57)
8426,geta_(epicure_no12)
8427,getiao
8428,getsumen_suibaku_ver._a(c)
8429,getsuyou_yasumi
8430,getto
8431,getumentour
8432,geulimykun_(skbyunea413)
8433,gevjon
8434,gevuxx
8435,gfpebs
8436,gg_amang
8437,gg_dal
8438,gg_suyari
8439,ggab0621
8440,gganchan
8441,ggatip
8442,gge_(gebback_dark)
8443,ggelus
8444,gggg
8445,ggli_(yuine_wantan)
8446,ggoong_(pooplambgoong22)
8447,ggubii0225
8448,ggz_(gguzal_95)
8449,ghdwid
8450,ghgnvm
8451,ghhoward
8452,ghlejr
8453,ghost-pepper
8454,ghost_(tama)
8455,ghosty_(xiaobai)
8456,gi_(melmail)
8457,gia
8458,gia_kon
8459,giantcavemushroom
8460,gias-ex-machella
8461,gibagiba
8462,gibun_(sozoshu)
8463,giga-tera
8464,giga_omega
8465,gigamessy
8466,gigantea_pp
8467,giganticbrush
8468,giganticbuddha
8469,gigapuri
8470,gigawix
8471,gigglepox
8472,gigi
8473,gigi_d.g.
8474,gigobyte350
8475,gigokku
8476,gihuta_hiroshi
8477,gijang
8478,gileu
8479,gillannn
8480,gilmang
8481,gilse
8482,gim_(gim-gim-3919)
8483,gime
8484,gimkamres04
8485,gimnang
8486,gimseol
8487,gin'ichi_(akacia)
8488,gin'you_haru
8489,gin00
8490,gin_(gin937)
8491,gin_(ginshari)
8492,gin_(oyoyo)
8493,gin_(shioyude)
8494,gin_(tttetu123)
8495,gin_moku
8496,ginbis
8497,gindoro
8498,ginga_no_kou
8499,gingami_(giluziru)
8500,gingerbullet
8501,gingham_(amalgam)
8502,gingrjoke
8503,ginhaha
8504,ginias
8505,ginji74
8506,ginji_(sakaki_summer)
8507,ginjuuji
8508,ginjyasei
8509,ginka_sima
8510,ginklaga
8511,ginko_(nico)
8512,ginko_(silver_fox)
8513,ginlear
8514,ginmaru
8515,ginmu
8516,ginmugi
8517,ginmugi_(airmisuzu0920)
8518,ginn_(hzh770121)
8519,ginniroya
8520,ginnkei
8521,ginnote
8522,ginnoturu
8523,gino_(gino_h)
8524,ginopi
8525,ginseng_(xin)
8526,ginshachi
8527,ginta
8528,gintarou_(kurousagi108)
8529,gintm
8530,ginzake_(mizuumi)
8531,ginzuki_ringo
8532,gio_(maroon0924)
8533,giorgio_(yo_sumire_sola1)
8534,giorgio_claes
8535,gipehtyboo
8536,gipsy_underground
8537,giraffe_(ilconte)
8538,giraffe_three
8539,girlsay
8540,girock
8541,girotin_ginza
8542,girugiru_(tektonics6588)
8543,girutaabo
8544,girutea
8545,giryu
8546,gishiki_(gshk)
8547,gishu
8548,gisuta_sunshine
8549,gisyo
8550,gitokuja
8551,gittanart
8552,giulialibard
8553,giuniu
8554,givuchoko
8555,giwa
8556,gixarart
8557,gizensha
8558,glaa_da
8559,glaceo
8560,glaciel
8561,glassjill
8562,glassy0302
8563,glastonbury1966
8564,gleam_lin_shi
8565,glef_life
8566,gleision_adain
8567,glenn_andrean
8568,glensaru
8569,glider_(artist)
8570,glidesloe
8571,glisten
8572,glitchedpuppet
8573,gloamy
8574,globburt
8575,gloomyowl
8576,glooz_art
8577,gloss_(hotglossed)
8578,glycyrrhizae
8579,gm
8580,gm_(ggommu)
8581,gmais2514
8582,gmg
8583,gmgt_(gggggg3)
8584,gmi_(jimmyovob)
8585,gmirror1
8586,gmot
8587,gmpoo93
8588,gnai
8589,gnarlypzofbread
8590,gnsn_tori
8591,gnsn_tukituki
8592,go-1
8593,go-it
8594,go-lurk
8595,go_e_0000
8596,go_robots
8597,go_yasukuni
8598,goa1126
8599,goat_king
8600,goback
8601,gobaku_no_hito
8602,goban
8603,gobanme_no_mayoi_neko
8604,gobi_(jtnyrwbkohiqsuldg)
8605,goblet_42
8606,gobou_(gbu)
8607,gobou_1000
8608,goburin_second
8609,gochisousama_(tanin050)
8610,gochiwa
8611,gochou_(kedama)
8612,god_hunter
8613,godai_01
8614,godees
8615,godekasu
8616,godgamesc2
8617,godharo1
8618,godiva_ghoul
8619,gods_(1073337800)
8620,godsh0t
8621,godtail
8622,godzillapigeon1
8623,goe
8624,goe_(g-o-e)
8625,goeleu
8626,goemon1110
8627,goeppe
8628,gofa
8629,gofelem
8630,gofu
8631,gogalking
8632,gogat8
8633,gogatsu_(yeaholiday)
8634,gogatsu_fukuin
8635,gogatsu_no_renkyuu
8636,gogeyama
8637,gogiga_gagagigo
8638,gogo_(detteiu_de)
8639,gogo_tad
8640,gogoco
8641,gogogo_(gogogorx)
8642,gogono_pan'ya
8643,gogopaint
8644,gogot
8645,gohan_(8823cobalt)
8646,gohan_(gohanchang)
8647,gohan_oni
8648,gohanduck
8649,gohei_(aoi_yuugure)
8650,gohpot
8651,gojarun
8652,goji_(8jikan_roudou)
8653,goji_(five_clock)
8654,goki_buri
8655,gokineko_(roachcat)
8656,goku-chan
8657,goku_suzume
8658,gokubuto_mayuge
8659,gokugetsu_momo
8660,gokurakuin_sakurako
8661,gokurin
8662,gokuu_(acoloredpencil)
8663,gold_5610
8664,gold_can
8665,goldenpenhd
8666,goldfishu
8667,goldluck
8668,goldowl
8669,golgi_hon
8670,goli_matsumoto
8671,gollizo
8672,golmonggu
8673,gom_(kooskoo)
8674,goma.
8675,goma_(11zihisin)
8676,goma_(gomasamune)
8677,goma_(u_p)
8678,goma_irasuto
8679,goma_konbu
8680,goma_satoshi
8681,goma_tonbi
8682,gomafuto
8683,gomago_magoma
8684,gomamiso_(gomamiso_sp)
8685,gomano_rio
8686,gomashi_(goma)
8687,gomashio_(goma_feet)
8688,gomashio_ponz
8689,gomashiwo_o
8690,gomasho_asuka
8691,gomatarou_(pixiv196136)
8692,gomeifuku
8693,gomennasai
8694,gomesu_(gomes0343)
8695,gomi20021021
8696,gomi_(hakumaiteacher)
8697,gomi_(kaiwaresan44)
8698,gomi_ichigo
8699,gomibako_(gomibako_price)
8700,gomibako_(shirokumatei)
8701,gomibuta_kuzutarou
8702,gomihebi
8703,gomio_(bb-k)
8704,gomipomi
8705,gomiri
8706,gomiyama
8707,gomnyong
8708,gomo
8709,gomosawa
8710,gomu_(chewinggom)
8711,gomulgong
8712,gond
8713,gondom
8714,gong_cha
8715,gongba_laoge
8716,gongbangmanchi_(daisy_cutter)
8717,gonggo
8718,gongha
8719,gongju_s2
8720,gongzuotianxiadiyi
8721,gonoike_biwa
8722,gonster
8723,gonta_(gshoutai)
8724,gonzaburo
8725,gonzarez
8726,goo_(koushishikou11)
8727,goodsun_sunkumi
8728,googerm
8729,google_(asdek18)
8730,googoogaagaa
8731,goom_(goomyparty)
8732,goomrrat
8733,goomyloid
8734,gooster
8735,gore_(white_gore)
8736,gorgenzolla
8737,gorgeous_mushroom
8738,gorgonzola_(paradisegom)
8739,goriate
8740,goribote
8741,gorigo
8742,gorila_chan
8743,gorilla_(bun0615)
8744,gorioshi0802
8745,goripan
8746,gorirago
8747,goriyaku
8748,goro
8749,goro_orb
8750,gorohati
8751,goroku
8752,goron_(phde2424)
8753,goroo_(eneosu)
8754,gorou_naoki
8755,goroumaru
8756,goru_(cure_golgom)
8757,goshi-san
8758,goshichi_shoji
8759,goshiki_suzu
8760,goshingo1
8761,goskt10trr
8762,gosmfl
8763,gossa-tei
8764,gossan
8765,got_ji_(gojich1)
8766,gotagotay
8767,goten_(510gensoku)
8768,goth_risuto
8769,goti_(gotie23)
8770,gotica
8771,goto_(sep)
8772,goto_p
8773,gotointhepark
8774,goton_goton
8775,gotoo
8776,gotou_(nekocat)
8777,gotou_hisashi
8778,gotou_junji
8779,gotou_keiji
8780,gotou_kenji
8781,gotou_nao
8782,gotyou
8783,gou_(double_trigger)
8784,gou_213
8785,gou_d
8786,gou_haihaihaihai
8787,gou_lianlian_dogface
8788,gouda_nagi
8789,gougasha_akira
8790,gougoku
8791,gouguru
8792,gouka
8793,goumonsha
8794,goumudan
8795,goushen0309
8796,gouta_(nagishiro6624)
8797,goya_(xalbino)
8798,goyain
8799,gozaemon
8800,gozaimas_(masmas_nemui)
8801,gozaru
8802,gozen4ji
8803,gozu_farm
8804,gplnbeat
8805,gr_greeze
8806,grab_pigeon
8807,gracehoo
8808,gracile
8809,graffitigw
8810,grain
8811,gram_9
8812,gram_quartz
8813,grandapple71
8814,grandguerrilla
8815,grandia_lee
8816,grandyoukan
8817,grape_(pixiv27523889)
8818,grapeanime
8819,gravesecrets
8820,gravitydusty
8821,gray_bear
8822,grayfox
8823,grayfoxpochi
8824,graysheartart
8825,great_magami
8826,greatm8
8827,greatmosu
8828,greatodoggo
8829,greatpengh
8830,greatwhite1122
8831,greave_(asterism)
8832,greco_roman_(spiral_brain)
8833,gredell_elle
8834,greedice
8835,greem_bang
8836,green322
8837,green_(greeniris)
8838,green_(grimy)
8839,green_dew
8840,green_kaminari
8841,green_little
8842,green_night
8843,green_tea_reimu
8844,greenapple
8845,greenkohgen
8846,greenmarine
8847,greenopi
8848,greenpiecerice
8849,greensalad350
8850,greentanuki
8851,greenteaa
8852,greenteamousou
8853,greenteaneko
8854,greentree
8855,greenu
8856,greetload
8857,gregorius_yamada
8858,grel_(r6hgvu5)
8859,gretia
8860,grey_asa
8861,greyface
8862,greyimpaction
8863,greypidjun
8864,grgrton
8865,gribberoni
8866,grimaisbestwaifu
8867,grimay
8868,grimgrim
8869,grimmelsdathird
8870,grizz
8871,grk_11601
8872,grm_jogio
8873,grmms_otk
8874,gro_(lee145879)
8875,grouse01
8876,grs-
8877,grune
8878,gryebooks
8879,gs_(onsen_syndicate)
8880,gsusart
8881,gt-apex
8882,gtcockroach
8883,gtsleep1200
8884,gu-rahamu_omega_x
8885,gu_(goodnight)
8886,gu_deulmok
8887,gu_li
8888,gu_luco
8889,gu_meng_yin
8890,guaguapiu
8891,guaisanmu
8892,guan_tang_baozi
8893,guanghe_zuoyong_de_de_yezi
8894,guanmumu
8895,guard_vent_jun
8896,guardian-panda
8897,gubbi_on
8898,gucchiann
8899,gucha_(netsu)
8900,guchadoro
8901,guchagucha
8902,guchiaki
8903,guchico
8904,guchiota_field
8905,gud0c
8906,gudakoguda
8907,gudanco_(nyanmeowzer)
8908,gudon_(iukhzl)
8909,gudon_udon
8910,gueya
8911,gufu_(guffuumu)
8912,gugenheim98
8913,gugu0v0
8914,gugusam0
8915,guhanshounen
8916,guihuo_inferno
8917,guilegaze
8918,guilhermerm
8919,guilty_merlin
8920,guin_guin
8921,guitar_(guitars)
8922,gujianshaonu
8923,gujira
8924,gul_(parfaitgul)
8925,gulim
8926,gulp5959
8927,gum_(gmng)
8928,gum_(vivid_garden)
8929,gum_shrew
8930,gumi_(fwjn7284)
8931,gumi_(gelatin)
8932,gumi_(guminghc)
8933,gumi_(the_eye_of_darkness)
8934,gumiaoandpeace
8935,gumilkx
8936,guming_diban
8937,gumiten
8938,gummslime
8939,gummyrise
8940,gumoyu
8941,gunbam
8942,gundongdejie
8943,gung
8944,gungun_(hakutou7887)
8945,gungye
8946,gunjima_souichirou
8947,gunjou_row
8948,gunner-l
8949,gunnjou_yosio
8950,gunp
8951,gunpuu
8952,gunsou1350
8953,guntree
8954,gunu_(nyzn3223)
8955,gunzan
8956,guo582
8957,guoguo
8958,guoo
8959,guozimiao
8960,gupaon
8961,gupipy
8962,gupunetsu
8963,guraasan
8964,guraedo-chungchoon
8965,gurageida
8966,gurajio
8967,gurami_(zangizarang)
8968,gurande_(g-size)
8969,gurantsu
8970,gurasion_(gurasion)
8971,guratan
8972,guree_(haiiro)
8973,gurenola
8974,gurepyon
8975,gureru_(r_grey1204)
8976,gureshi_db
8977,guri_(gri1211)
8978,guri_gom
8979,guri_otoko
8980,gurifu
8981,guriguri_(arayotto4351)
8982,guriin
8983,guriko_(mossari)
8984,gurimjang
8985,gurin33
8986,gurina_15
8987,guru
8988,guru_(nicocco)
8989,gurugnsn
8990,gurukorian
8991,gurukousu
8992,gurumie
8993,gurumin_(gurruguru)
8994,gurumo_(twitter)
8995,gus_(clarkii)
8996,gusha_s
8997,gusim
8998,gussuripii
8999,gustav_(telomere_na)
9000,gusty10rk
9001,gusu
9002,gutalalaman
9003,guttary
9004,guttia
9005,guu_(hakahonoo)
9006,guuchama
9007,guumin
9008,guutara
9009,guweiz
9010,guzangnanfeng
9011,gwan-e
9012,gwanlamcha
9013,gwao_(_ul_13)
9014,gwayo
9015,gweda
9016,gya_(144)
9017,gya_rb
9018,gyaheung
9019,gyaku_tsubasa
9020,gyakumushi
9021,gyari_(imagesdawn)
9022,gyarusatan
9023,gyaza
9024,gyeol_124
9025,gygerbeen_rtl06
9026,gyo
9027,gyoju_(only_arme_nim)
9028,gyoku_seisyoku
9029,gyonikun
9030,gyorui_(amezari)
9031,gyorui_(katsuwo_drawing)
9032,gyorui_(makjita)
9033,gyosone
9034,gyou_chin
9035,gyoubu_ippei
9036,gyoukan_(jfxc)
9037,gyouza_(mhea5724)
9038,gyouza_teishoku
9039,gyozanuko
9040,gyu_chul
9041,gyudong123
9042,gyuing666
9043,gyulseu
9044,gyunzai
9045,gyup
9046,gyura
9047,gyuunyuu_(mashika)
9048,gyuunyuu_nomio
9049,gyuunyuu_pack_(tanaka)
9050,gz_(gzdteee)
9051,gzei
9052,gzpxllztt
9053,h-new
9054,h.an_(516635864)
9055,h.carrrrrrot
9056,h.dupp_(nama_aakiruu)
9057,h.i.t_(59-18-45)
9058,h.pn
9059,h016
9060,h26r
9061,h2_(h20000000)
9062,h2o_(ddks2923)
9063,h2o_(dfo)
9064,h2o_omizu
9065,h2so4
9066,h2so4kancel
9067,h4tter
9068,h9_99999
9069,h@ll
9070,h_(eitilog)
9071,h_haluhalu415
9072,h_kasei
9073,h_kawa
9074,h_shai
9075,h_sueun
9076,ha-ru
9077,ha.skr_(hasukara)
9078,ha9na
9079,ha_(hura76752775)
9080,ha_(user_efmy3542)
9081,ha_akabouzu
9082,ha_en
9083,ha_neko
9084,ha_youn
9085,ha_ze
9086,haamon_(harmon)
9087,haban_(haban35)
9088,habara_meguru
9089,habatakuhituji
9090,habkart
9091,habsida_(habsida_hpy)
9092,habu_rin
9093,habuki
9094,haburashi
9095,haccan
9096,hacco_mayu
9097,hachachi
9098,hachi3uri
9099,hachi78b
9100,hachi_(8bit_canvas)
9101,hachi_(chihagura)
9102,hachihito
9103,hachiko_(hati12)
9104,hachikuji
9105,hachiman_(douno)
9106,hachiman_tanuki
9107,hachimaru_(ediciusa)
9108,hachimi
9109,hachimillion
9110,hachimitsu_hinako
9111,hachimitsu_honey
9112,hachinatsu
9113,hachini
9114,hachinos_ssb
9115,hachinuki_tetsuyo
9116,hachirodesu
9117,hachiroku_(hatirokusann86)
9118,hachita_(odangoya)
9119,hachiware_(8ware63)
9120,hachiya
9121,hachiya_shohei
9122,hacko
9123,haconeri
9124,hacosumi
9125,had_(had314)
9126,hadacra
9127,hadant
9128,hadaparuka
9129,hadashi_no_kenji
9130,hade_na_kangofu
9131,hadean92
9132,hadurin_(zdmzy)
9133,haeil2
9134,haemori_ako
9135,haerge
9136,hafuku
9137,hag_(hag_015)
9138,haga_yui
9139,hagaa
9140,hagan_tw
9141,hagane_soushi
9142,haganef
9143,haganemaru_kennosuke
9144,hagarza_p
9145,hage
9146,hage2013
9147,hage_ta
9148,hage_tashuumi
9149,hageashi
9150,hageshii_nakano
9151,hagetapo
9152,haggy
9153,hagi_(ame_hagi)
9154,hagiko
9155,hagiko15
9156,hagimorijia
9157,hagino_kouta
9158,hagino_makoto
9159,hagiography
9160,hagioshi
9161,hagiwara_daisuke
9162,hagiwara_kazushi
9163,hagiwara_onsen
9164,hagiwara_rin
9165,hagiya_kaoru
9166,hagiya_masakage
9167,hagoonha
9168,haguhagu_(rinjuu_circus)
9169,hagure_kedama
9170,hagure_keg
9171,haguruma_c
9172,haguruma_rapt
9173,hagyouayumu
9174,hahakigi
9175,hahifuhe
9176,hahihu1782
9177,hahm0106
9178,haho
9179,hai_(h81908190)
9180,hai_(haihki)
9181,hai_0013
9182,hai_bokusha
9183,hai_ookami
9184,hai_to_hickory
9185,haiba_09
9186,haibarasaika
9187,haida_katsuretsu
9188,haidao_mao
9189,haidara
9190,haido_(ryuuno_kanzume)
9191,haidollo
9192,haihai_(skeleton)
9193,haihaiera
9194,haiiro_(frabilovelove)
9195,haiiro_(hi_ghi_ro)
9196,haiiro_(immature)
9197,haiiro_gundan
9198,haiiro_purin
9199,haijin
9200,haikawa_hemlen
9201,haikeiyu
9202,haiki_(tegusu)
9203,haikimono_shounen
9204,hailiu
9205,haimaotuanzi
9206,haimei1980
9207,haimura_kiyotaka
9208,hainchu
9209,haine
9210,haine_(howling)
9211,haine_1871
9212,haining
9213,haioku_colonel
9214,haiperion_buzan
9215,hairanworkshop
9216,haires
9217,hairu
9218,haishiba_ame
9219,haishiki
9220,haishima_xv
9221,haiteku
9222,haitukun
9223,haiyahaiyohai
9224,haiyun
9225,haizai
9226,haizome_senri
9227,hajang68
9228,haje
9229,haji_(hajiko)
9230,haji_(hajimaji)
9231,hajika
9232,hajike_akira
9233,hajikkoneko
9234,hajime_(ak-r)
9235,hajime_(caramel_toone)
9236,hajime_(gitoriokawaii)
9237,hajime_(hajime-ill-1st)
9238,hajime_(kin'you_club)
9239,hajime_kaname
9240,hajime_shindo
9241,hajun_(hey_sangha)
9242,hakaba_(dairiseki)
9243,hakai_no_ika
9244,hakai_shin
9245,hakaimoufu
9246,hakamii
9247,hakano_shinshi
9248,hakase_yurisuki
9249,hakasesuitchi
9250,hakiata
9251,hakidashi_11
9252,hakika
9253,hakimen
9254,hakinikui_kutsu_no_mise
9255,hakka0320
9256,hakka_(88hk88)
9257,hakkai
9258,hakkaku_shikimi
9259,hakkasame
9260,hakkatou
9261,hakkotsu_shitai
9262,hakmonss
9263,hako_(gyhujikolp)
9264,hako_(hakosanhanasan)
9265,hako_iix07
9266,hako_momiji
9267,hako_reeema
9268,hako_roku
9269,hakobune_noark
9270,hakoiri_nekohime
9271,hakoiri_nyanko
9272,hakomaru_(pandora_box)
9273,hakoneko_(marisa19899200)
9274,hakoniwa_tsuka
9275,hakonnbo
9276,hakou_(barasensou)
9277,haku89
9278,haku_(grimjin)
9279,haku_(muc12b)
9280,haku_(sabosoda)
9281,haku_(yanhaku)
9282,haku_geroda
9283,haku_hakujou_daimaou
9284,haku_wi
9285,hakua_(hka_art)
9286,hakua_aa
9287,hakua_ugetsu
9288,hakuda_tofu
9289,hakudaku
9290,hakugin006
9291,hakuginnosora
9292,hakuhatsu
9293,hakuhou_(ende_der_welt)
9294,hakui_ami
9295,hakuino_hakase
9296,hakuishi_aoi
9297,hakuleg
9298,hakumaiya
9299,hakuramen
9300,hakurei_fling
9301,hakurei_kaede
9302,hakuri
9303,hakurogi
9304,hakusai_(hksicabb)
9305,hakusai_(tiahszld)
9306,hakusaku
9307,hakuseki
9308,hakusoto
9309,hakusyokuto
9310,hakuto_(28syuku)
9311,hakutocake
9312,hakuun_(m2230)
9313,hakuurei_amano
9314,hakuuyori
9315,hakuya_(white_night)
9316,hal-bard
9317,hal-py
9318,hal360
9319,hal_(goshujinomocha)
9320,hal_(haaaalhal)
9321,hal_(ojou)
9322,hal_(sakurajam)
9323,hal_aluha
9324,halak0000
9325,halcon
9326,haldeco
9327,halfmoe
9328,halkawa501
9329,hall_jion
9330,hall_onon
9331,hallo_(rltkdydrltk)
9332,hally
9333,halorane
9334,halphelt
9335,halu-ca
9336,haluka_(aixioo)
9337,halulu
9338,halya_meri
9339,ham_(points)
9340,ham_melon_(iloha_24)
9341,ham_pon
9342,hama!_(3toshinhmkz)
9343,hama_(22ji_kara_24ji)
9344,hama_chon
9345,hamaburicchi
9346,hamachamu
9347,hamachi_hazuki
9348,hamada_(super_tachioyogi_kyousou)
9349,hamada_miku
9350,hamada_pengin
9351,hamada_yoshikazu
9352,hamada_youho
9353,hamadaichi
9354,hamaeru
9355,hamafugu
9356,hamaguri-san_(hamagur69200744)
9357,hamaguri_(hamaguri1234)
9358,hamagurihime
9359,hamahama
9360,hamaken._(novelize)
9361,hamalu
9362,hamamo
9363,hamamoto_ryuusuke
9364,hamamuraacca
9365,hamanashi_(trapiorra)
9366,hamanasu
9367,hamano_yui
9368,hamao
9369,hamaru_(s5625t)
9370,hamashima_shigeo
9371,hamatsu
9372,hamayumiba_sou
9373,hamazi_aki
9374,hamcheeseand
9375,hamedoragon
9376,hamelon310
9377,hamha_s
9378,hami_(3hm6gebdf619771)
9379,hami_(hami-gerden)
9380,hami_(lvct)
9381,hami_dmg
9382,hami_yura
9383,hamico
9384,hamigakikoice
9385,hamigaking
9386,hamilundenongdizhe
9387,hamioura
9388,hamiro
9389,hamita_(rikopin_ika)
9390,hammer_(sunset_beach)
9391,hammerman_benkei
9392,hammerofsolace
9393,hamon_ai
9394,hamonji
9395,hamoto
9396,hamstarhand
9397,hamsterfragment
9398,hamu_(hamusand)
9399,hamu_(plot_sy)
9400,hamu_767
9401,hamu_agaki
9402,hamu_fukurou
9403,hamu_koutarou
9404,hamuchosu
9405,hamuhamu
9406,hamukiyo
9407,hamunezuko_(nezukonezu32)
9408,hamura_mayu
9409,hamushima
9410,han-0v0
9411,han_(hehuihuihui)
9412,han_(hn-khk)
9413,han_(jackpot)
9414,han_(ozrfour)
9415,han_gong
9416,han_seol
9417,han_yijie
9418,hana-kagume
9419,hana20000920
9420,hana_(dqkmb362)
9421,hana_(h6n6_matsu)
9422,hana_(hana_mo_arashi_mo)
9423,hana_(mew)
9424,hana_e_(ka_e0128)
9425,hana_hebi
9426,hana_kazari
9427,hana_kon_(17aaammm)
9428,hana_mori
9429,hana_ni_nare
9430,hana_no_yo
9431,hanaan
9432,hanabana_tsubomi
9433,hanaberin
9434,hanabi_(ocha)
9435,hanabi_(yuruneko0624)
9436,hanabusa_(xztr3448)
9437,hanabusaoekaki
9438,hanabusaraleigh
9439,hanabushi
9440,hanada_(cobalt003)
9441,hanada_hyou
9442,hanada_ten
9443,hanada_yanochi
9444,hanadaka_moai
9445,hanadi_(hndboo)
9446,hanafuda_(hanafuda0116)
9447,hanagamigendai
9448,hanagata
9449,hanagin
9450,hanahanamaki
9451,hanahashi_bagara
9452,hanahiyo_(hoimin)
9453,hanaichi_(hana13)
9454,hanakanzarashi
9455,hanako151
9456,hanako_(078)
9457,hanako_(onikutabetaiyo)
9458,hanako_(peanut)
9459,hanakotoba28
9460,hanakuso
9461,hanamaru_tsubaki
9462,hanamaruyama628
9463,hanamasa_ono
9464,hanami_dango_(zzldango)
9465,hanami_haru
9466,hanamiya_natsuka
9467,hanamizawa_q-tarou
9468,hanamoto410
9469,hanamuke
9470,hanamura_mai
9471,hanamura_pink
9472,hananenmi
9473,hanaon
9474,hanaozi_hin
9475,hanapen
9476,hanarito
9477,hanasaka_houcha
9478,hanasaki_coa
9479,hanasaki_komugi
9480,hanasaki_mahiru
9481,hanasakichu
9482,hanataro_(sruvhqkehy1zied)
9483,hanato_(seonoaiko)
9484,hanatsuka
9485,hanauna
9486,hanavbara
9487,hanaya_(fleur)
9488,hanaya_(fude)
9489,hanayama_(inunekokawaii)
9490,hanazawa_ma
9491,hanazawa_suou
9492,hanazome_dotera
9493,hanazuka_ryouji
9494,hanbu_hantarou
9495,hancho
9496,hanchou_(shirokun555)
9497,handplug
9498,handsofmidaz
9499,handsome_wataru
9500,hane_(azelye)
9501,hane_(feathe02)
9502,hane_(hanegoya)
9503,hane_(kirschbaum)
9504,hane_riu
9505,hane_segawa
9506,hane_yuki
9507,haneiro
9508,hanekoto
9509,hanemikakko
9510,hanen_(borry)
9511,hanenbo
9512,hanenosaki
9513,hanepochi
9514,haneramu
9515,haneru
9516,haneten_kagatsu
9517,haneto
9518,hanetsuka
9519,hanetu
9520,hangaku
9521,hangetsu15
9522,hangetsuban_sonshou
9523,hangleing
9524,hanh_chu
9525,hani_(udauda)
9526,hani_haya
9527,haniwa_(kiminozorazio)
9528,haniwa_(leaf_garden)
9529,haniwagi_(hal)
9530,haniyama_kurofo
9531,hanji_(hansi)
9532,hanjuku_choco-pai
9533,hanjuku_tomato
9534,hankachi_(okayama012)
9535,hanma_amnah
9536,hannah_santos
9537,hannesfkr
9538,hanno
9539,hanny_(uirusu_chan)
9540,hano9789
9541,hano_(hanos91)
9542,hano_1219
9543,hano_haruka
9544,hano_luno
9545,hanokage
9546,hanokami
9547,hanomido
9548,hanonokusa
9549,hanoyuta
9550,hanozuku
9551,hanpenmaru
9552,hanpetos
9553,hans-kun
9554,hansal
9555,hansode32
9556,hansoom_(latebirdwakeup)
9557,hansum
9558,hanta96
9559,hantata
9560,hanten_(hantennano)
9561,hantsuki_(ichigonichiya)
9562,hanuu
9563,hanya_(hanya_yashiki)
9564,hanyae
9565,hanyu
9566,hanzaki_jirou
9567,hanzawa821
9568,hanzo_(2929)
9569,hanzou
9570,hanzow_t
9571,hao_(haozz)
9572,hao_(patinnko)
9573,haobuguniao
9574,haoma
9575,haonfest
9576,haoni
9577,haori_io
9578,haoro
9579,haoto_luna
9580,haow
9581,haowei_wu
9582,haoxiangkan_nutong
9583,haoyueqianli711
9584,happa_freee
9585,happening18
9586,happiness_lilys
9587,happoubi_jin
9588,happy05x
9589,happy_birthday_(artist)
9590,happy_elements
9591,happy_ginko
9592,happybiirthd
9593,happycloud
9594,happyongdal
9595,happyundergate
9596,hapu
9597,hapwind
9598,hara_(harayutaka)
9599,hara_(nanohara)
9600,hara_hikaru
9601,hara_id_21
9602,hara_kazuhiro
9603,hara_kenshi
9604,hara_shoutarou
9605,hara_takehito
9606,hara_yui
9607,harada_(basashi)
9608,harada_(sansei_rain)
9609,harada_isuka
9610,harada_miyuki
9611,harada_shoutarou
9612,harada_takehito
9613,haragaita_i
9614,harako_(axap4882)
9615,harakomeshi
9616,harakune_(mugennero)
9617,haramaki_(haranomaki)
9618,harano_kaguyama
9619,harapan-kun
9620,harapeko
9621,harari
9622,harau
9623,haraya
9624,haraya_manawari
9625,hare_(hare_1730)
9626,hare_(tetterutei)
9627,hare_(yamihuji)
9628,haregama_shiina
9629,harenchi
9630,hareno_chiame
9631,harepore
9632,hareta
9633,hari611
9634,hari_(gorse6my)
9635,haribote_(desk_of_coulomb)
9636,harigane_shinshi
9637,harihisa
9638,harii_(janib5kc)
9639,harikamo
9640,hariken
9641,hariko
9642,harikoe
9643,harikona
9644,harikyon_dzs
9645,harimoji
9646,harino646
9647,hario_4
9648,harisen1012
9649,hariyaa
9650,hariyama_(toubou_tengoku)
9651,harlow_garden
9652,harmaline
9653,harmonist11
9654,harnetyss
9655,haro_art
9656,haronin_fukke
9657,harris_hero
9658,harry_(namayake)
9659,harrymiao
9660,harryych
9661,haru-cho
9662,haru431
9663,haru4aki
9664,haru57928031
9665,haru_(citron_citron)
9666,haru_(d-s-c)
9667,haru_(haru83380282)
9668,haru_(haruxxe)
9669,haru_(hiyori-kohal)
9670,haru_(hr_works)
9671,haru_(konomi_150)
9672,haru_(kyou)
9673,haru_(matatabi_sanjou)
9674,haru_(nakajou-28)
9675,haru_(nature_life)
9676,haru_(oomr005)
9677,haru_(re_ilust)
9678,haru_(renol)
9679,haru_(ririne9999rine)
9680,haru_(toyst)
9681,haru_aki
9682,haru_ichigo
9683,haru_ion
9684,haru_no_manji
9685,haru_on
9686,haru_yu
9687,haruaki_(onkai_planaria)
9688,haruakira
9689,haruba_negi
9690,harubato
9691,haruchimo
9692,harucoro25
9693,harufude
9694,harugamitsu
9695,haruharo_(haruharo_7315)
9696,haruharu_sensei
9697,haruhashi
9698,haruhata_mutsuki
9699,haruhikohiko
9700,haruhina_purple
9701,haruhisky
9702,haruhito_(divineshalt)
9703,haruhitooo
9704,harui_(hr_x9_)
9705,haruichi_(komikal)
9706,haruichi_(sazanami_complex)
9707,haruka_(haruka_channel)
9708,haruka_(rsyaooooo)
9709,haruka_3442
9710,haruka_faraway716
9711,haruka_natsuki
9712,haruka_poi
9713,haruka_shiya
9714,harukagi
9715,harukai-i
9716,harukan_tiusu
9717,harukana_(harukana_10)
9718,harukaruha
9719,harukasu_(mememememo)
9720,harukatron
9721,harukawa_(aonori1022)
9722,harukawa_moe
9723,harukaze_koucha
9724,harukaze_unipo
9725,harukazetabiji
9726,harukazu
9727,haruken
9728,harukey
9729,haruki_(colorful_macaron)
9730,haruki_(haruki678)
9731,haruki_reimari
9732,harukigenia
9733,harukix
9734,haruko_(chikadoh)
9735,harukui
9736,harumachi_nagaaki
9737,harumaki
9738,harumi_(harumix)
9739,harumi_chihiro
9740,harumina_mau
9741,harumiya
9742,harumiya_(meron89893)
9743,harumomo_(@harumomo123456)
9744,haruna_(citrus_love_i)
9745,haruna_(hrnrnh)
9746,haruna_hisui
9747,haruna_macpro
9748,haruna_mahiru
9749,haruna_mao
9750,haruna_miyabi
9751,harunagi
9752,harunatsu_akito
9753,haruno_(kuromitugozen)
9754,haruno_riku
9755,haruno_shuu
9756,haruno_tomoya
9757,harunoha
9758,harunohotaru
9759,harunoibuki
9760,harunori_(hrnrx)
9761,haruo_(clownberry)
9762,haruri
9763,harurie
9764,haruruhaharur
9765,harurukan
9766,harurun
9767,harusabin
9768,harusame-r
9769,harusame_(rueken)
9770,harusame_(unmei_no_ikasumi)
9771,harusame_(user_wawj5773)
9772,harusame_tsubaki
9773,harusameriburo
9774,harusawa
9775,haruse_hiroki
9776,harushino
9777,harushio
9778,haruta_(806060)
9779,harutarou_(orion_3boshi)
9780,harutask
9781,haruteru
9782,harutimu
9783,haruto_(harut_n)
9784,haruto_(hirokazu1001)
9785,haruto_(hit23ewluvnpfo6)
9786,haruto_yuki
9787,harutoyumaarts
9788,haruwaka_064
9789,haruwo
9790,haruya_(lajoon)
9791,haruyama_kazunori
9792,haruyonoto
9793,haruyuki_(gffewuoutgblubh)
9794,haruyuki_(karem)
9795,haruyuki_(yukichasoba)
9796,haruyuki_14
9797,haruyukiko
9798,harvest88
9799,harvest_fes
9800,haryuu_(poetto)
9801,hasami_(hasami25)
9802,hasaya
9803,hase_nanase
9804,hase_neet
9805,hase_yu
9806,hasebe_akira
9807,hasebe_yuusaku
9808,hasegawa_(hase_popopo)
9809,hasegawa_(rarairairai)
9810,hasegawa_keita
9811,hasegawa_shin'ya
9812,hasegawamorito
9813,hasei_(hasei01)
9814,haseko123
9815,hasekura_(hachinochun)
9816,hasekura_chiaki
9817,hasekura_noizu
9818,haseneko
9819,haseru_(ginku_mh)
9820,hasewo
9821,hashi
9822,hashi84e
9823,hashibi_(noyasakihashibi)
9824,hashibi_rokou
9825,hashibiro_kou_(garapiko_p)
9826,hashiguchi_takashi
9827,hashiguma
9828,hashiko_(neleven)
9829,hashiko_nowoto
9830,hashikure_taro
9831,hashimo_yuki
9832,hashimochi
9833,hashimoto_(frog_flag)
9834,hashimoto_(soukidann2010)
9835,hashimoto_kokai
9836,hashimoto_kurara
9837,hashimoto_shin
9838,hashimoto_takashi
9839,hashimoto_takayoshi
9840,hashira_14
9841,hashiribe_akira
9842,hashiro
9843,hashiyamoto
9844,hasisisissy
9845,haska_(user_gure4787)
9846,hasom
9847,hassai
9848,hassan_(sink916)
9849,hassen_(8cm)
9850,hastune
9851,hasu
9852,hasu_(velicia)
9853,hasu_(zatsugami)
9854,hasu_175
9855,hasu_art
9856,hasuga_sea
9857,hasukurira
9858,hasumi_(hasubatake39)
9859,hasumi_elan
9860,hasumi_takashi
9861,hasumushi
9862,hasune
9863,hasunokaeru
9864,hasuyawn
9865,hat_babo
9866,hat_iue
9867,hata4564
9868,hata_(pixiv4102938)
9869,hata_kenjirou
9870,hatachi
9871,hatafuta
9872,hatagaya
9873,hatahata_(okkrslk)
9874,hatake_michi
9875,hatake_shimeji
9876,hatakenaka_(kamagabuchi)
9877,hatanana_(ag6uptphhal3frd)
9878,hatano_kiyoshi
9879,hataraki_ari
9880,hataraki_kuma
9881,hataya
9882,hatch_(8cco)
9883,hatch_(hatch_box)
9884,hatemadeimym
9885,hatena_(nazequestion)
9886,hatenoga
9887,hater_(hatater)
9888,hateri
9889,hateyo
9890,hati105
9891,hatidraw
9892,hato_haru
9893,hato_kan
9894,hato_moa
9895,hato_no_suisou
9896,hato_rami
9897,hato_yu-ki
9898,hatoboshi
9899,hatoichi_reno
9900,hatomaru_(hatomaru56)
9901,hatomehonpo
9902,hatomugi_(mugicha)
9903,hatomugi_(user_datj4345)
9904,hatomugi_gohan
9905,hatomugi_seika
9906,hatomura_(tareneko_club)
9907,hatoneko
9908,hatopoo_(beach7pijon)
9909,hatori_kumi
9910,hatori_mia
9911,hatori_piyoko
9912,hatori_you
9913,hatoro_kuroyoshi
9914,hatosabure
9915,hatoyama_itsuru
9916,hatozuki_tsumiki
9917,hatski.sin
9918,hatsu_(first_snow)
9919,hatsu_(hatsumiilkshake)
9920,hatsuga_(dmaigmai)
9921,hatsuitsumo
9922,hatsuki_kaname
9923,hatsuko
9924,hatsunatsu
9925,hatsune_negame
9926,hatsuno_xxx
9927,hatsushiro_mamimu
9928,hattori_masahiko
9929,hattori_masaki
9930,hattori_mitsuru
9931,hattouissenbaka
9932,hatuki_82
9933,hatutaro
9934,hatyo
9935,hatyuuruinohito
9936,haun
9937,haura_akitoshi
9938,hauto-san
9939,hawe_king
9940,hawoku_ishibare
9941,hawthorn
9942,haya_bs
9943,haya_taro_pochi
9944,hayabusa_(vert_320)
9945,hayabusa_koi
9946,hayabusa_yuki
9947,hayakawa_akari
9948,hayakawa_harui
9949,hayakawa_pao
9950,hayakawa_sonchou
9951,hayaken_sarena
9952,hayaku_koko
9953,hayama_eishi
9954,hayama_jun'ichi
9955,hayama_kazusa
9956,hayamaso
9957,hayame_(m_ayame)
9958,hayami_rasenjin
9959,hayami_ritsu
9960,hayami_yoichi
9961,hayami_yuujirou
9962,hayanpool
9963,hayanye
9964,hayaoki_(asagi-iro_seishun-bu)
9965,hayapi
9966,hayarob
9967,hayasaka
9968,hayasaka_(a865675167774)
9969,hayasaka_(neoneet)
9970,hayashi_(kanzume)
9971,hayashi_(l8poushou)
9972,hayashi_custom
9973,hayashi_ekyuu
9974,hayashi_itsuki
9975,hayashi_keita
9976,hayashi_kewi
9977,hayashi_maka
9978,hayashi_naoharu
9979,hayashi_ryouta
9980,hayashi_sakura
9981,hayashi_tsugumi
9982,hayashida_chiyo
9983,hayashiya_zankurou
9984,hayate-s
9985,hayate_(leaf98k)
9986,hayate_fish
9987,hayateluc
9988,hayato_(meromoni)
9989,hayato_rikin
9990,hayato_stuff
9991,hayosena
9992,haysey
9993,hayuk0
9994,hayun
9995,hayupipipipi
9996,hayyan
9997,hazakura_chikori
9998,hazakura_hinata
9999,hazakura_satsuki
10000,hazama_(hazamazama)
10001,haze_(ohw8g)
10002,hazel0217
10003,hazime
10004,hazuki-a
10005,hazuki_(etcxetc)
10006,hazuki_(nature.)
10007,hazuki_(nukisasi)
10008,hazuki_(nyorosuke)
10009,hazuki_(pacco)
10010,hazuki_(sutasuta)
10011,hazuki_futahi
10012,hazuki_gean
10013,hazuki_gyokuto
10014,hazuki_haru
10015,hazuki_kasane
10016,hazuki_kyou
10017,hazuki_mizuho
10018,hazuki_natsu
10019,hazuki_ruu
10020,hazuki_shino
10021,hazuki_yuzuru
10022,hazumi_otoya
10023,hazumi_rio
10024,hbb
10025,hc2002
10026,hc_(razel1)
10027,hcnone
10028,hcsb
10029,hcstyrus_ii
10030,hcz_n
10031,hdkg
10032,head_cha_la
10033,healther
10034,healthyman
10035,hear_(kpmf4732)
10036,heartbreak_juan
10037,heartki
10038,heartsix
10039,heatia
10040,heaven's_melody
10041,hebameki
10042,hebbtia
10043,hebi_(yurari)
10044,hebina_masayoshi
10045,hebino_rai
10046,hebitsukai
10047,hebitsukai-san
10048,hecchi_(blanch)
10049,hecha_(01964237)
10050,hechi_(hechi322)
10051,hechima_(issindotai)
10052,heckler_kai
10053,heco_(mama)
10054,hector_trunnec
10055,hee_(user_ykux4248)
10056,heebee
10057,heemin
10058,heeparang
10059,heeri
10060,hegata_(hegatia_lapis)
10061,hehehzb
10062,hei_(heiyohei)
10063,hei_(tonarinohey)
10064,hei_chuan_gui
10065,hei_jin
10066,hei_lang
10067,hei_tai_(kyaputen1)
10068,hei_yan-m82a1
10069,heibaise_jiangshi
10070,heibonkaeru
10071,heichi
10072,heidi_(gray_all)
10073,heigani
10074,heijialan
10075,heijitsu_(paapuu)
10076,heika_(heikahp)
10077,heikala
10078,heikokuru1224
10079,heimu_(heim_kstr)
10080,heinrich_(fernanderuddle)
10081,heirou
10082,heisa
10083,heisei_yutorin
10084,heiseikorotaisei
10085,heitian_keji
10086,heiwari_kanade
10087,heiya
10088,heiyan_shenshi
10089,heiyizhushenxia
10090,heiyu
10091,heizou_(hezo3361)
10092,hej_(mugmnm51)
10093,heka=ton
10094,hekahire_isurus
10095,hekaton
10096,heke
10097,heki_(supmore!)
10098,hekicha
10099,hekikuu_(kanaderuyume)
10100,hekirake
10101,hekiten
10102,hekkmushi
10103,hekomii
10104,hekoningyou_(waraningyou)
10105,helbai
10106,helen_(helen2210hk)
10107,helen_roro
10108,helen_zzhao
10109,helic_(7317helic)
10110,hell.k
10111,hell0120
10112,hell_fuuna
10113,hell_machina
10114,hella_p
10115,hellandheaven
10116,hellk111
10117,hellnyaa
10118,helloet11
10119,helloimtea
10120,helly_(helly56956)
10121,helmet_(touhu812)
10122,helmet_(trailblazer003)
10123,helvetica_std
10124,hemo_(hemoroda)
10125,hemogurobin_a1c
10126,hemorina
10127,hemuling
10128,hen-tie
10129,hen10
10130,hendra
10131,henemimi
10132,henet_hene
10133,henginnnnnn
10134,henken
10135,henki_(orange)
10136,henkuma
10137,hennnachoco
10138,henohenomoheji_(tpvtlsrp)
10139,henpei_saboten
10140,henreader
10141,henria
10142,henriiku_(ahemaru)
10143,henry_bird_9
10144,henshako
10145,hentai_kuwa
10146,hentai_oyaji
10147,hentaix
10148,hentaki
10149,hentaly
10150,henyaan_(oreizm)
10151,henyomen
10152,henz
10153,henzer
10154,heo_(tkgm)
10155,heo_sung-moo
10156,heoningu
10157,hepari
10158,heppari
10159,hepu2rabbits_(epuusa)
10160,herada_mitsuru
10161,heran_hei_mao
10162,herayoshi
10163,here_(hr_rz_ggg)
10164,heremia
10165,herfstijl
10166,herheim
10167,heridy
10168,herigaru_(fvgyvr000)
10169,herio
10170,heripantomorrow
10171,heripiro
10172,heriyama
10173,hermityy
10174,hermmy
10175,hero_(10cl3)
10176,hero_(do-belman)
10177,hero_neisan
10178,herohero_(higashi_no_dou)
10179,heroherotom
10180,herokick
10181,herozu_(xxhrd)
10182,hershuar
10183,heru_(goldprin)
10184,herunia_kokuoji
10185,herurun
10186,hestia_(neko_itachi)
10187,heta
10188,hetani312
10189,hetano_yokoduki
10190,hetare_(hetare013)
10191,hetare_galm_sue
10192,hetare_mizu
10193,hetareeji
10194,hetaren_(ramark)
10195,hetima0112
10196,hetza_(hellshock)
10197,hevn
10198,hews
10199,hexaa
10200,hexelica
10201,hexermer
10202,hey_taisyou
10203,heyzan
10204,hfp~kubiao
10205,hg_swdiary
10206,hh
10207,hh_(hehexd06161704)
10208,hhh_(wave)
10209,hhhori
10210,hi-fi_(fijazzy)
10211,hi-go!
10212,hi-ho-
10213,hi-na1
10214,hi_(ibisf5umauma)
10215,hi_(pontolfo)
10216,hi_fumiyo
10217,hi_i_dubu
10218,hi_iro
10219,hi_ye
10220,hi_you_(flying_bear)
10221,hiaburi_tokage
10222,hiba_(p-p-purin)
10223,hiballista
10224,hibarino_tuyuri
10225,hibi89
10226,hibi_tsuna
10227,hibika
10228,hibiki_(zerocodo)
10229,hibiki_mio
10230,hibiki_reine
10231,hibiki_tohru
10232,hibikileon
10233,hibimaru
10234,hibimegane
10235,hibino_nozomu
10236,hibioes
10237,hibitono
10238,hiboshi_daizu
10239,hibren
10240,hibun_tsukasa
10241,hicha_nomu
10242,hichi
10243,hichiko
10244,hida_naria
10245,hida_tatsuo
10246,hidaka0503
10247,hidaka_kouyou
10248,hidaka_ryou
10249,hidakarumen
10250,hidamarinet
10251,hidari_(left_side)
10252,hidari_(nanmu-left)
10253,hidari_kagetora
10254,hidarikata
10255,hidarikiki
10256,hide448
10257,hide_(hideout)
10258,hide_oo
10259,hidebo
10260,hidebou
10261,hidefu_kitayan
10262,hidejiu
10263,hideko_(l33l3b)
10264,hidel
10265,hidepoin
10266,hideyoshi_(swliyhbpe9xqqze)
10267,hidezi
10268,hidis0086
10269,hidmin
10270,hido88
10271,hido_(cherryhido)
10272,hidora_art
10273,hidori_(hibi_toridori)
10274,hidukihumi
10275,hidulume
10276,hieda_(hiedanoaqn)
10277,hieihirai
10278,hiememiko
10279,hiep_studio
10280,hiepita97
10281,hiepita_(1014)
10282,hieumay
10283,hieung
10284,hievasp
10285,hifumi_(3b_x)
10286,hifumi_chiyoko
10287,hifumi_hajime
10288,hifumi_kei
10289,hifumitaka
10290,higa
10291,higa-tsubasa
10292,higa423
10293,higa_(gominami)
10294,higa_norio
10295,higa_yukari
10296,higaragi
10297,higashi_(azm)
10298,higashigunkan
10299,higashigure
10300,higashino
10301,higashitani_fumito
10302,higashiwun_izumi
10303,higashiyama_(higashiyama_honpo_l.t.d)
10304,higashiyama_hayato
10305,higashiyama_kazuko
10306,higashiyama_shou
10307,higashizukihi_sei
10308,higata_akatsuki
10309,hige_(com)
10310,hige_(hige2)
10311,higebu
10312,higeji_(higeji404)
10313,higemaccho
10314,higemorigen
10315,higemu
10316,higeneko
10317,higeno_shinshi
10318,high_(hgih)
10319,high_meron
10320,highena
10321,higi_(rodriguez)
10322,higofushi
10323,higuchi_isami
10324,higuchi_konomi
10325,higuchi_megumi
10326,higurashi_ryuuji
10327,higurehiiro
10328,hihachi
10329,hihara_you
10330,hihiqhi
10331,hihiyama_yokikana
10332,hihizaru_badass
10333,hii_(hii101)
10334,hii_(motorholic)
10335,hii_(mzgu8388)
10336,hiichisato
10337,hiide
10338,hiiragi_(karashriker)
10339,hiiragi_akio
10340,hiiragi_fuyuki
10341,hiiragi_hazime
10342,hiiragi_kei
10343,hiiragi_ken
10344,hiiragi_mikoto
10345,hiiragi_souren
10346,hiiragi_syuu
10347,hiiragi_tomoka
10348,hiiragi_yuuichi
10349,hiiragisensei
10350,hiiringu
10351,hiiro60
10352,hiiro_(coinxtossxdive)
10353,hiiro_(kikokico)
10354,hiiro_h
10355,hiiro_yuki
10356,hiiro_yuya
10357,hiisu_(s-1104-d)
10358,hiita_(hitta_99)
10359,hijabolic
10360,hiji_(hijichan)
10361,hijikawa_arashi
10362,hijiki_(hijikini)
10363,hijiki_(hijiri_st)
10364,hijiki_meshi
10365,hijiri_(resetter)
10366,hijiri_(xxhizirixx)
10367,hijiri_rei
10368,hijiri_tsukasa
10369,hijirino_yuuta
10370,hijouguti
10371,hika_(cross-angel)
10372,hikabe_sakuho
10373,hikage_eiji
10374,hikageno
10375,hikami_dan
10376,hikanyan
10377,hikap
10378,hikari50503
10379,hikari_(komitiookami)
10380,hikari_(mitsu_honey)
10381,hikari_hachi
10382,hikari_niji
10383,hikari_no
10384,hikari_yui
10385,hikarikmy
10386,hikariz
10387,hikaru_(asteriskring)
10388,hikaru_(mikan0407)
10389,hikaru_(ofuton_at5)
10390,hikarusorano
10391,hikaruyusi
10392,hikashima_(shiofune)
10393,hikashou
10394,hikataso
10395,hikawa79
10396,hikawa_shou
10397,hikawayunn
10398,hiki-wota
10399,hiki_yuichi
10400,hikibee
10401,hikichi_sakuya
10402,hikigaya_0926
10403,hikimaru
10404,hikipanda
10405,hikkio
10406,hiko_(hiko224556)
10407,hiko_(lg612)
10408,hiko_(scape)
10409,hikobae
10410,hikosan
10411,hikotou_(sao73cat)
10412,hikusa
10413,hikyakuashibi
10414,hikyou_takarasou
10415,hilamaru
10416,hilimuc
10417,hima
10418,hima_(mizu_ni_tsuyoi)
10419,hima_(nichikan)
10420,himadarou
10421,himadera
10422,himagosan
10423,himajin_(fd_jin)
10424,himajin_(starmine)
10425,himajin_noizu
10426,himamo
10427,himaneko.
10428,himanemuitoma
10429,himari_(_h_i8)
10430,himarisu_(hida_mari)
10431,himaro
10432,himaruya_hidekazu
10433,himawari_(kawaisounaedesu)
10434,himaya
10435,himduldago
10436,hime_(himetya105)
10437,hime_(ohime_pkg)
10438,hime_gyo
10439,hime_takamura
10440,hime_takeo
10441,himegi
10442,himehachi_(hime8manga)
10443,himeko_(nico6v6pachi)
10444,himeliofon
10445,himemiya_shuang
10446,himemura_saki
10447,himemurasaki
10448,himenagi_yuuki
10449,himeno345
10450,himeno_kagemaru
10451,himenomikan
10452,himeshaga
10453,himeshita_johnny_mafuyu
10454,himetsuba
10455,himetsuki_luna
10456,himey
10457,himeyamato
10458,himishiro
10459,himitsu_(hi_mi_tsu_2)
10460,himiya_jouzu
10461,himo
10462,himo_(himodayoo)
10463,himokawa_udon
10464,himonoata
10465,himuhino
10466,himukai_kyousuke
10467,himukai_yuuji
10468,himukai_yuusuke
10469,himura_kiseki
10470,himura_moritaka
10471,himuraanzu
10472,himuro_shunsuke
10473,himurohiromu
10474,hina-uta
10475,hina_(araburu-hinadori)
10476,hina_(bird_salty)
10477,hina_(cassissoda)
10478,hina_(hinalovesugita)
10479,hina_(ohinao)
10480,hina_(pico)
10481,hina_(xoxo)
10482,hina_sasaki
10483,hinabu
10484,hinagi_(fox_priest)
10485,hinakisara
10486,hinako_(anzu15)
10487,hinamatsuri_touko
10488,hinamayo
10489,hinami047
10490,hinami_(hinatamizu)
10491,hinami_riku
10492,hinamikan
10493,hinamori_(18ar0)
10494,hinamori_(m_nmy01)
10495,hinann_bot
10496,hinanosuke
10497,hinasaki_you
10498,hinase_(jet_hearts)
10499,hinase_haruka
10500,hinase_kaguya
10501,hinasumire
10502,hinata-bokko_(sanpo_fuumi)
10503,hinata_(echoloveloli)
10504,hinata_(eine_blume)
10505,hinata_(hinata-ur)
10506,hinata_(ryohinata)
10507,hinata_(user_rjkt4745)
10508,hinata_hibari
10509,hinata_hirune
10510,hinata_ichi
10511,hinata_kanata
10512,hinata_keiichi
10513,hinata_kokage
10514,hinata_masaki
10515,hinata_mizuiro
10516,hinata_momo
10517,hinata_mutsuki
10518,hinata_nao
10519,hinata_nonoka
10520,hinata_sora
10521,hinata_tino
10522,hinata_yuu
10523,hinata_yuu_(atelierhinata)
10524,hinatsu
10525,hinayuki_usa
10526,hinazuka_ryou
10527,hinbackc
10528,hinemaru
10529,hinemosu_notari
10530,hinghoi
10531,hini_ni
10532,hino_(2nd_life)
10533,hino_hikaru
10534,hino_hinako
10535,hino_hino
10536,hino_kagutsuki
10537,hino_minato_(spec.c)
10538,hino_ryutaro
10539,hino_shinnosuke
10540,hinoa_(hinoa1113)
10541,hinoborukaku
10542,hinoe_(dd_works)
10543,hinoe_(right-hnxx03)
10544,hinohoshi_ataru
10545,hinoka_(allen)
10546,hinokami
10547,hinoki_(yesfish1117)
10548,hinoki_bayashi
10549,hinoki_kahun0
10550,hinokumo_f
10551,hinomars19
10552,hinomaru_(futagun)
10553,hinomoto_madoka
10554,hinooka_shuuji
10555,hinoru_saikusa
10556,hinosaki
10557,hinoshita_akame
10558,hinotama_(hinotama422)
10559,hinotta
10560,hinoue_itaru
10561,hinoya
10562,hinoyama_ena
10563,hinshi_hp0
10564,hintobento
10565,hiokirasu
10566,hiomaika
10567,hiota_(kuhi_0301)
10568,hioyami
10569,hira-san
10570,hira_(nanika_no_heya)
10571,hira_(otemoto84)
10572,hira_taira
10573,hirabaru_kenji
10574,hirafumi
10575,hiraga_daidai
10576,hiraga_matsuri
10577,hiragana_oufu
10578,hiragana_sherry
10579,hiragi_1014
10580,hiragi_rin
10581,hiragi_ringo
10582,hirahiragi_(h1rqg1)
10583,hirai_chika
10584,hirai_yukio
10585,hirai_yuzuki
10586,hiraizumi_(mugenkidousha)
10587,hirakata_masahiro
10588,hirakawa
10589,hiraken
10590,hirako
10591,hirako_daishougun
10592,hirama_hirokazu
10593,hiramatsu_tadashi
10594,hiramedousa
10595,hiranko
10596,hirano_katsuyuki
10597,hirano_masanori
10598,hirano_toshihiro
10599,hirari
10600,hirarinoie
10601,hirasaka_ine
10602,hirasaka_makoto
10603,hirasawa_izumi
10604,hirasawa_minami
10605,hirasawa_seiji
10606,hirase_yuu
10607,hirata_katsuzou
10608,hiratsuka_tomoya
10609,hirayama_kanna
10610,hiro046k
10611,hiro1984
10612,hiro_(05112423)
10613,hiro_(725611)
10614,hiro_(chumo)
10615,hiro_(dismaless)
10616,hiro_(fluffy_palette)
10617,hiro_(h-net)
10618,hiro_(hirohiro31)
10619,hiro_(hirohiro_gorira)
10620,hiro_(pqtks113)
10621,hiro_(udkod1ezlyi2flo)
10622,hiro_(user_negm3832)
10623,hiro_(yoshi_chan)
10624,hiro_0607
10625,hiro_hiroki
10626,hiro_yoshinaka
10627,hiroaki_(huruhonya)
10628,hiroaki_(kof)
10629,hirocchi
10630,hirococo
10631,hiroe_(cosmos_blue-02_421)
10632,hiroe_rei
10633,hiroichi
10634,hiroikara_(smhong04)
10635,hiroita
10636,hirokawa_kouichirou
10637,hirokazu
10638,hirokazu_(analysis-depth)
10639,hiroki_(hirokiart)
10640,hiroki_(vvkagerouvvr2)
10641,hiroki_(yyqw7151)
10642,hiroki_bzdsk
10643,hiroki_ree
10644,hirokiku
10645,hiromaster_sinta_jh
10646,hiromin
10647,hiromon
10648,hiromumaru
10649,hiromyan
10650,hirondo
10651,hirono_(hxze4434)
10652,hironox
10653,hirooka_masaki
10654,hiropon_(tasogare_no_puu)
10655,hirosato
10656,hirose_(10011)
10657,hirose_(mokiki)
10658,hirose_madoka
10659,hirosenpai_(adamosina)
10660,hiroserii
10661,hiroshi_(hunter-of-kct)
10662,hiroshix31
10663,hiroside
10664,hirosuke_(psychexx)
10665,hirota_(masasiv3)
10666,hirota_fruit
10667,hirota_masatane
10668,hirota_tsuu
10669,hirotaka0125
10670,hirotaka_(hrtk990203)
10671,hirotake
10672,hirowa_nagi
10673,hiroya_juuren
10674,hiroya_masaharu
10675,hiroyama_hiroshi
10676,hiroyuki
10677,hiroyuki_takahashi
10678,hiru315
10679,hiru_okita
10680,hiruma_andon
10681,hirume
10682,hirunagi
10683,hirune_(konekonelkk)
10684,hiruno
10685,hiruno_ushiro
10686,hiryuu_(kana_h)
10687,hiryuu_(kugelcruor)
10688,hisa_tsuki
10689,hisae_(hisae_collect)
10690,hisagi_(puchimaple)
10691,hisahiko
10692,hisaka_hazara
10693,hisakabe_oto
10694,hisakata_(hisa_nn)
10695,hisakata_souji
10696,hisakawa_chin
10697,hisakawa_riho
10698,hisakawa_sora
10699,hisaki_(morenabe)
10700,hisako_(6anmbblfnjueeff)
10701,hisama_kumako
10702,hisame_genta
10703,hisana
10704,hisany-spacecrayon
10705,hisasi
10706,hisatago
10707,hisato_ar
10708,hisayaki_kyuu
10709,hisayoshi_(hisa)
10710,hisayuki_hirokazu
10711,hiseki_(tknkkm)
10712,hisen_kaede
10713,hisha_(kan_moko)
10714,hishi_(k-xaby)
10715,hishigata
10716,hishoti_cheese
10717,hishui_prpr
10718,hisin
10719,hisiya_(wldn1112)
10720,hism_25_(tsumari)
10721,hisochi_n
10722,hisohiso_(altoblue)
10723,hisona_(suaritesumi)
10724,hissaa_(starlight_express)
10725,hissatsukun
10726,histoire-ange
10727,hisui_(kimochi)
10728,hisui_(stapspats)
10729,hisui_(syarute)
10730,hisui_(user_zvkr2432)
10731,hisuikouha
10732,hisuiyasai
10733,hit_by_hit
10734,hita_(hitapita)
10735,hita_(hizokuseikogeki)
10736,hitachi_sou
10737,hitaki_yuu
10738,hitakikan
10739,hitanu
10740,hitch_(perotoss)
10741,hitec
10742,hiten_(hitenkei)
10743,hitmanatee
10744,hito_(maruhito_)
10745,hito_(nito563)
10746,hito_komoru
10747,hitoba
10748,hitobashira_(1746164306)
10749,hitodama_(madatohi)
10750,hitode
10751,hitode_(ziburi)
10752,hitofudegaki_usagi
10753,hitofutarai
10754,hitogome
10755,hitoha
10756,hitohachan
10757,hitoi
10758,hitoiki
10759,hitokoe
10760,hitokoto
10761,hitokuirou
10762,hitomaru
10763,hitomi_kazuya
10764,hitomi_o
10765,hitomin_(ksws7544)
10766,hitopm
10767,hitorigaoka
10768,hitoshi
10769,hitoshi_suda
10770,hitoto
10771,hitotose_hirune
10772,hitotose_rin
10773,hitotsuki_nanoka
10774,hitotsuki_nebura
10775,hitotsuki_no_yagi
10776,hitotu_no_naka
10777,hitowa
10778,hitoyuki_00
10779,hitozche
10780,hits_(hitstts)
10781,hitsuji_(hitsujigoods)
10782,hitsuji_(sheepsb22)
10783,hitsuji_bako
10784,hitsuji_kusa
10785,hitsuji_merry
10786,hitsuji_nata
10787,hitsuji_takako
10788,hitsujibane_shinobu
10789,hitsujisnow
10790,hitsuki_rei
10791,hitsukuya
10792,hitte5416
10793,hituzininareta
10794,hiva+
10795,hive328
10796,hiwa_industry
10797,hiwakana6121
10798,hiwatari_rin
10799,hiwonoafu
10800,hiya
10801,hiya_gohan
10802,hiyada_yuu
10803,hiyama_izumi_(wttdh)
10804,hiyama_yuki
10805,hiyama_yuu_(wee259hiyama)
10806,hiyamizu_yukie
10807,hiyaori_(hiyahiyaval)
10808,hiyari_(hiyarilol)
10809,hiyashi_mikan
10810,hiyashi_mirano
10811,hiyashinssu
10812,hiyaya_(kochi_michikaze)
10813,hiyayaako
10814,hiyayo25
10815,hiyo_(2016.10)
10816,hiyo_kiki
10817,hiyo_kotori
10818,hiyohiyo
10819,hiyoko_(chick's_theater)
10820,hiyoko_(kokeko)
10821,hiyoko_biimu
10822,hiyoko_daiou
10823,hiyoko_neneko
10824,hiyoko_no_ko
10825,hiyoku
10826,hiyopuko
10827,hiyori-o
10828,hiyori_(20hiyori727)
10829,hiyori_(nyatto)
10830,hiyori_(rindou66)
10831,hiyori_chisha
10832,hiyori_mizuki
10833,hiyorou
10834,hiyoshi_hana
10835,hiyoshipow
10836,hiyunagi
10837,hiyuu_(hiyualice)
10838,hizagawa_rau
10839,hizaka
10840,hizakake
10841,hizaki_gamma_(artist)
10842,hizaki_ryuuta
10843,hizaki_sui
10844,hizakozouzu
10845,hizikata398
10846,hizikit
10847,hizuki_akira
10848,hizuki_aya
10849,hizuki_higure
10850,hizuki_miya
10851,hizuki_yayoi
10852,hizukiryou
10853,hizzacked
10854,hjl
10855,hjm
10856,hjoe8
10857,hjz_(artemi)
10858,hk_(hk)
10859,hk_(nt)
10860,hk_(wgyz7222)
10861,hk_539099410
10862,hk_nnm
10863,hkeno
10864,hkn_(ringya)
10865,hl_(iamawhitehippo)
10866,hm_(hmongt)
10867,hmage
10868,hmax
10869,hmdark-9
10870,hmk84
10871,hmniao
10872,hn_(artist)
10873,hn_(honyori_ta)
10874,hnnoo
10875,ho-uja
10876,ho2nium
10877,hoangryu
10878,hobak
10879,hobbang
10880,hobby_(kento)
10881,hoe-l
10882,hoe_satsuki
10883,hoenn_(jgm1102)
10884,hoerutarou
10885,hofumaso
10886,hogara
10887,hogey_nk-2000
10888,hohetomaru
10889,hoht_yeah
10890,hoicyo
10891,hoji_(hooooooooji1029)
10892,hojiro_same
10893,hoki11
10894,hokkana
10895,hokori_sakuni
10896,hokuro_ryuuseigun
10897,hokushuu
10898,hokuto_(hokuto_pk)
10899,hokuto_(scichil)
10900,hokuto_(tokuho)
10901,hokuto_shun
10902,hokutoro64
10903,hokuyukis
10904,hokuyuu
10905,holeecrab
10906,holiday_(pangjelly)
10907,holika_baby
10908,hollning
10909,hollomaru
10910,hollow_mimikyu
10911,hollypolllyy
10912,hollyyn
10913,holmemee
10914,holo_eden
10915,holy_meh
10916,holykoshi
10917,holysnow
10918,homa_kura
10919,homaderi
10920,homare_(fool's_art)
10921,homare_(g_hmr88)
10922,homare_(homaredai)
10923,homare_(suzu_no_oka)
10924,home_(houmei)
10925,home_nobi
10926,hometa
10927,homex
10928,homil22
10929,hominamia
10930,homing_(areya)
10931,hominotsu
10932,homriette
10933,homu_(seven_deadly_sins)
10934,homua
10935,homunculus_(alchemynote)
10936,homura_(haku89)
10937,homura_(hmr0222)
10938,homura_(homur4_homu)
10939,homura_(silver_blaze)
10940,homura_hinase
10941,homura_minori
10942,homura_shinji
10943,homura_subaru
10944,honashi
10945,honba_misaki
10946,honchu
10947,honda_(honndamaria)
10948,honda_naoki
10949,honda_takaharu
10950,honda_takeshi
10951,honda_tamanosuke
10952,hondahiro
10953,hondaranya
10954,hone_(honehone083)
10955,hone_(koppun)
10956,hone_kawa
10957,honey_dogs
10958,honeyhoppin
10959,honeymelon
10960,hong_(hong11117)
10961,hong_(white_spider)
10962,hong_bai
10963,hong_doo
10964,hong_hongcha
10965,hong_kuang
10966,hong_soon-jae
10967,hong_yun_ji
10968,hongbaise_raw
10969,hongcasso
10970,hongcha_(roels)
10971,hongshi_(13234456009)
10972,hongye_feixue
10973,honi_(honi1010)
10974,honi_(honix3)
10975,honjou_masato
10976,honjou_raita
10977,honkawa_works
10978,honkibooty
10979,honkivampy
10980,honlo
10981,honma_(honmatomohiro)
10982,honmakaina_kudou
10983,honnou_(kjs9504)
10984,honnryou_hanaru
10985,hono
10986,honoboooono
10987,honoji
10988,honoka_chiffon
10989,honokan
10990,honome_sui
10991,honon
10992,honorikiti
10993,honotai
10994,honshiro_nikori
10995,hontani_toshiaki
10996,honwaka_zz
10997,honya_lala
10998,honyaa_(honya--1123)
10999,honyang
11000,honyara-san
11001,honyaru_(nanairo39)
11002,honzawa_yuuichirou
11003,hoo_bamon
11004,hood_(james_x)
11005,hoodier
11006,hooh_lin
11007,hoojiro
11008,hoojiro_(found1093)
11009,hooreng
11010,hooriyuu
11011,hoozuki_shia
11012,hop3
11013,hopebiscuit
11014,hopepe
11015,hoplitx
11016,hoppe_illust
11017,hoppege
11018,hopper
11019,hoppetoonaka3
11020,horai_sennkyo
11021,horang4628
11022,horei_tsuna
11023,horezai
11024,hori_(hori_no_su)
11025,hori_airi
11026,hori_shin
11027,horibe_hiderou
11028,horideiyasumi
11029,horie_ryuu
11030,horiguchi_yukiko
11031,horii_kumi
11032,horiishi_horuto
11033,horiizumi_inko
11034,horikoshi_kouhei
11035,horikou
11036,horikwawataru
11037,horimhkw11
11038,horin
11039,hormone_koijirou
11040,horn_wood
11041,horny_graphite
11042,horo_27
11043,horocca
11044,horokusa_(korai)
11045,horori_(halloweenday309)
11046,horosuke
11047,horoyuki_(gumizoku)
11048,horuhara
11049,horz
11050,hosaka_dx
11051,hosato_mikine
11052,hosh
11053,hoshara
11054,hoshi-pan
11055,hoshi-toge
11056,hoshi_(snacherubi)
11057,hoshi_(star-name2000)
11058,hoshi_(xingspresent)
11059,hoshi_akari
11060,hoshi_kubi
11061,hoshi_mikan
11062,hoshi_nawoki
11063,hoshi_no_gen
11064,hoshi_rasuku
11065,hoshi_umi
11066,hoshi_usagi
11067,hoshiakari_(c2_kikan)
11068,hoshiberuu
11069,hoshibuchi
11070,hoshibudou
11071,hoshihuri
11072,hoshii_1213
11073,hoshii_hisa
11074,hoshiibara_mato
11075,hoshika_ranoe
11076,hoshikage_wataru
11077,hoshikawa_(hoshikawa_gusuku)
11078,hoshikawa_tsukimi
11079,hoshiko_(419401x)
11080,hoshikuzu
11081,hoshikuzu_(milkyway792)
11082,hoshikuzu_(pinkholic)
11083,hoshikuzu_kizuna_(kizuna_stardust)
11084,hoshikuzu_pan
11085,hoshimaemi
11086,hoshimame_mana
11087,hoshimaru_daichi
11088,hoshimawa
11089,hoshimiya_aki
11090,hoshimiya_mashiro
11091,hoshimiya_mery
11092,hoshina_satoya
11093,hoshino_(nia_hoshino)
11094,hoshino_aoi_(la_huynh_hai_than)
11095,hoshino_arika
11096,hoshino_banchou
11097,hoshino_hitsuki
11098,hoshino_kagari
11099,hoshino_koucha
11100,hoshino_lala
11101,hoshino_lily
11102,hoshino_madoka
11103,hoshino_ouka
11104,hoshino_reiji
11105,hoshino_souichirou
11106,hoshinopurin
11107,hoshiringo0902
11108,hoshitetsu_ringo
11109,hoshiusagi_no_chloe
11110,hoshiya_takahito
11111,hoshiyui_tsukino
11112,hoshiyume_yashiro
11113,hoshizaki_hikaru
11114,hoshizaki_reita
11115,hoshizora_lone
11116,hoshizora_no_shita
11117,hoshizuki_(seigetsu)
11118,hoshizuki_sakusa
11119,hosinonana
11120,hosizora_mikoto
11121,hoso_miyuki
11122,hosoda_naoto
11123,hosodayo
11124,hosoi_kouzou
11125,hosoi_mieko
11126,hosoinogarou
11127,hosomitimiti
11128,hosoo
11129,hospital_king
11130,hossi
11131,hossy
11132,hot_kakigoori
11133,hot_melon
11134,hot_vr
11135,hota
11136,hotaboshi_yazuki
11137,hotaro_(bread_fusa)
11138,hotaru_(ss801)
11139,hotaru_(ultraroly_poly)
11140,hotaru_(zpgk7732)
11141,hotaru_kago
11142,hotaru_sen
11143,hotaruika_niji
11144,hotate-chan
11145,hotate_oishii
11146,hotate_rayan
11147,hotatenshi
11148,hotateyuki
11149,hotathino
11150,hotechige
11151,hotel01
11152,hotoke_party
11153,hotori_(sion)
11154,hototogisu_(7kanu_7ra)
11155,hototogisu_(hot_to_gis)
11156,hott0g111
11157,hou_(hachiyou)
11158,hou_(ppo)
11159,hou_no_ka
11160,houden_eizou
11161,houdukixx
11162,houh888
11163,houhokekyo
11164,houhou_(black_lack)
11165,houji_tea_latte
11166,houjichaoic
11167,houjoh_(7th-heaven)
11168,houjou_yutori
11169,houkago_shounen
11170,houkai_(collapse_illust)
11171,houki_(tonburi)
11172,houkiboshi
11173,houkiri_nemu
11174,houkisei
11175,houmatu_awa
11176,houmitsu
11177,hounori
11178,hounyouin
11179,hourai_kiriri
11180,hourai_kochou
11181,hourai_ninjin
11182,hourainingyou
11183,houraisan_chouko
11184,houraku
11185,houru
11186,house_tag_denim
11187,houshi
11188,houshiruri
11189,housou-kun
11190,housulu
11191,houtani_yukitoshi
11192,houtei9
11193,houten_(dre_a_mer)
11194,houtengeki
11195,houzuki_(hotondo)
11196,houzuki_michiru
11197,hovaku
11198,hovering_kousin
11199,how_long
11200,howhow_notei
11201,hoxutixu
11202,hoyhoy_colo
11203,hoyon
11204,hozenkakari
11205,hozu_(hozumi)
11206,hozuka_(kadokawa)
11207,hozumi_kaoru
11208,hozumi_rino
11209,hozumi_sousei
11210,hozumi_takashi
11211,hozure
11212,hpa_(foolish_factory)
11213,hpapo
11214,hplay
11215,hr.r
11216,hrd
11217,hrdrifter
11218,hrk_(dxez4457)
11219,hrna
11220,hrt_(fujita_hiro)
11221,hrtyuk
11222,hs2
11223,hs_(user_hvww8443)
11224,hscatter
11225,hsh7955
11226,hsin
11227,hsmoji
11228,hsuliherng
11229,hsxxx
11230,htm_(gixig)
11231,htn_nm
11232,hu-min_(okok6341)
11233,hu_dako
11234,hu_kotora
11235,hu_sea
11236,hu_tu
11237,hua-huahua
11238,hua-j
11239,hua_(qingmeiranshuangxue)
11240,hua_(supa_jopa)
11241,hua_(yijing)
11242,hua_ha_jiazi
11243,hua_hua_de_meme
11244,hua_ming_wink
11245,hua_ye
11246,huacai
11247,huahua_zhu
11248,huai_diao_de_zongzi
11249,huajiaohaibao
11250,huan1034097
11251,huan_li
11252,huan_shi_tian_tong
11253,huang_(volt0526)
11254,huang_gua
11255,huang_li_ling
11256,huang_lia
11257,huang_tie_lin
11258,huangdanlan
11259,huangjin_shizi
11260,huangpi_sang
11261,huangquan_dong_(sinchi)
11262,huangyou
11263,huanxiang_heitu
11264,huanxiang_huifeng
11265,huaronanago
11266,huasha
11267,huatu_jiang
11268,huazha01
11269,hubrael
11270,hue_oo
11271,huei_nazuki
11272,hues_sunk
11273,huet-pc
11274,hufy
11275,hug_(yourhug)
11276,huhi_(huhi_1211)
11277,huhv.
11278,huihuang_rongyao
11279,huijin_zhi_ling
11280,huinjebi
11281,huiqian
11282,huizhiyin
11283,hujikok
11284,hukahire0120
11285,hukahito
11286,hukairi_botan
11287,huke
11288,hukigen_dadada
11289,hukii
11290,hukutuuprunes
11291,huleito
11292,huli_xiaobai
11293,hullabaloo
11294,hullzion
11295,hum_(ten_ten)
11296,humanlynn
11297,humany
11298,humi_humi
11299,humiyou
11300,humo
11301,humuyun
11302,hun_(endlesslovehikaru)
11303,hun_(uyonis)
11304,hundred_brazil
11305,hundredburger
11306,hundun_no_bifang
11307,hungr_(nyanom)
11308,hungry_clicker
11309,hungry_seishin
11310,hungrydurp
11311,hunterkay
11312,hunyan
11313,hunyangzi
11314,huqu
11315,hurin_raika
11316,hurybone
11317,husagin
11318,hushabye
11319,husun_wei
11320,hutaba
11321,hutaba_29
11322,hutaba_haru
11323,hutago
11324,hutosutoro
11325,hutuu_(1121)
11326,huujyu
11327,huumoon
11328,huwari_(dnwls3010)
11329,huwenlang
11330,huxiao_(mistlakefront)
11331,huyandere
11332,huyase
11333,huybu51
11334,huyj_cl
11335,huyou_(awegk)
11336,huyuharu0214
11337,huyukaaki
11338,huyumitsu
11339,huyunora
11340,huyusilver
11341,huziiro_matutya
11342,hwaen
11343,hwan_(mob_hwan)
11344,hwan_(verypoor)
11345,hwanhee
11346,hwansang
11347,hwansang_jungdog
11348,hwaryeok
11349,hwei
11350,hwoi_(hw_123)
11351,hwr33m
11352,hxd
11353,hxj_(2324184595)
11354,hxk4_n
11355,hxxg
11356,hy_(fjvlg)
11357,hy_(hem_oo)
11358,hya_(ohyaarin)
11359,hya_ro
11360,hyaku_(momongamomomo)
11361,hyaku_ae_mon
11362,hyakucha
11363,hyakuen_raitaa
11364,hyakuhachi_(over3)
11365,hyakumangoku_masurao
11366,hyakunin_momoko
11367,hyakusei
11368,hyakuya_iori
11369,hyaluron_&_daruma
11370,hyanna-natsu
11371,hyatsu
11372,hybrid_cat
11373,hybridmink
11374,hydaria
11375,hyde_(tabakko)
11376,hydeover9000
11377,hydrant_(kasozama)
11378,hyeon_sonic
11379,hyeroin
11380,hyji
11381,hylran0427
11382,hymgkamui
11383,hymin
11384,hyny
11385,hyocorou
11386,hyoe_(hachiechi)
11387,hyogonosuke
11388,hyoin
11389,hyokkori_tamago
11390,hyonee
11391,hyoon_(sockgyu)
11392,hyoshiki
11393,hyou_(hyouga617)
11394,hyou_(pixiv3677917)
11395,hyou_itto
11396,hyouenn
11397,hyouju_issei
11398,hyoumon_(saihokutan)
11399,hyouta_(yoneya)
11400,hyoutan_tan
11401,hyouuma
11402,hyperbudd
11403,hys-d
11404,hyshirey
11405,hyudora
11406,hyuga_zen
11407,hyugo
11408,hyulla
11409,hyuni_(hyunicat)
11410,hyurasan
11411,hyurisaki
11412,hyury
11413,hyuu_(sing-dog)
11414,hyuuga_azuri
11415,hyuuga_takashi
11416,hyuuman
11417,hyyun_ho
11418,hz_(666v)
11419,hz_(helu_2)
11420,hzk
11421,hzw3
11422,hzy_ka
11423,i-iv_(longman)
11424,i-la
11425,i-nn
11426,i-pan
11427,i.f.s.f
11428,i.t.o_daynamics
11429,i.takashi
11430,i.u.y
11431,i0525
11432,i10_ksw
11433,i_(deichi)
11434,i_(kaiyou)
11435,i_a_n
11436,i_am_homeko
11437,i_b_b_e
11438,i_g1ax
11439,i_kitsugi
11440,i_love_serval
11441,i_ruru
11442,ia_(ias1010)
11443,ia_(ilwmael9)
11444,iahfy
11445,iam_(tetsu0ekaki)
11446,iampenguinj
11447,iamthekingofegg
11448,ian46166491
11449,ian_olympia
11450,ian_samson
11451,iandrea
11452,ianxy2
11453,iapoc
11454,iat-418
11455,ibanen
11456,ibara.
11457,ibara_azuki
11458,ibara_dance
11459,ibara_riato
11460,ibaraki_natou
11461,ibaraki_shun
11462,ibenz009
11463,iberiko_(soinesitai)
11464,ibex
11465,ibsukionsen
11466,ibui_matsumoto
11467,ibuibuyou
11468,ibuki_(abuki)
11469,ibuki_(ibuki0118)
11470,ibuki_(ibukiro1003)
11471,ibuki_ena
11472,ibuki_grunt
11473,ibuki_hasu
11474,ibuki_notsu
11475,ibuki_pon
11476,ibuki_sakura_(sgw_v07)
11477,ibuki_satsuki
11478,ibuki_sho
11479,ibukichi
11480,ibuo_(ibukht1015)
11481,ibusaki_(ivu)
11482,ibushi_(kuyuru_29)
11483,ibushi_(oath)
11484,ic_(iccccccccc81)
11485,ica
11486,icarus_(2010741)
11487,iccoco
11488,ice2002
11489,ice_(aitsugai)
11490,ice_(doragon)
11491,ice_(ice)
11492,ice_(ice_aptx)
11493,ice_(icepuli)
11494,ice_cream_(aisu_aisu_9898)
11495,ice_morinaka
11496,ice_place
11497,ice_reizou
11498,ice_s_s_z
11499,iceblue
11500,icebox46
11501,icecake
11502,icedango_(dpopic3)
11503,icehotmilktea
11504,iceky
11505,icelernd
11506,iceringer
11507,ich.
11508,ichi-go
11509,ichi-jirushi
11510,ichi27ichi
11511,ichi_(13xxx)
11512,ichi_(ichi.colors)
11513,ichi_(ichikai)
11514,ichi_(pixiv6373491)
11515,ichi_inaru
11516,ichi_ka
11517,ichi_kq
11518,ichi_rin
11519,ichibi
11520,ichidai_taisa
11521,ichiei
11522,ichifuji_nitaka
11523,ichifuji_nitaka_(phase_nine)
11524,ichigo_gyuunyuu
11525,ichigo_seika
11526,ichigoame
11527,ichigoh
11528,ichihachiyon
11529,ichihara2929
11530,ichihara_kazuma
11531,ichihara_yuuto
11532,ichihashi_makoto
11533,ichihaya
11534,ichihisa
11535,ichihyaku_nanajuu
11536,ichijiku
11537,ichijo_rei
11538,ichijou_(kr_neru0)
11539,ichijou_hitoshi
11540,ichijou_takakiyo
11541,ichika_(ichika87)
11542,ichika_(ichika_manga)
11543,ichikawa
11544,ichikawa_feesu
11545,ichikawa_kazuhide
11546,ichikawa_masahiro
11547,ichikawa_noa
11548,ichikawa_ryuunosuke
11549,ichikawa_saasha
11550,ichikei
11551,ichiki_1
11552,ichiko_(ichi)
11553,ichiko_1234
11554,ichiko_milk_tei
11555,ichiko_oharu
11556,ichikura_(bk)
11557,ichikushi_mojibake
11558,ichimatsu_(anaumemondai)
11559,ichimatsu_nana
11560,ichimatsu_shiro
11561,ichimedoo
11562,ichimi
11563,ichimi_renge
11564,ichimichi_111
11565,ichimoku_(tansio5)
11566,ichimonme_(ichi)
11567,ichimura_kanata
11568,ichina_(osabakitina)
11569,ichinana_(dametetujin17)
11570,ichinashi
11571,ichino
11572,ichino_rai
11573,ichino_tomizuki
11574,ichinomiya_(blantte)
11575,ichinose777
11576,ichinose_(ichinose1592)
11577,ichinose_(kurui96)
11578,ichinose_(sorario)
11579,ichinose_jun
11580,ichinose_yuu
11581,ichinosenen
11582,ichio
11583,ichiren_namiro
11584,ichiren_takushou
11585,ichirino_minagi
11586,ichiroku
11587,ichiroku_(sakumogu-029)
11588,ichiromi
11589,ichiru_(yuzu-an)
11590,ichirugi
11591,ichiryuu_tsumiki
11592,ichisaku
11593,ichisannyonn
11594,ichita_(yixisama-shihaohaizhi)
11595,ichitaka
11596,ichitaka_(1015ichitaka)
11597,ichitaro
11598,ichiya1115
11599,ichiyan
11600,ichiyou_moka
11601,ichiyume_ichiyu
11602,ichizen_(o_tori)
11603,iciriini
11604,ickpot
11605,ico_(green_bullet)
11606,ico_(pekoguest)
11607,icon_315
11608,icons_(1452697582)
11609,icoo
11610,icorasama
11611,icwine
11612,icym
11613,icywood
11614,ida_(idalol490)
11615,idachi
11616,idaku
11617,idashige_(walkietalkie)
11618,idass_(idass16)
11619,idasu_(hyun9164)
11620,idaten93
11621,idawnrunner
11622,idemitsu
11623,idenshi_hina
11624,ideolo
11625,idiot_of_the_east
11626,idk-kun
11627,idkuroi
11628,idnar
11629,ido_(nothing679)
11630,ido_(teketeke)
11631,idolmia
11632,idon
11633,idora_(idola)
11634,idoraad
11635,idu_michito
11636,iduhara_jugo
11637,ie_(nyj1815)
11638,ie_(raarami)
11639,ieiieiiei
11640,ieinu_account
11641,ien_(to_yen)
11642,ierotak
11643,iesonatana
11644,iesupa
11645,ieufg
11646,ieugama
11647,if_f
11648,ifelt_(tamaki_zutama)
11649,ifpark_(ifpark.com)
11650,ifragmentix
11651,ifuji_sakura
11652,ifuji_shinsen
11653,ig1119
11654,iga_tamaki
11655,iga_tomoteru
11656,igaiga
11657,iganashi1
11658,iganseijin
11659,igarashi_(nogiheta)
11660,igarashi_gozo
11661,igarashi_kenji
11662,igarashi_kyouhei
11663,igarashi_mangou
11664,igarashi_ran_(igatz)
11665,igarashi_yuusuke_(wabisabi_buriki)
11666,igashiko
11667,igatto
11668,igawa_hikaru
11669,igayan
11670,igni_tion
11671,ignite_(artist)
11672,ignotoz
11673,igo_miku
11674,igu_(103milk)
11675,iguana152588
11676,iguana_henshuu-chou
11677,igul
11678,igunuk
11679,igusaharu
11680,ihara_asta
11681,ihiro
11682,ihobus
11683,ihsnet
11684,ii_ebidashi
11685,iida_kento
11686,iida_toyoyuki
11687,iiha_toobu
11688,iiiichimaru_03
11689,iiimirai
11690,iiiroha
11691,iikoao
11692,iinagi_(kashiwa_keira)
11693,iincho_(airi8751)
11694,iing_naoe
11695,iino_(isnyong)
11696,iiros
11697,iisan_(zvemsv420vuqzzb)
11698,iiumiarts
11699,iizuka_haruko
11700,iizuki_tasuku
11701,ijac_ray
11702,ijen_(ljenejl)
11703,ijima_yuu
11704,ijiro_suika
11705,ika
11706,ika_(4801055)
11707,ika_(hinatu1992)
11708,ika_esu
11709,ikaasi
11710,ikada_kai
11711,ikadamo
11712,ikag
11713,ikaheigen
11714,ikaikakka
11715,ikamagu
11716,ikameshi_(ika_meshi)
11717,ikanomaru
11718,ikanyoikanikan
11719,ikari_(aor3507)
11720,ikari_manatsu
11721,ikarin
11722,ikasamahideo
11723,ikasoba
11724,ikasoke_(likerm6au)
11725,ikataruto
11726,ikawa_waki
11727,ikayaki_(ikayaki4)
11728,ikazu401
11729,ikazuchi_akira
11730,ike_(altitude_attitude)
11731,ike_0910
11732,ike_masato
11733,ikebata_homura
11734,ikeda_(cpt)
11735,ikeda_(hayato)
11736,ikeda_hazuki
11737,ikeda_jun_(aquaqua)
11738,ikeda_jun_(mizutamari)
11739,ikeda_kazumi
11740,ikeda_masateru
11741,ikeda_ruriko
11742,ikeda_shouko
11743,ikeda_yasuhiro
11744,ikegami_akane
11745,ikei
11746,ikelag
11747,ikemen'na_ore-shi
11748,ikemura_hiroichi
11749,ikeno_daigo
11750,ikenotori
11751,ikeshita_moyuko
11752,ikesho0612
11753,iketsuko
11754,ikeuchi_tanuma
11755,ikezaki_misa
11756,ikezawa_shin
11757,ikhwan_maulana
11758,ikimaru
11759,ikinari_mojio
11760,ikkaisai
11761,ikkei_dou
11762,ikki3nomi
11763,ikki_(gsl_9708)
11764,ikki_(inferiorin)
11765,ikki_(tue_sein_bestes)
11766,ikkia
11767,ikkimay
11768,ikky
11769,ikkyuu
11770,iko_(i-my-16)
11771,ikoan
11772,ikonaska
11773,ikooto111
11774,ikr_(artist)
11775,ikra_(katacoly)
11776,iku!_iku!!
11777,iku2727
11778,ikuchan_kaoru
11779,ikuchi_osutega
11780,ikue_fuuji
11781,ikuhana_niiro
11782,ikuhashi_muiko
11783,ikujitto
11784,ikune_juugo
11785,ikunosake
11786,ikura_(downdexp)
11787,ikura_hato
11788,ikura_nagisa
11789,ikurage_(namakurage_13)
11790,ikurauni
11791,ikusotsu
11792,ikusy
11793,ikuta41
11794,ikuta_semi
11795,ikuta_takanon
11796,ikuya_daikokudou
11797,ikuya_koimori
11798,ikuyoan
11799,ikzw
11800,ilbanseomin
11801,ildy
11802,ill_(0022)
11803,ille_(xcpa7325)
11804,illian-san
11805,illu_(illu_stratos)
11806,illumi999
11807,illusion_moon
11808,illusionk
11809,illust_mi
11810,illustica_phantom
11811,illustration_room_nagi
11812,ilohasvio
11813,ilsae
11814,ilsksh
11815,iltusa
11816,ilwha
11817,ilya_kuvshinov
11818,ilyfon133
11819,im_(badmasa)
11820,im_i_masa
11821,ima_(lm_ew)
11822,ima_(luce365)
11823,imaani
11824,imacchi
11825,imachi_(staccato_squirrel)
11826,imachireki
11827,imada_hidehito
11828,imada_kozue
11829,imagawa_akira
11830,imai_akira
11831,imai_kazunari
11832,imai_kitoke
11833,imai_kusu
11834,imai_tetsuya
11835,imai_tomohiro
11836,imaichi
11837,imaikuy0
11838,imaishi_hiroyuki
11839,imaizumi_teruhiko
11840,imamiya_pinoko
11841,imamori_shun
11842,imamura_ryou
11843,imamuu_(imamoon)
11844,imanaka_koutarou
11845,imaru_(yashiro19950425)
11846,imasaki_kei
11847,imasogari
11848,imatomo_mahya
11849,imay3927
11850,imazawa
11851,imazon
11852,imdrunkontea
11853,imdsound
11854,imigimuru
11855,imijikumo36
11856,imizu_(nitro_unknown)
11857,imo_bouya
11858,imo_mushi
11859,imo_norio
11860,imo_works
11861,imoda
11862,imoe_(1017933989)
11863,imoko_(imonatsuki)
11864,imoto_katsuyuki
11865,imp_(impractical)
11866,imtmcomics
11867,imu_sanjo
11868,imuraya_ayuka
11869,imuro
11870,imuzi
11871,in-hyuk_lee
11872,in_(ain)
11873,ina_(1813576)
11874,ina_(gokihoihoi)
11875,ina_(gonsora)
11876,ina_(inadahime)
11877,ina_(inadiary)
11878,inaba-no-kuni-tottori
11879,inaba_(usanopo)
11880,inaba_makoto
11881,inaba_mifumi
11882,inaba_reito
11883,inaba_shiki
11884,inaba_teitoku
11885,inabi
11886,inada_roku
11887,inaeda_kei
11888,inagata
11889,inagoinaire
11890,inahara
11891,inaho
11892,inaho178
11893,inaho_soji
11894,inahori
11895,inai_uchi
11896,inaka_44
11897,inaka_keikou
11898,inakami
11899,inaki_shinrou
11900,inami_hatoko
11901,inamimi_(sheep1733)
11902,inamitsu_shinji
11903,inana_umi
11904,inanaki_shiki
11905,inanome_me
11906,inapple
11907,inari1369
11908,inari_(ambercrown)
11909,inari_(inariya)
11910,inaririn
11911,inarou_(rakugakiproject)
11912,inasa_orange
11913,inasaki_shirau
11914,inase
11915,inase_shin'ya
11916,inata17ta
11917,inata_wataru
11918,inato_serere
11919,inawon
11920,inayama
11921,inbagzlzl
11922,incase
11923,inchore
11924,incloud
11925,indai_(3330425)
11926,indesign
11927,indexxryo
11928,indica
11929,indisk_irio
11930,indo_(mdtanaka2007)
11931,indo_curry
11932,indol
11933,indosou
11934,indy_k
11935,ine_(ineinnen)
11936,ine_(zx_o4)
11937,ineedu041_tako
11938,ineesan
11939,ineka_ka
11940,inemuri_(jdq5e)
11941,inemuri_uno
11942,infi
11943,infini
11944,infinity_(kkx132)
11945,infinote
11946,infraton
11947,infukun
11948,ing0123
11949,ingerdoll
11950,ingi
11951,inglebard
11952,inhabituels_estudios
11953,inhoso
11954,ini_(inunabe00)
11955,ini_(mocomocccos)
11956,inica
11957,inika
11958,ininiro_shimuro
11959,inishie
11960,inishie_kumo
11961,initial_f
11962,initsukkii
11963,ink_(303682546)
11964,ink_(ink01_)
11965,ink_(inksgirls)
11966,inker_comics
11967,inkerpape
11968,inkerton-kun
11969,inkey
11970,inkspirate
11971,inktaru
11972,inkune
11973,inma
11974,inniyik
11975,innoarukugyou
11976,ino_(magloid)
11977,ino_(tellu0120)
11978,inoaart
11979,inoguchi_minto
11980,inoichi
11981,inoitoh
11982,inomata_mutsumi
11983,inon
11984,inori_(xyz5568)
11985,inori_taimatsu
11986,inoshira
11987,inoshishi_(ikatomo)
11988,inotukuhito
11989,inou_shin
11990,inou_takashi
11991,inoue_haruka_(haruharu210)
11992,inoue_kiyoshirou
11993,inoue_koharu
11994,inoue_kouji
11995,inoue_kousei
11996,inoue_makito
11997,inoue_seita
11998,inoue_sora
11999,inoue_takumi
12000,inoue_takuya
12001,inoue_takuya_(tactactak)
12002,inoue_yoshihisa
12003,inplick
12004,inpr
12005,inre_kemomimi
12006,insarability
12007,inseki11
12008,inseki_tarou
12009,insouwu
12010,inspy_art
12011,instant_ip
12012,instanttnoodle
12013,instocklee
12014,insyu
12015,inte_(whitewolftail)
12016,interfax
12017,internet_(1_netnet)
12018,interstellar
12019,introvert-kun
12020,inu3
12021,inu777
12022,inu8neko
12023,inu_(aerodog)
12024,inu_(marukome)
12025,inu_chikushou
12026,inu_fuji
12027,inu_to_milk
12028,inu_totemo
12029,inuarashi
12030,inuboe
12031,inuburo
12032,inudori
12033,inue_ao
12034,inue_shinsuke
12035,inuga_anahoru
12036,inugahora_an
12037,inugami86
12038,inugami_akito
12039,inugami_kira
12040,inuhadaka
12041,inui_(jt1116)
12042,inui_(shirakawa777)
12043,inui_achu
12044,inui_byte
12045,inui_kentarou
12046,inui_nagi
12047,inui_nakiru
12048,inui_sanagi
12049,inui_sekihiko
12050,inuinu_(project_october)
12051,inuinui
12052,inuinuo_gataken
12053,inukai_mofu
12054,inukaze_yamu
12055,inuki_(aruurara)
12056,inukkomaru
12057,inuko_(ink0425)
12058,inuko_(redconstellation)
12059,inukoko
12060,inukoro_(spa)
12061,inumaru_akagi
12062,inumata_ichini
12063,inumine_aya
12064,inumori_sayaka
12065,inumoto
12066,inumura_(inu_noya)
12067,inuneko
12068,inunekostudio
12069,inuno_rakugaki
12070,inuo_(inuo_x)
12071,inuowour
12072,inusaka
12073,inushi
12074,inushida_(dogsheepsheep)
12075,inushima
12076,inusurvivor
12077,inutose
12078,inuue_kiyu
12079,inuyama_konan
12080,inuyama_nanami
12081,inuyama_tarou
12082,inuyayo
12083,inuzuka_bouru
12084,inuzumi_masaki
12085,inverto
12086,inyucchi
12087,inyuppo
12088,inzup
12089,io9
12090,io_(io_oekaki)
12091,io_(maryann_blue)
12092,io_(onisarashi)
12093,io_(sinking=carousel)
12094,io_enishi
12095,io_naomichi
12096,io_takuya
12097,iog626
12098,iogi_(iogi_k)
12099,ioi_33333
12100,ion_(cation)
12101,ion_(on01e)
12102,iop5509
12103,iori_4kagetsu
12104,iori_yakatabako
12105,iotaectoplasm
12106,iovebly
12107,iparupua
12108,ippers
12109,ippo
12110,ippongui
12111,ippus
12112,ipuu_(el-ane_koubou)
12113,iqracha
12114,iranon_(new_iranon)
12115,irarei_(araisanblog)
12116,ireading
12117,irei_eri
12118,iren_lovel
12119,iria_(yumeirokingyo)
12120,irie_keisuke_(handn)
12121,irigoma_(jikabi_baisen)
12122,irikawa
12123,irino
12124,iris-san
12125,iris37337
12126,iris_(airisu495)
12127,iris_(tb33064667)
12128,iris_anemone
12129,iris_yayoi
12130,iris_yi
12131,irise_ryouji
12132,irisl
12133,irisrey
12134,irisu-chan_(yumemiruk)
12135,iriya_(lonesome)
12136,irkawaza
12137,iro_(boo_iro)
12138,iro_(mywife_sunny)
12139,iro_(sekaixiro)
12140,iro_178
12141,iro_ame_(amewaagada)
12142,iro_marimo
12143,irodori_(irotoridori)
12144,irodori_warabi
12145,iroenpitsu_xxx
12146,irogomi
12147,iroha741852963
12148,iroha_(akei0710)
12149,iroha_(iroha_matsurika)
12150,iroha_(mimi0618xx)
12151,iroha_(nami3)
12152,iroha_(nullpo)
12153,iroha_(shiki)
12154,iroha_(unyun)
12155,iroha_tooko
12156,irohakaede
12157,irohara
12158,irohara_mitabi
12159,irohasu_(sasagarasu)
12160,irohatomo
12161,iroiro_0w0
12162,iroiro_yaru_hito
12163,irokari
12164,irokawa_iku
12165,irokiiro
12166,irokohaku
12167,iromeki_overdrive
12168,ironatsuki
12169,ironlily
12170,irono_(irtyu)
12171,irori
12172,irori_(irorixc)
12173,iroshira_skb
12174,irotsuya
12175,irouha
12176,iroyopon
12177,irple
12178,irua
12179,irudana
12180,irue
12181,iruka3
12182,irukatto
12183,iruma_kamiri
12184,irumina777
12185,irusu
12186,iruzu_(pixiv27236115)
12187,is_ii
12188,isa
12189,isa_(chiyo-s)
12190,isa_(ni-iro)
12191,isa_(peien516)
12192,isa_(suisuihoi)
12193,isaacchief300
12194,isabongos
12195,isada_(daisa)
12196,isagiyo
12197,isago_(ica)
12198,isaka_wasabi
12199,isakawa_megumi
12200,isaki_(gomi)
12201,isaki_(shimesaba)
12202,isaki_tanaka
12203,isaki_uta
12204,isako_rokurou
12205,isakoro_(hx9cj)
12206,isakysaku
12207,isal_(lasi)
12208,isami_don
12209,isamu
12210,isamu-ki_(yuuki)
12211,isana615
12212,isao
12213,isao_(wasamoti)
12214,isaraa_005
12215,isari_sensei
12216,isawo_(lucanus19)
12217,isaya_(pixiv4541633)
12218,isbeyvan
12219,ise_(0425)
12220,ise_(velvet088)
12221,isedaichi_ken
12222,iseenudepeople
12223,isegawa_yasutaka
12224,iseki_(kuroshura_no_tabiji)
12225,iseki_mitsuharu
12226,iseki_shuuichi
12227,isemagu
12228,isemori
12229,iseno_yajin
12230,iseshi
12231,isetnation
12232,isetta
12233,ishibashi_ken'ichi
12234,ishibashi_yosuke
12235,ishibori_eregomos
12236,ishida_(segu_ishida)
12237,ishida_akira
12238,ishida_arata
12239,ishida_atsuko
12240,ishida_aya
12241,ishida_baru
12242,ishida_hiroyuki
12243,ishida_kana
12244,ishida_kazuma
12245,ishida_masatsuki
12246,ishida_masayuki
12247,ishida_mia
12248,ishida_seito
12249,ishida_sui
12250,ishida_umi
12251,ishigaki_(sora_roxas)
12252,ishigaki_takashi
12253,ishigami_kazui
12254,ishihama_masashi
12255,ishihara_(kuniyoshi)
12256,ishihara_masumi
12257,ishihara_megumi
12258,ishihara_saika
12259,ishihara_souka
12260,ishii_(young-moon)
12261,ishii_akira
12262,ishii_hisao
12263,ishii_takamori
12264,ishii_takuma
12265,ishijimajirou
12266,ishikawa_hideki
12267,ishikawa_mami
12268,ishikawa_sparerib
12269,ishikei
12270,ishiki_(okota)
12271,ishiki_nuru
12272,ishikkoro
12273,ishikoro1645
12274,ishimari
12275,ishimiso_(ishimura)
12276,ishimo
12277,ishimori_sakana
12278,ishimu
12279,ishinarimaru_shouten
12280,ishino_satoshi
12281,ishinoyari
12282,ishioto
12283,ishita_(sunagimomo)
12284,ishitsu_kenzou
12285,ishitsu_tadashi
12286,ishitsuki_(_0101_831)
12287,ishitsuma_canon
12288,ishiusu
12289,ishiwari
12290,ishiwatari_daisuke
12291,ishiyuki
12292,ishiyumi
12293,ishizaka_ryuudai
12294,ishizu_kayu
12295,ishizue_kachiru
12296,ishizuka_chihiro
12297,isinose_(ilxodidli)
12298,iskanderednaksi
12299,iskaydi
12300,island_(kossori)
12301,island_lagoon
12302,isna_(footprintsofisna)
12303,isobe47
12304,isobe_toast
12305,isobee
12306,isocha
12307,isolatediev
12308,isome
12309,isomine
12310,isono_satoshi
12311,isora
12312,isosceles_triangle_(xyzxyzxyz)
12313,isou_nagi
12314,issa_(sorako45)
12315,issa_castagno
12316,isse
12317,issei
12318,isshi_pyuma
12319,isshiki_(ffmania7)
12320,isshin_(kaxz)
12321,isshin_(sasayamakids)
12322,isshitaira
12323,isshoku_(shiki)
12324,issign
12325,issiki_toaki
12326,issun_boushi_(taku37taku)
12327,istani
12328,istriri
12329,isu
12330,isu_(is88)
12331,isuka
12332,isuke
12333,isumi_(yangyan)
12334,isumisumi
12335,isuzu_(an_icy_cat)
12336,isya
12337,it_po_(sss_cmy)
12338,itaba_atsushi
12339,itaboon
12340,itachi_(3dt)
12341,itachi_kanade
12342,itachou
12343,itaco
12344,itagaki_hako
12345,itagaku
12346,itame_moyashi
12347,itamidome
12348,itamochi
12349,itani_illust
12350,itano_chiharu
12351,itaoka1
12352,itaro
12353,itaru_(kidomh63)
12354,itaru_souga
12355,itatatata
12356,itefu
12357,itete
12358,iteza_(flapper_girl_25)
12359,itini-sanshi
12360,itirirenn
12361,ito22oji
12362,ito_(itokayu)
12363,ito_(silk9f)
12364,ito_fumi
12365,ito_lab
12366,ito_noizi
12367,ito_t20a
12368,ito_yoki
12369,itocoh
12370,itogari
12371,itohana
12372,itohime
12373,itohiro
12374,itoi_toi
12375,itoichi.
12376,itoji
12377,itokon300
12378,itolife
12379,itome_(funori1)
12380,itomugi-kun
12381,itonatsu
12382,itoo
12383,itori_(clarice_note)
12384,itoriyo
12385,itose_ikuto
12386,itosu200
12387,itou_(ankocha-mgmg)
12388,itou_(golem_inc)
12389,itou_(itsuko)
12390,itou_(mogura)
12391,itou_(onsoku_tassha)
12392,itou_(very_ito)
12393,itou_ayachi
12394,itou_ben
12395,itou_eito
12396,itou_hachi
12397,itou_ikuko
12398,itou_izumo
12399,itou_junji
12400,itou_katsunobu
12401,itou_kazuki
12402,itou_korosuke
12403,itou_misei
12404,itou_nanami
12405,itou_nobuhiro
12406,itou_ryuusei
12407,itou_satoshi
12408,itou_shin'ichi
12409,itou_takeshi
12410,itou_tatsuya
12411,itou_youichi
12412,itou_youko
12413,itou_yuuji
12414,itoucon
12415,itowo_(itowc)
12416,its2h35
12417,its_just_suppi
12418,itsk_ne
12419,itslopezz
12420,itsme_takk
12421,itsu_(artist)
12422,itsudzumi
12423,itsui_(dihydrogenmonoxid)
12424,itsuka_neru
12425,itsuki_(itsukiovo)
12426,itsuki_(nightlight)
12427,itsuki_(otsugei)
12428,itsuki_(s2_129)
12429,itsuki_02
12430,itsuki_jun
12431,itsuki_keiichi
12432,itsuki_kousuke
12433,itsuki_kuro
12434,itsuki_nofuji
12435,itsuki_sayaka
12436,itsuki_tasuku
12437,itsukia
12438,itsumi_(itumiyuo)
12439,itsumi_mita
12440,itsumip
12441,itsumiruka
12442,itsumizu
12443,itsumo_nokoru
12444,itsumono_katze
12445,itsumoto_hiroharu
12446,itsutsu
12447,itsutsuki
12448,ittla
12449,itto_(mentaiko)
12450,itto_maru
12451,ittokyu
12452,ittumozzz
12453,itunohika
12454,itzah
12455,iu
12456,iue_(artist)
12457,iuew
12458,iumi_urura
12459,iumu
12460,iuro
12461,iury_padilha
12462,iuui
12463,iv_(iv70311741)
12464,iv_4t
12465,ivan_(ffxazq)
12466,ivan_flores
12467,ivan_wang
12468,ivancyxic
12469,ivelovedsekaowa
12470,ivenglynn
12471,iver_(reviolet)
12472,ivii3
12473,ivory_(25680nico)
12474,ivris
12475,ivuki
12476,ivy60530
12477,ivy_(675671)
12478,ivy_(sena0119)
12479,iwa_(iwafish)
12480,iwaha_(iwabajunki06)
12481,iwahana
12482,iwai_ku_tsuki
12483,iwai_ryou
12484,iwaki_hazuki
12485,iwakki
12486,iwako_(eiken3kyuboy)
12487,iwakoo
12488,iwami_kiyoko
12489,iwami_kyuuto
12490,iwamoto_sora
12491,iwamoto_tatsurou
12492,iwamoto_zerogo
12493,iwamushi
12494,iwana
12495,iwanaga_tm
12496,iwane_masaaki
12497,iwanishi
12498,iwano_(iwanohiroko)
12499,iwano_kenta
12500,iwanori
12501,iwao178
12502,iwao_(pixiv258710)
12503,iwasaki_kouji
12504,iwasaki_masakazu
12505,iwasaki_minako
12506,iwasaki_takashi
12507,iwaserie
12508,iwashi_(iwashi008)
12509,iwashi_111
12510,iwashi_80
12511,iwashi_dorobou_-r-
12512,iwashi_iwashimo
12513,iwasi_29
12514,iwatnc
12515,iwato1712
12516,iwato_(celler)
12517,iwatobi_hiro
12518,iwauchi_tomoki
12519,iwawa
12520,iwaya
12521,iwbitu
12522,ixia_(ixia424)
12523,ixianim
12524,ixima
12525,ixmmxi
12526,ixy
12527,iyakun
12528,iyamato
12529,iyau
12530,iyo_(ya_na_kanji)
12531,iyowa_(igusuri_please)
12532,iyutani
12533,izanaware_game
12534,izapara
12535,izawa_(bhive003)
12536,izayoi_seishin
12537,izei1337
12538,iznal
12539,izra
12540,izsly
12541,izu_(tea_value_lord)
12542,izu_lemon
12543,izubuchi_yutaka
12544,izuka_daisuke
12545,izuki_(toneya)
12546,izumi_(izumi_p)
12547,izumi_(kisshot1126)
12548,izumi_(nagashi)
12549,izumi_(stardustalone)
12550,izumi_(toubun_kata)
12551,izumi_481
12552,izumi_akane
12553,izumi_bell
12554,izumi_kei
12555,izumi_kikaku
12556,izumi_kirifu
12557,izumi_kouyou
12558,izumi_mahiru
12559,izumi_makoto
12560,izumi_masashi
12561,izumi_minami
12562,izumi_natsuka
12563,izumi_no_yasushi_aya
12564,izumi_rei
12565,izumi_rion
12566,izumi_sai
12567,izumi_shara
12568,izumi_tsubasu
12569,izumi_yukiru
12570,izumi_yuuji_(trace_kouhosei)
12571,izumida
12572,izumiillus
12573,izumikuma
12574,izumikuu
12575,izuminanase
12576,izuminnu
12577,izumiya_otoha
12578,izumiyamisono
12579,izumiyuhina
12580,izumo_ayuka
12581,izumo_neko
12582,izumo_neru
12583,izuna_masaru
12584,izuna_nie
12585,izuna_yoshitsune
12586,izunasuki_art
12587,izuno_(izunoyoshiki)
12588,izuno_kenta
12589,izuoku
12590,izura_mari
12591,izure_(pixiv16392012)
12592,izuru_(timbermetal)
12593,izurumi
12594,j-dragon
12595,j-e-m-g
12596,j.2
12597,j._artur
12598,j.c.14
12599,j.h.
12600,j.k.
12601,j.raido
12602,j2l
12603,j7w
12604,j@ck
12605,j_(onose1213)
12606,j_adsen
12607,j_fang
12608,j_humbo
12609,j_yak47
12610,j_young
12611,ja_mong
12612,jaaku_(ra_9rara)
12613,jabara_tornado
12614,jabittoson
12615,jack-barro
12616,jack_(darkshero)
12617,jack_(haist)
12618,jack_(jacknoeaka)
12619,jack_(slaintheva)
12620,jack_(wkm74959)
12621,jack_dempa
12622,jack_rockhardt
12623,jackary
12624,jacknavy
12625,jacknife
12626,jackrose_mary
12627,jacky_(aerial_rave)
12628,jaco
12629,jacob_dream_world
12630,jacqli_(jacqliart)
12631,jacy
12632,jade_drop
12633,jademoon
12634,jadenkaiba
12635,jadetilaurant
12636,jadf
12637,jaduade
12638,jaemin107
12639,jaenbba
12640,jaeyun
12641,jafet_meza
12642,jag_ging
12643,jaga_note
12644,jagabutter
12645,jagaimobeniko
12646,jagayamatarawo
12647,jager
12648,jagercoke
12649,jageungansik
12650,jagi_(jagi_souken)
12651,jago_dibuja
12652,jagoo
12653,jaheterbang
12654,jaho
12655,jai_(whany1998)
12656,jaibus
12657,jaihu
12658,jajala
12659,jajao
12660,jakelian
12661,jakko
12662,jako_(boke_poke)
12663,jako_(jakoo21)
12664,jako_(toyprn)
12665,jakomurashi
12666,jaku_sono
12667,jakuson_z
12668,jalm
12669,jam-orbital
12670,jam_(jamjam777)
12671,jam_(nandade)
12672,jambujok
12673,james_hotate
12674,james_turner
12675,jamesloves_art
12676,jamgom
12677,jamir
12678,jamjamstyle
12679,jammeryx
12680,jampen
12681,jamrolypoly
12682,jamu
12683,jamu_(yakinikuoi4)
12684,jan1214
12685,jan_(lightdragoon)
12686,jan_azure
12687,jana_schirmer
12688,jandare
12689,jane_mere
12690,janis_(hainegom)
12691,jank365m
12692,janload1ng
12693,janne_cherry
12694,janome_gochou
12695,janong
12696,janoukyo19
12697,janyhero
12698,japtangtang2
12699,japvs
12700,jarckius
12701,jariinu_(gomasionori)
12702,jarv
12703,jas_(annkoromochi)
12704,jas_(jasjasjasart)
12705,jas_(littlecrime)
12706,jasdavi
12707,jasmin_darnell
12708,jason_(kaiten_kussaku_kikou)
12709,jason_chan
12710,jason_kim
12711,jasony
12712,jasper_xandros
12713,jauni_(tofublock)
12714,javier_estrada
12715,jaws_(okdol0928)
12716,jaxdrawz
12717,jay156
12718,jay_marvel
12719,jay_xu
12720,jayamon
12721,jayj_824
12722,jazz_(fukukan)
12723,jazz_grace
12724,jazz_jack
12725,jazztaki
12726,jb_jagbung
12727,jbell
12728,jbstyle
12729,jc_shikikan
12730,jcdr
12731,jchoy
12732,jcm2
12733,jcstr
12734,jd_(bibirijd)
12735,jd_benefield
12736,jdge
12737,jdhlfire
12738,jdori
12739,jdpr
12740,jdw
12741,je_o_mo
12742,jean-louis_(yuasa_rengou)
12743,jean_(jean_sp)
12744,jean_bomjan
12745,jean_popo
12746,jeanex
12747,jebi
12748,jee-hyung_lee
12749,jeehyung_seo
12750,jeetdoh
12751,jeff_miga
12752,jeffholy
12753,jeffr
12754,jeffrey10
12755,jehyun
12756,jeibii
12757,jeifier_(korfiorano01)
12758,jeje_(pixiv12541114)
12759,jell_(jell_y_fish)
12760,jellcaps
12761,jellen_aura
12762,jellot
12763,jelly_(bonnybel)
12764,jelly_fish
12765,jelly_shrimp
12766,jellypon
12767,jelmul
12768,jema
12769,jemma_(mashirahoshi)
12770,jeneral
12771,jenevan
12772,jenjen
12773,jenmin12
12774,jennie_congee
12775,jenny_(je2live)
12776,jeno
12777,jenshenya
12778,jenson_tw
12779,jeom_(umaumauma1042)
12780,jeon-eo_konoshiro
12781,jeon_(user_ywaw3774)
12782,jeonjagolhaem
12783,jeran_(ggokd)
12784,jeremy_anninos
12785,jerry3912
12786,jerun
12787,jess_(p2eocene)
12788,jesse_(pixiv34586727)
12789,jesse_schickler
12790,jessica_hayworth
12791,jessica_wijaya
12792,jesuistae
12793,jet_kimchrea
12794,jet_yowatari
12795,jeto_(jetopyon)
12796,jetto_komusou
12797,jettoburikku
12798,jewel_(the_black_canvas)
12799,jeze
12800,jezz_mons_art
12801,jfjf
12802,jfzm001
12803,jg&solin
12804,jgeorgedrawz
12805,jh
12806,jhaysie
12807,jhc_kai
12808,jhcrow3
12809,jhigf
12810,jhon_trick
12811,jhonwalker
12812,jhony_caballero
12813,ji_dan
12814,ji_dao_ji
12815,ji_no
12816,ji_yue
12817,jia_ma
12818,jia_redian_ruzi_ruzi
12819,jiachong_jun_z
12820,jiam009
12821,jian_huang
12822,jian_jing
12823,jian_tai_(cuoyu0)
12824,jian_xing_zao
12825,jiang_(kplrt_07)
12826,jiang_ye_kiri
12827,jiang_zhuti_jiojio
12828,jiangyou_dang
12829,jianjia
12830,jiankun_yu
12831,jianmo_sl
12832,jianpan_xiafang_de_da_kongge
12833,jianren
12834,jianshu
12835,jiansketch
12836,jiao_chang
12837,jiayu_long
12838,jibakurei_(elite_unchi)
12839,jichi
12840,jichou_senshi
12841,jida
12842,jidao_huashi
12843,jidu_que_mi_de_xiao_caocao
12844,jie_xian_(tsuki)
12845,jiege
12846,jiekuijiangshadaonijiamenkou
12847,jiete
12848,jiffic
12849,jifu_(gifu_7)
12850,jifuwabe
12851,jigatei_(omijin)
12852,jiggeh
12853,jigoku_meguri
12854,jigoku_no_soko_de_coffee_wo_nomu_neko
12855,jiguang_haibao
12856,jihecchi
12857,jihua_tong
12858,jiima_tarou
12859,jiino
12860,jiji_(381134808)
12861,jiji_(aardvark)
12862,jijii_(nicoseiga91467756)
12863,jijing_zishui
12864,jikasei
12865,jikatarou
12866,jikei
12867,jikeshi
12868,jiki_(gkdlfnzo1245)
12869,jikihatiman
12870,jikuno
12871,jiliang_ji_ying
12872,jiliang_jiying_yumao
12873,jill_07km
12874,jilpoong17
12875,jilu
12876,jima
12877,jiman
12878,jimbobox
12879,jimmy_madomagi
12880,jimpu6
12881,jimsdaydreams
12882,jimwh37
12883,jin2
12884,jin_(crocus)
12885,jin_(mugenjin)
12886,jin_(phoenixpear)
12887,jin_(sirius-j)
12888,jin_akhr
12889,jin_grey_paladin
12890,jin_mu_mulin
12891,jin_nai
12892,jin_rikuri
12893,jin_rou
12894,jin_young-in
12895,jinbei
12896,jinbei_(user_tpny4757)
12897,jindogod
12898,jinfeng0430
12899,jing84672940
12900,jing_hu
12901,jingai_(k1bun)
12902,jingai_modoki
12903,jingb_dx
12904,jinggun
12905,jingjue_de_yumiao
12906,jingle_(mhb729)
12907,jingo
12908,jingo_kajiki
12909,jinguu_(4839ms)
12910,jingzhaowhale
12911,jinjide_shaonian
12912,jinjin
12913,jinkai_yamizawa
12914,jinkoika
12915,jinkou-kuu
12916,jinlin
12917,jinmeii
12918,jinmuxi_(user_pvha4443)
12919,jinnai10
12920,jinnnnnn23
12921,jinno_(jin_c_kkry)
12922,jinnouchi_akira
12923,jinou_rakugaki
12924,jinpaitugounan
12925,jinrai_(owl12)
12926,jinroku
12927,jinsai_sa_sa
12928,jintetsu
12929,jintianhuahualema
12930,jinu_(jinusenpai)
12931,jinusi
12932,jinyuan712
12933,jinyunrex
12934,jio_(nayutarooo)
12935,jionghai
12936,jip
12937,jipponwazaari
12938,jira_(ziraiya26)
12939,jirafuru
12940,jiraiken
12941,jiraiya_(mangaka)
12942,jiro_(ninetysix)
12943,jiro_baji
12944,jiroo
12945,jirou_(chekoro)
12946,jiru_(jirufun)
12947,jirusu
12948,jiryu50610218
12949,jiseki
12950,jiseki_rena
12951,jishaku_(user_rcuz2843)
12952,jishixingle1029
12953,jishou_210
12954,jisoo_kim
12955,jisu_lee
12956,jisue10
12957,jito_mesuki_nitouhei
12958,jitome_no_tsugumi
12959,jitsu_hidari
12960,jittsu
12961,jiu_(sdesd3205)
12962,jiu_fanglianhua
12963,jiu_ye_sang
12964,jiuchuansi
12965,jiujiuyatou_(yayanzz)
12966,jiukuzi18797
12967,jiuri_jiuhao
12968,jiusan_naitang
12969,jiushi_shijiu
12970,jiuyu_qame
12971,jivke
12972,jixing_renou
12973,jiyasu
12974,jiyu2
12975,jiyuuya
12976,jiyuuyuu
12977,jiz_(pffbq)
12978,jizeru_(giselebon)
12979,jj_(ssspulse)
12980,jjanda
12981,jjcanvas
12982,jjeobjjeobdogta_(wjqwjqehrxk)
12983,jjeom
12984,jjjjtaaaku
12985,jjjsss
12986,jjmk-jjmk
12987,jjong_(7_jjong_9)
12988,jjune
12989,jk_4140
12990,jk_arts
12991,jkisaradu
12992,jknor
12993,jl_tan
12994,jliaan
12995,jlien-
12996,jmanvelez
12997,jmao
12998,jmeysan
12999,jmfz5558
13000,jmg
13001,jn3
13002,jname
13003,jndfh
13004,jne
13005,jnkku
13006,jnsdh
13007,jnsghsi
13008,jnstudio
13009,jnt
13010,jo_(artist)
13011,jo_an
13012,jo_ro_ri
13013,jo_shin_ogi
13014,jo_tuesday19
13015,joacy
13016,joakim_sandberg
13017,joanna_went_bananas
13018,jobin_chan
13019,jobo_(isi88)
13020,jocheong
13021,joeadok
13022,joel_jurion
13023,joey_koguma
13024,joeychen
13025,jofang
13026,joh_pierrot
13027,johan_(johan13)
13028,john_(a2556349)
13029,john_(kakurenbo)
13030,john_(nakoto)
13031,john_doe_(jdart)
13032,john_hathway
13033,john_joseco
13034,john_kafka
13035,john_su
13036,john_tedrick
13037,john_zerowb
13038,john_zhang
13039,johnalay
13040,johnnie
13041,johnny-chan
13042,johnny_(braun-kan_cafe)
13043,johnny_(from_scratch)
13044,johnny_(nyansama0412se)
13045,johnny_funamushi
13046,johnnyyyyy
13047,johnrokk
13048,johnson_zhuang
13049,johssnny
13050,joi_kun_(senzai_hiyori)
13051,jojiart
13052,jojobirdz
13053,joka_(night_gate)
13054,jokanhiyou
13055,jokebag
13056,joker.z
13057,joker_(jjjokerrr233)
13058,joker_(stjoker)
13059,joker_(tomakin524)
13060,joki_yoh
13061,joko_jmc
13062,jolaeng-i
13063,jomae_gen
13064,joman
13065,jon_(pixiv31559095)
13066,jon_eve
13067,jon_henry_nam
13068,jon_shicchiou
13069,jonasan_(bad-t)
13070,jonasmk
13071,jonathan_h
13072,jonathan_kim
13073,jonejung
13074,joney
13075,jong_tu
13076,jonpei
13077,jonsun
13078,jont
13079,jony_(avion_mura)
13080,jonya
13081,jonyeld
13082,joonoyuki
13083,joosi
13084,joou_heika_(precare_deum)
13085,joowon_(jju_oon)
13086,jorang_(jorang08)
13087,jornyhail
13088,jorori
13089,josal
13090,joseph_lee
13091,josh_corpuz
13092,joshua_(shisanli934)
13093,joshua_(tubie)
13094,jotman
13095,jotti
13096,jou_(jo_jjo)
13097,jou_(mono)
13098,jougen
13099,jougenmushi
13100,jouhou
13101,joul_0704
13102,jourd4n
13103,jouvru
13104,jouwan
13105,jouzaburou_(joe3)
13106,jovei
13107,jovejun
13108,jowell_she
13109,joy_(cyber_x_heaven)
13110,joy_boy
13111,joy_division
13112,joy_ride
13113,joyfull_(terrace)
13114,joylewds
13115,joypyonn
13116,joze
13117,jp06
13118,jpc
13119,jq
13120,jqhnharqld
13121,jr_(jarsarts)
13122,jrpencil
13123,jrpulse
13124,jsscj
13125,jt_dong-agyoku
13126,jtaka
13127,jtleeklm
13128,jtr
13129,jtveemo
13130,ju-ok
13131,ju-zika
13132,ju6mei
13133,ju_neng_binggui
13134,ju_yorimoto_(ranten_yume)
13135,juaag_acgy
13136,juanmao
13137,jubako_(nest_of_boxes)
13138,jubilee_(8pxl)
13139,juby
13140,judge_martin
13141,judo_fuu
13142,juer1004
13143,juerucj
13144,juexing_(moemoe3345)
13145,juffles
13146,jugemu_(qqkyon)
13147,juggermelon
13148,jujeop
13149,jujunaught
13150,juke
13151,julianlynnnn
13152,julioalqae
13153,julius_yu
13154,julydelic
13155,jum_(parallel_parasol)
13156,jumbowhopper
13157,jumonji
13158,jump_(ah0029)
13159,jumping_dogeza
13160,jun'you_maru
13161,jun_(aoerm)
13162,jun_(aousa0328)
13163,jun_(ash)
13164,jun_(goodgun7)
13165,jun_(kyurisin)
13166,jun_(navigavi)
13167,jun_(noiji_guren_0220)
13168,jun_(rellik_&_redrum)
13169,jun_(rojiura_jack)
13170,jun_daniell
13171,jun_project
13172,jun_tsugumi
13173,jun_wei
13174,juna
13175,junajuice
13176,junda
13177,june_mina
13178,junebuart
13179,junekun
13180,junes
13181,juneseo
13182,jung_wonjo
13183,jungki_dr
13184,jungon_kim
13185,jungtong
13186,jungyun99
13187,junik_(snrj2255)
13188,junineu
13189,juniper_(artist)
13190,junito715
13191,junjam
13192,junjiuk
13193,junjonta
13194,junjun_(kimi-la)
13195,junjunforever
13196,junka-sakura
13197,junkei
13198,junnatsu
13199,junny
13200,juno_son
13201,junpaku_karen
13202,junshiki
13203,junsui_(omori0310)
13204,junsuina_fujunbutsu
13205,junu_(jwoo5627)
13206,junwool
13207,juppa_sento
13208,jura_cambri
13209,jurakin
13210,juralumin
13211,jurge
13212,juri-arima
13213,juri_(nattoutomato)
13214,juri_(shiningred)
13215,jurrig
13216,jusc0
13217,jushoro
13218,justadrian_(yoadriandk)
13219,justeeeeth
13220,justin_leyva_(steamy_tomato)
13221,justin_paul
13222,justminor
13223,justrube
13224,justsomenoob
13225,juu_(juuzi)
13226,juu_10
13227,juu_p
13228,juu_satoshi
13229,juubaori_mashumaro
13230,juuden
13231,juugonichi_(wheeliex2)
13232,juugoya_neko
13233,juuka@100neko
13234,juukyuu
13235,juurouta
13236,juwei
13237,juzi_(orange8619)
13238,jw_(wrdawrda)
13239,jyaco
13240,jyako
13241,jyako_(bara-myu)
13242,jyaoh0731
13243,jyoji00
13244,jyon
13245,jyon104
13246,jyt
13247,jyu-so
13248,jyu_ichi
13249,jyuma
13250,jyun
13251,jyundee
13252,jyunhh
13253,jyura
13254,jyuru
13255,jyuuji
13256,k&p_(kptseart)
13257,k+
13258,k-d
13259,k-dam
13260,k-go
13261,k-ma
13262,k-mame
13263,k-rei
13264,k-rha's
13265,k-rumi
13266,k-suwabe
13267,k-ta
13268,k-takano
13269,k-y
13270,k-ya.
13271,k-yosinori
13272,k-you_(hikarininare)
13273,k.ei
13274,k.j.
13275,k.m.station
13276,k.nishiyama
13277,k.nock
13278,k.pumpkin
13279,k.t.cube
13280,k.tomato
13281,k.ty_(amejin)
13282,k00s
13283,k041800
13284,k0a
13285,k0bit0wani
13286,k0me
13287,k0nfette
13288,k0ng
13289,k0re_drawings
13290,k10k
13291,k164
13292,k1llg
13293,k29
13294,k2_(hibiki09)
13295,k2_(kazu1030)
13296,k2isu
13297,k2pudding
13298,k3nnyn3v
13299,k3nzoteruta
13300,k3rd
13301,k52
13302,k6tetsu
13303,k7_(kk7_000)
13304,k84612
13305,k@bu
13306,k_(art71)
13307,k_(gear_labo)
13308,k_(li)
13309,k_(sktchblg)
13310,k_0art
13311,k_hiro
13312,k_hottok
13313,k_i49
13314,k_jie
13315,k_jin
13316,k_kanehira
13317,k_katora
13318,k_mugura
13319,k_no_hito
13320,k_pring
13321,k_toast
13322,ka-9
13323,ka11_ca
13324,ka1_(k4k37)
13325,ka1_(user_hkdw4252)
13326,ka1se1
13327,ka2
13328,ka92
13329,ka_(ka_p019)
13330,ka_(marukogedago)
13331,ka_4maki
13332,ka_ei_volltis
13333,ka_keo
13334,ka_ki_o
13335,ka_ze_na_mi
13336,kaa-san
13337,kaabon_meshi
13338,kaai_yuu
13339,kaamin_(mariarose753)
13340,kaatokun
13341,kaatoso
13342,kaatsu_katsurou
13343,kaauchi
13344,kab00m_chuck
13345,kabaji
13346,kabane_(follabi)
13347,kabanoki
13348,kabashima_yousuke
13349,kabata_(mechisan)
13350,kabayaki_(kabayaki_eel)
13351,kabayaki_namazu
13352,kabayaki_unagi
13353,kabe_(zp66104)
13354,kabe_piko
13355,kabedoru
13356,kabeu_mariko
13357,kabewski
13358,kabi_(zcwd8845)
13359,kabi_killer
13360,kabiinyo_(kab)
13361,kabocha_(kabocha0726)
13362,kabocha_(monkey4)
13363,kabocha_head
13364,kabocha_torute
13365,kabocha_usagi
13366,kabocya_na
13367,kabotd
13368,kabu_(niniko2ko)
13369,kabu_(yuyuibob)
13370,kabu_usagi
13371,kabun_(suzuna_jct)
13372,kaburagi_yasutaka
13373,kaburagi_yuki
13374,kaburaya
13375,kaburaya_seiden
13376,kabuto_tong
13377,kabutomushi_s
13378,kabutoyama
13379,kabuyama_kaigi
13380,kabuyou
13381,kachayori
13382,kachi
13383,kachima
13384,kachin
13385,kachuten
13386,kacka
13387,kackaorz1
13388,kacyu
13389,kadeart
13390,kaden_(muxt8423)
13391,kadim
13392,kado_(hametunoasioto)
13393,kado_51
13394,kadoi_aya
13395,kadokadokado
13396,kadokura_(whokdkr)
13397,kadose_ara
13398,kadowaki_miku
13399,kae_karee
13400,kaede_(maple4rt)
13401,kaede_(mmkeyy)
13402,kaede_(sayappa)
13403,kaede_(shijie_heping)
13404,kaede_(yumesaki_kaede)
13405,kaede_uehara
13406,kaedeko_(kaedelic)
13407,kaedeno_yuu
13408,kaejunni
13409,kaekae
13410,kaekae_kaeru
13411,kaekaeki
13412,kaen_miso
13413,kaenuco
13414,kaer_sasi_dianxia
13415,kaeranu_kaeru
13416,kaeru333938123
13417,kaeru_(kaerism)
13418,kaeru_(uj26cobrsv)
13419,kaerunoashi
13420,kaerunoko
13421,kaerunrun
13422,kaeruyama_yoshitaka
13423,kaeshi_(yuukaeshi)
13424,kaesmedubu
13425,kaetzchen
13426,kafeifeifeifeifeifei_jiemo_jun
13427,kafkasea
13428,kafu_(logaemon)
13429,kafun
13430,kafuu_kaya
13431,kafuuchino_(chouti)
13432,kag_tsukimi
13433,kaga3chi
13434,kaga_mi
13435,kagachi_saku
13436,kagaku_o
13437,kagalin
13438,kagami_(galgamesion)
13439,kagami_(haret46)
13440,kagami_chihiro
13441,kagami_hirotaka
13442,kagami_kino
13443,kagami_toufu
13444,kagami_uekusa
13445,kagari6496
13446,kagari_liroi
13447,kagarimachi_konatsu
13448,kagato007
13449,kagawa_ichigo
13450,kagawa_yuusaku
13451,kagaya_(oshiriudon)
13452,kagayama_hajime
13453,kage_houshi
13454,kage_yuu
13455,kagefumi
13456,kagehara_hanzou
13457,kageharu
13458,kagehi_no_loo
13459,kagehito
13460,kageimo
13461,kageira
13462,kagelantern
13463,kagematsuri
13464,kagemichi
13465,kagemoe1003
13466,kagemusha
13467,kagemusya
13468,kageng
13469,kagenoyuhi
13470,kagerou_(gigayasoma)
13471,kagerou_(kers)
13472,kagerou_(shadowmage)
13473,kageru_(mofnyan)
13474,kagesaki_yuna
13475,kageshio_(276006)
13476,kagetomo_midori
13477,kageyama_shinobi
13478,kageyasu
13479,kagi_(dicedkey)
13480,kagi_f
13481,kagiana
13482,kaginoni
13483,kagio_(muinyakurumi)
13484,kagiyama_(clave)
13485,kagiyama_shachou
13486,kago1205
13487,kago_(htpxr)
13488,kago_no_tori
13489,kagome_(traumatize)
13490,kagome_f
13491,kagosumi
13492,kagoya1219
13493,kagto_(alterna)
13494,kagu_(a_hazy_moon)
13495,kagura_chitose
13496,kagura_ittou
13497,kagura_kurosaki
13498,kagura_mizuki
13499,kagura_tsukune
13500,kagura_tsuna
13501,kagura_yuuki
13502,kagura_yuuto
13503,kagurachi
13504,kagure_(karaguren)
13505,kagutsuchi_(l'archange)
13506,kagutsuchi_(victoragna)
13507,kaguura_(kagu)
13508,kaguya_(srx61800)
13509,kaguyahime
13510,kaguyuu
13511,kaguyuzu
13512,kahadu_(kawazu)
13513,kahiika
13514,kahis_(sweetbriar)
13515,kahlua_(artist)
13516,kaho_(ramb)
13517,kaho_0102
13518,kaho_okashii
13519,kai1up
13520,kai28
13521,kai3700
13522,kai55
13523,kai_(akamekogeme)
13524,kai_(esugi)
13525,kai_(link2262)
13526,kai_aki
13527,kai_himo
13528,kai_tomohisa
13529,kai_yuuki
13530,kaiaik_(zheliakaina)
13531,kaibootsu
13532,kaichi_(tomiyu25)
13533,kaichou118
13534,kaida_michi
13535,kaidou_j1
13536,kaidou_mitsuki
13537,kaidou_nora-
13538,kaidou_zx
13539,kaiduka_akuta
13540,kaie
13541,kaieda_hiroshi
13542,kaien_advance
13543,kaiend
13544,kaifei_(kaifei_29)
13545,kaiga
13546,kaigan
13547,kaigan0211
13548,kaigen_1025
13549,kaigun_bakuryou
13550,kaijiba
13551,kaiju_ryoku
13552,kaijuicery
13553,kaijumilk_(milkchaotea)
13554,kaika
13555,kailu_(kyshiro)
13556,kaiman
13557,kaiman_garupan
13558,kaimo_(mi6kai)
13559,kaimuari
13560,kaimuu_(fahrenheit724)
13561,kaina_(tsubasakuronikuru)
13562,kainan
13563,kainines
13564,kainkout
13565,kainohito
13566,kainown
13567,kainushi
13568,kaio_(watagami)
13569,kairakuen_umenoka
13570,kairi630
13571,kairi_(kai_ri)
13572,kairi_(miry666)
13573,kairono3jou
13574,kairos+
13575,kairunoburogu
13576,kaisake_(utp)
13577,kaisanbutsu
13578,kaisen_chuui
13579,kaisenpurin
13580,kaiser_(kaiserofart)
13581,kaishaku
13582,kaishinshi
13583,kaiso_(kaisooekaki)
13584,kaisou_(0731waka)
13585,kaisu
13586,kaita_(mokamilkcup)
13587,kaitan
13588,kaito_(k4itoh)
13589,kaito_(kaito921125)
13590,kaito_(kaixm)
13591,kaito_(sawayakasawaday)
13592,kaiware-san
13593,kaiyamon
13594,kaiyi
13595,kaiza_(rider000)
13596,kaizeru
13597,kajaneko
13598,kajatony
13599,kaji_(oni_atat)
13600,kaji_zarame
13601,kajii_supana
13602,kajiji
13603,kajikawa_yahiro
13604,kajiki
13605,kajimakoto
13606,kajin_(kajinman)
13607,kajino_(aosansai)
13608,kajitsu_no_hito
13609,kajiwara_3
13610,kajiyama_hiroshi
13611,kajuu
13612,kak_hac
13613,kakaaru
13614,kakage
13615,kakan_(amka)
13616,kakanashi1
13617,kakao_(chocolate_land)
13618,kakao_(noise-111)
13619,kakao_rantan
13620,kakaobataa
13621,kakaolikeslegs
13622,kakaon
13623,kakapomilk
13624,kakaricho_dairi
13625,kakashichi
13626,kakashino_kakato
13627,kakato_0
13628,kake_udon
13629,kakeami
13630,kakei
13631,kakeku
13632,kakenari
13633,kakera_(comona_base)
13634,kakerayuri
13635,kakeru_(dbskakeru)
13636,kakeru_(fujiwara_kakeru)
13637,kakeru_(kakeruanim)
13638,kakesu
13639,kaki_s
13640,kaki_z3
13641,kakifly
13642,kakiha_makoto
13643,kakihito_shirazu
13644,kakiikada
13645,kakikakilemon
13646,kakiko210
13647,kakimoto_nao
13648,kakincho
13649,kakineko
13650,kakinoki_mikan_(kari)
13651,kakinotane_e
13652,kakinouchi_narumi
13653,kakitama
13654,kakitsubata_tsukune
13655,kakitsubata_waka
13656,kakitsubata_zero
13657,kakiuchi_itsuki
13658,kakizaki_(chou_neji)
13659,kakizato
13660,kakk_e
13661,kakki_(kackie)
13662,kakkou
13663,kakmxxxny06
13664,kako_(pixiv77158173)
13665,kakogawa_tarou
13666,kakon
13667,kakone
13668,kakotomirai
13669,kaku_yone
13670,kakuchoshi
13671,kakuchou_no_ou
13672,kakudai_(hujikolp)
13673,kakueki-teisha
13674,kakult2017
13675,kakumayu
13676,kakuno
13677,kakure_eria
13678,kakutasu
13679,kakutasu_(akihiron_cactus)
13680,kakuteru_sudachi
13681,kakuwashi
13682,kakuzatou_(cubesugar03196)
13683,kakuzatou_(koruneriusu)
13684,kakuzatou_(satousatotototo)
13685,kakuzatou_(sugar_xouox)
13686,kakyoxx
13687,kalak_39
13688,kalalasan
13689,kalamari
13690,kaleka
13691,kalian
13692,kaliningradg
13693,kalmahul
13694,kalmeyaki
13695,kalua
13696,kalun_(fwme3378)
13697,kam-ja
13698,kam_tuki
13699,kama_(kama_ovo)
13700,kama_(satoyan)
13701,kama_iruka
13702,kamabo_ko
13703,kamaboco_(kayada)
13704,kamaboko_(ossann0125)
13705,kamaboko_red
13706,kamaboko_senshi
13707,kamabokopic
13708,kamachi_(kamati0maru)
13709,kamachi_kamachi-ko
13710,kamakama_(kdmorh_kamakama)
13711,kamameshi_gougoumaru
13712,kamanatsu
13713,kamaniki
13714,kamashi
13715,kamata_yuuya
13716,kamatama
13717,kamatama_rom
13718,kamatanu_free
13719,kamato_il
13720,kamatoyu
13721,kamatpit
13722,kamdia
13723,kame
13724,kame_(3t)
13725,kame_(jeycobsry)
13726,kame_(kamepan44231)
13727,kame_(unaikodori)
13728,kame_0_0_kame
13729,kamee_(kamee_f)
13730,kamehima
13731,kamehito
13732,kamejiro_(sasakame)
13733,kamekichi27
13734,kamekichi_(kamekiti)
13735,kamekoya_sato
13736,kamelie
13737,kamemushi_(hoozuki)
13738,kamen_no_hito
13739,kamenakake
13740,kameno_sachi
13741,kamenozoki_momomo
13742,kameponde
13743,kameron
13744,kameseru
13745,kamesys
13746,kametora_(kametora02)
13747,kameyan
13748,kamezaemon
13749,kami_off_record
13750,kami_tora
13751,kamia_(not_found)
13752,kamidan
13753,kamidanomi
13754,kamihara_mizuki
13755,kamii_momoru
13756,kamiiart
13757,kamijou_sadame
13758,kamiki_uutarou
13759,kamikiririp
13760,kamikita_futago
13761,kamikitayotsuba
13762,kamille_(vcx68)
13763,kamille_areopagita
13764,kamimiya
13765,kamimon2016
13766,kamimori_kuuraku
13767,kamin
13768,kaminaga_mutsumi
13769,kaminagi_(kaminagi-tei)
13770,kaminari_doon
13771,kaminary
13772,kamino_eru
13773,kaminokefusa
13774,kaminosaki
13775,kaminose_(user_veum4325)
13776,kamio_fukuchi
13777,kamioka_shun'ya
13778,kamiowl
13779,kamishima_kanon
13780,kamishiro_(rsg10679)
13781,kamishiro_mai_(capti-no)
13782,kamishiro_noa
13783,kamishiro_ryuu
13784,kamisimo_90
13785,kamisuki
13786,kamita
13787,kamitani_george
13788,kamitoge_supino
13789,kamitsuki_manmaru
13790,kamitsuki_shion
13791,kamitsurugi_ouka
13792,kamiura
13793,kamiya_(mennu)
13794,kamiya_maneki
13795,kamiya_tadato
13796,kamiya_tomoe
13797,kamiya_yuu
13798,kamiya_zuzu
13799,kamiyama_sumu
13800,kamiyama_teten
13801,kamiyoshi_rika
13802,kamizakana_iriko
13803,kamizaki_hibana
13804,kamizono_(spookyhouse)
13805,kamizuki_shiki
13806,kamo_(gafas)
13807,kamo_(kamonabe_44)
13808,kamo_(kamonegioisi)
13809,kamo_(yokaze)
13810,kamo_0707
13811,kamo_3
13812,kamo_ashi
13813,kamo_kamen
13814,kamo_mayor
13815,kamochiru
13816,kamogawa_(kamogawa_sodachi)
13817,kamogawa_tanuki
13818,kamoi_hayato
13819,kamoku_nagi
13820,kamome
13821,kamome_yuu
13822,kamon_(shinshin)
13823,kamon_rider
13824,kamonabe_(kamonabeekon)
13825,kamonari_ahiru
13826,kamonegi_(meisou1998)
13827,kamonekm
13828,kamoromance614
13829,kamota_(momokomati)
13830,kamotama
13831,kamoto_tatsuya
13832,kamotsu_yasai
13833,kamu_(geeenius)
13834,kamu_(kamuuei)
13835,kamu_(simp3)
13836,kamu_(stead06y)
13837,kamu_kotan
13838,kamuchin_soda
13839,kamue
13840,kamui_(kamuikaoru)
13841,kamui_(kurohshiro1)
13842,kamui_natsuki
13843,kamuify
13844,kamuinii
13845,kamukamu6392
13846,kamukamu_(ars)
13847,kamumiya
13848,kamura_gimi
13849,kamuraaa_615
13850,kan'yu_(citron_82)
13851,kan0nakan0
13852,kan_(pyy_c12)
13853,kan_(rainconan)
13854,kan_(tachi)
13855,kan_lee
13856,kan_liu_(666k)
13857,kan_satomi
13858,kana616
13859,kana_(kanna_runa0620)
13860,kana_(kuaua)
13861,kana_(maple926)
13862,kana_(okitasougo222)
13863,kana_(user_rkuc4823)
13864,kana_ami
13865,kana_tako
13866,kana_yukino
13867,kanachirou
13868,kanacho
13869,kanade_(kanadeya)
13870,kanade_(unchi_knd280)
13871,kanadeho
13872,kanae_(aab)
13873,kanae_(cookie)
13874,kanae_(inorin05kanae)
13875,kanaha_lazy
13876,kanai23831347
13877,kanai_(nai_nai)
13878,kanamaru_yuuki
13879,kaname_(emanalc)
13880,kaname_(melaninusa09)
13881,kaname_aomame
13882,kaname_nagi
13883,kanameya
13884,kanameyura
13885,kanami9731
13886,kanamura_ren
13887,kanan
13888,kananishi
13889,kanaoto_neiro
13890,kanaria_(bocmn)
13891,kanaria_(fuusenkazura)
13892,kanaria_hisagi
13893,kanaritu
13894,kanase_(mcbrwn18)
13895,kanashi_kum0
13896,kanashi_kumo
13897,kanata_(kanade_pa)
13898,kanata_(kanata_onion)
13899,kanata_(mizubenisumutori)
13900,kanata_(sentiment)
13901,kanata_mako
13902,kanataria
13903,kanato345
13904,kanatsuki
13905,kanau
13906,kanazawa_shinnosuke
13907,kanbayashi_chiko
13908,kanbayashi_makoto
13909,kanchan_kani
13910,kanchigai
13911,kanchiyo
13912,kanda_(ura-kanda)
13913,kanda_aya
13914,kanda_done
13915,kandanchi
13916,kandata_nijou
13917,kanden_sky
13918,kandori
13919,kandori_makoto
13920,kanduki_kamibukuro
13921,kane-neko
13922,kaneaki_mukku
13923,kaneblob
13924,kanechitomoyo
13925,kaneda_eiji
13926,kaneda_mitsuko
13927,kanekan
13928,kanekiyo_miwa
13929,kaneko_(bblogtinhan)
13930,kaneko_(novram58)
13931,kaneko_hiraku
13932,kaneko_naoya
13933,kaneko_ryou
13934,kaneko_shizue
13935,kaneko_tsukasa
13936,kanel
13937,kanemaki_thomas
13938,kanengomi
13939,kaneni
13940,kaneoya_sachiko
13941,kaneru
13942,kanesada_dp
13943,kanesada_keishi
13944,kangaruu_(momotk1109)
13945,kangbus
13946,kangetsu_(fhalei)
13947,kangmoro
13948,kangoku_kou
13949,kangshi
13950,kani_(kaniya)
13951,kani_aji
13952,kani_aruki_(bucket_crawl)
13953,kani_biimu
13954,kani_bonara
13955,kani_club
13956,kani_fish
13957,kani_nyan
13958,kani_samurai
13959,kani_tenshinhan
13960,kanianoreki
13961,kanibasami
13962,kanichiri
13963,kaniharu
13964,kaniitama
13965,kanijiru
13966,kanikama
13967,kanikama25
13968,kanikama_acedia
13969,kanikame
13970,kanikan
13971,kanikou
13972,kanimaru
13973,kanimura_ebio
13974,kanini
13975,kaninn
13976,kanipanda
13977,kanipoposu
13978,kanisaka_shizuku
13979,kanisawa_yuuki
13980,kaniya_shiku
13981,kanji_(nievart)
13982,kanju
13983,kanjukutomato11
13984,kanjy00u
13985,kankan33333
13986,kanke_(kank06020602)
13987,kanke_(yonkuma)
13988,kanki_(kibunhasaikou)
13989,kankito
13990,kankitsu_kei
13991,kankitsunabe_(citrus)
13992,kankitsurui_(house_of_citrus)
13993,kankitukou
13994,kankurou
13995,kanlamari
13996,kanmiya_shinobu
13997,kanmoku-san
13998,kanmuri_(hanyifan30338)
13999,kanna_(chaos966)
14000,kanna_(minamozuki)
14001,kanna_(plum)
14002,kanna_asuke
14003,kanna_hisashi
14004,kanna_kanaki
14005,kannagi_kaname
14006,kannagi_rei
14007,kannagi_tsukasa
14008,kannagiray
14009,kannari
14010,kannatsuki_noboru
14011,kannazuki_genshi
14012,kannazuki_hato
14013,kannazuki_okuto
14014,kanniiepan
14015,kannko_bokujou
14016,kanno
14017,kanno_fumiroku
14018,kanno_izuka
14019,kanno_takanori
14020,kannoaki
14021,kannon_ouji
14022,kannuki_hisui
14023,kano-0724
14024,kano3
14025,kano_(coyotehunt)
14026,kano_(kano_to10)
14027,kano_(kanokano44)
14028,kano_(nakanotakahiro1029)
14029,kano_(wi3028)
14030,kano_hito
14031,kanoe_(gallery_walhalla)
14032,kanoe_(kanoe502)
14033,kanoe_soushi
14034,kanoe_youshi
14035,kanogawa_hiro
14036,kanokoga
14037,kanola_u
14038,kanon'yuyu
14039,kanon_(ikamiso)
14040,kanon_(kurogane_knights)
14041,kanon_(rsl)
14042,kanon_(sinto)
14043,kanonari
14044,kanopan
14045,kanora
14046,kanosawa
14047,kanpa_(campagne_9)
14048,kanpancake
14049,kanpiro
14050,kanpyou_(hghgkenfany)
14051,kanro_ame_(ameko)
14052,kansou_(kanso_1)
14053,kansou_samehada
14054,kansuke
14055,kansuke_(bubuduke)
14056,kansuke_(kansuke_717)
14057,kanta_(pixiv9296614)
14058,kanta_(x-tei)
14059,kantaka
14060,kantarou_(8kan)
14061,kantarou_(nurumayutei)
14062,kanten
14063,kanti15
14064,kantoku
14065,kantori
14066,kantou_rengou
14067,kanuici336
14068,kanvien
14069,kanya_(asa_yake01)
14070,kanya_pyi
14071,kanyoko_(yuzukano_17)
14072,kanzaki_gou
14073,kanzaki_hiro
14074,kanzaki_karuna
14075,kanzaki_kureha
14076,kanzaki_muyu
14077,kanzaki_nyo
14078,kanzaki_sora
14079,kanzakietc
14080,kanzarin
14081,kanzen_bouon
14082,kanzeon
14083,kanzi
14084,kanzuki_yuu
14085,kanzume
14086,kao_o0
14087,kao_ru05
14088,kaogens
14089,kaohom503
14090,kaoling
14091,kaoming
14092,kaomoji_(sagor00237)
14093,kaon_zz
14094,kaopon
14095,kaori
14096,kaorihero
14097,kaorin_minogue
14098,kaoru
14099,kaoru348
14100,kaoru_(alicemakoto)
14101,kaoru_(gensou_yuugen-an)
14102,kaoru_(h8qm9)
14103,kaoruko_(unkrk55)
14104,kaoruru_(sakuno2911)
14105,kaos
14106,kaos_art
14107,kaosu_(kaosu0905)
14108,kaosu_kun
14109,kapatarou
14110,kaphrin
14111,kapiko
14112,kapiten70
14113,kappa_mame
14114,kappa_modoki
14115,kappaako
14116,kappamaru
14117,kappce
14118,kappe_reeka
14119,kappipe_(brd0520)
14120,kaprice
14121,kaptivate
14122,kapuchii
14123,kapura
14124,kapuru_0410
14125,kaqo
14126,kara_(color)
14127,kara_(color1087)
14128,kara_age
14129,kara_aren
14130,kara_namako
14131,karaage3
14132,karaage_(ta-na)
14133,karaage_(xxxmido02)
14134,karaage_bou
14135,karaagetarou
14136,karadborg
14137,karahai_(31448823)
14138,karakari
14139,karakuraax
14140,karakuri_musha
14141,karakusa_(ototsukiharu)
14142,karakuzu_red
14143,karamaru626
14144,karamimame
14145,karamiti
14146,karamomo
14147,karamoneeze
14148,karan
14149,karan_koron100
14150,karanagare
14151,karanak
14152,karanashi_mari
14153,karanashi_noma
14154,karaori
14155,karappo_(keith8387)
14156,karappo_(poket12)
14157,karasaki
14158,karasawa-40
14159,karashi_(asarikarasi)
14160,karashi_(tou_gara_shi)
14161,karashino
14162,karassawa
14163,karasu-san_(syh3iua83)
14164,karasu2020_8
14165,karasu_(jjwh2832)
14166,karasu_(naoshow357)
14167,karasu_btk
14168,karasu_h
14169,karasu_hito
14170,karasuma_amiru
14171,karasuma_kuraha
14172,karasuma_yayoi
14173,karasumi_(aiseec)
14174,karasumi_(sumizono)
14175,karasuro
14176,karasusou_nano
14177,karatakewari
14178,karate_(karatedazey)
14179,karbo
14180,karbuitt
14181,kardie
14182,kare_(0621utak)
14183,kare_huang
14184,karebu52
14185,kareha_aki
14186,karei
14187,karei_(zeroseed)
14188,karekusa_meronu
14189,karen_(karenendo)
14190,karen_(navy_42)
14191,karepack
14192,kareya
14193,kari90909
14194,kari_(kakko_k)
14195,kari_(karinimooreha)
14196,kari_kenji
14197,kari_okome
14198,karian909
14199,kariginu_(gureviyo582)
14200,kariinu
14201,karikari_ume
14202,kariki_hajime
14203,karikura_(atatata71)
14204,karin_(100100)
14205,karin_(a62826704)
14206,karin_(fineyanny)
14207,karin_(rei862)
14208,karin_bluez3
14209,karin_hosono
14210,karina
14211,karinaga_raizan
14212,karinto_yamada
14213,karintou1485
14214,karioda
14215,karipaku
14216,karita_(kali_lgk)
14217,kariya_(kry_aia)
14218,kariya_(mizore)
14219,karla_(kimidori3)
14220,karlwolf
14221,karmiel
14222,karo-chan
14223,karo_(karohroka)
14224,karo_karo
14225,karochii
14226,karoine
14227,karokuchitose
14228,karomura
14229,karory
14230,karosu_maker
14231,karou_(lhscck302)
14232,karpin
14233,karu_(ishiken)
14234,karu_(karusenpai)
14235,karua0621
14236,karua_(karua23)
14237,karube_guri
14238,karuha
14239,karukan_(monjya)
14240,karumayu
14241,karuna_(madlax)
14242,karunabaru
14243,karuo_(oooruka_cr)
14244,karupisusawa
14245,karuta_(karuta01)
14246,karutamo
14247,karuushi
14248,karv
14249,karya
14250,karyln
14251,kasa_(hitori_sanka)
14252,kasa_list
14253,kasagland
14254,kasai_shin
14255,kasaki_sakura
14256,kasane
14257,kasane_(cynthia)
14258,kasaneko
14259,kasanui
14260,kasappi
14261,kasasagi_(futagodori888)
14262,kasasasagi
14263,kasashi_(kasasi008)
14264,kase_(ks_lys)
14265,kase_(kurimuzone_oruta)
14266,kase_atsushi
14267,kase_daiki
14268,kasei_yukimitsu
14269,kasetsu
14270,kasetsu_03
14271,kash-phia
14272,kashi
14273,kashi-k
14274,kashi_kosugi
14275,kashia
14276,kashiba_aira
14277,kashii_(amoranorem)
14278,kashii_kaoru
14279,kashikahaya
14280,kashikaze
14281,kashima_miyako
14282,kashima_momoki
14283,kashimu
14284,kashinoki_(koaaski)
14285,kashio_(92984798)
14286,kashiru
14287,kashisu_mint
14288,kashisuover
14289,kashiwa_(iersansi)
14290,kashiwa_kiseri
14291,kashiwabara_en
14292,kashiwada_kiiho
14293,kashiwadokoro
14294,kashiwagi_chisame
14295,kashiwagi_kano
14296,kashiwagi_touko
14297,kashiwagi_tsukiko
14298,kashiwagi_yamine
14299,kashiwamochi_(kashiwakashiwa)
14300,kashiwamochi_yomogi
14301,kashiwara_mana
14302,kashiyama
14303,kashmir
14304,kashmir_0808
14305,kashu_(hizake)
14306,kashuu_(b-q)
14307,kashuu_(pixiv_66328082)
14308,kasia_nie
14309,kasoka_soka
14310,kasoku_souchi
14311,kasou_(roomno404_)
14312,kasseus_maximus
14313,kasu_(kasunohikari)
14314,kasu_kazu
14315,kasuga_(kasuga39)
14316,kasuga_ayumu_(haruhipo)
14317,kasuga_haruhi
14318,kasuga_kaya
14319,kasuga_rurito
14320,kasuga_souichi
14321,kasuga_sunao
14322,kasuga_yukihito
14323,kasuga_yuuki
14324,kasugai_(de-tteiu)
14325,kasugano_tobari
14326,kasuka
14327,kasuka108
14328,kasukabe_akira
14329,kasukabe_tarou
14330,kasukasugom1
14331,kasuke_(li_tgknk)
14332,kasumi_(skchkko)
14333,kasumi_6
14334,kasumi_komo
14335,kasumi_saika
14336,kasumi_seiki
14337,kasumi_uzuki
14338,kasumi_yuzuha
14339,kasutaso
14340,kasuteru
14341,kasuya_baian
14342,kat_(bu-kunn)
14343,kata_meguma
14344,katachi_noboru_nishikino
14345,katade
14346,katagawa_mika
14347,katagiri_(a1466502)
14348,katagiri_(mighty_swing)
14349,katagiri_atsuko
14350,katagiri_chisato
14351,katagiri_hachigou
14352,katagiri_hinata
14353,katagiri_ikumi
14354,katagirinanoka
14355,katahaba_keiji
14356,katahara_(no_108105)
14357,katahira_(hiyama)
14358,katahira_masashi
14359,katai_(nekoneko0720)
14360,katai_uji
14361,katakai
14362,katakata_un
14363,katakori_sugita
14364,katakoriku
14365,katakura_nayuuki
14366,katakura_shinji
14367,katakura_supipi
14368,katami_shinta
14369,katanakko_daisuki
14370,katanashi_(ktnsh_popu)
14371,kataokasan
14372,katari
14373,katari_(ropiropi)
14374,kataro
14375,kataru_(ubw-emiya)
14376,kataruruni
14377,katase_bono
14378,katase_minami
14379,katase_waka
14380,katase_yuu
14381,katatsuka_kouji
14382,katatsumuri_(kataaaaaaaaa)
14383,katayama_kei
14384,kate-fox
14385,kate_(alice_catharsis)
14386,kate_iwana
14387,kate_wong
14388,katekari_yuusuke
14389,kath
14390,katiko
14391,katkichi
14392,kato-shun
14393,kato_(kato)
14394,kato_(mogumoguokome)
14395,kato_yuurina
14396,katoki_hajime
14397,katorea
14398,katori_(katokichi)
14399,katori_(mocchidou)
14400,katori_(quietude)
14401,katoributa_a
14402,katoroku
14403,katoryu_gotoku
14404,katosh
14405,katou_(hyaena)
14406,katou_(osoraku)
14407,katou_haruaki
14408,katou_itsuwa
14409,katou_kaiou
14410,katou_miyako
14411,katou_oswaldo
14412,katou_shinobu
14413,katou_tabihito
14414,katou_taira
14415,katou_techu
14416,katou_teppei
14417,katou_yuuki
14418,katouken_(ktn-works)
14419,katoyo85
14420,katsu_(24791909)
14421,katsu_(kana)
14422,katsu_(katsupainter)
14423,katsu_aki
14424,katsudansou
14425,katsuhiko_(bone_hiko)
14426,katsukare
14427,katsuma_rei
14428,katsuoboshi
14429,katsura_(+araka)
14430,katsura_harufumi
14431,katsura_ken'ichirou
14432,katsura_masakazu
14433,katsura_miya
14434,katsuragi_(webmaster909)
14435,katsuragi_atori
14436,katsuragi_nantoka
14437,katsuragi_niya
14438,katsurai_yoshiaki
14439,katsushika_pachi
14440,katsuten
14441,katsuto
14442,katsuwo_(cr66g)
14443,katt_sun
14444,katto8452
14445,katuhata
14446,katuko_deluxe
14447,katuu
14448,katwo
14449,katwu_(gensou_ninja_yashiki)
14450,katy_(artist)
14451,katzeh
14452,kaudon
14453,kaulen.f
14454,kauru00
14455,kauto
14456,kava
14457,kavka
14458,kawa-v
14459,kawa683
14460,kawa_akira
14461,kawa_mura
14462,kawaanago
14463,kawabata_yoshihiro
14464,kawacchi_hirohiro
14465,kawachi_(hina)
14466,kawachi_koorogi
14467,kawachi_rin
14468,kawacy
14469,kawagami_raito
14470,kawagishi_keitarou
14471,kawagoe_pochi
14472,kawaguchi_(mojacome)
14473,kawaguchi_youhei
14474,kawahagi_modoki
14475,kawahara0527
14476,kawahara_chisato
14477,kawahara_megumi
14478,kawai_(purplrpouni)
14479,kawai_makoto
14480,kawai_maria
14481,kawai_masaki
14482,kawai_ritsu_(rits_meg)
14483,kawai_rou
14484,kawaii_inu5
14485,kawaii_rowa
14486,kawaiipony2
14487,kawairuka_ko
14488,kawaisou
14489,kawajuu
14490,kawakami_masaki
14491,kawakami_rokkaku
14492,kawakami_shuuichi
14493,kawakami_tetsuya
14494,kawaku
14495,kawami_nami
14496,kawamitsu
14497,kawamochi_(tddm3573)
14498,kawamoto_toshihiro
14499,kawamura_kousuke
14500,kawamura_raichi
14501,kawamura_taku
14502,kawamura_toshie
14503,kawamura_tsukasa
14504,kawanabe
14505,kawanakajima
14506,kawanami_eito
14507,kawaniwa
14508,kawanmushi
14509,kawano_takuji
14510,kawanobe
14511,kawanuma_uotsuri
14512,kawaoka_sachio
14513,kawara_hajime
14514,kawara_pigeon
14515,kawara_yun
14516,kawarage
14517,kawarage_yatano
14518,kawarajima_kou
14519,kawaraya_a-ta
14520,kawaraya_koh
14521,kawaruhi
14522,kawasaki_(kwsk_8765)
14523,kawasaki_kazuhiko
14524,kawasaki_tadataka
14525,kawasaki_toiro
14526,kawase_seiki
14527,kawaseki
14528,kawasemi27
14529,kawasemi_(pocorit)
14530,kawashima_hisashi
14531,kawashina_(momen_silicon)
14532,kawasumi_(tk2k_jade)
14533,kawata_hisashi
14534,kawati
14535,kawatiw
14536,kawatsu_yuuki
14537,kawaty
14538,kawauchi_(kaz7ry)
14539,kawausoman
14540,kawayabug
14541,kaworu_(1030)
14542,kaworu_(kaw_lov)
14543,kawosu_shikou
14544,kawwa
14545,kaxukin
14546,kay-i
14547,kay_(utd)
14548,kay_yu
14549,kaya_(nari1-24)
14550,kaya_rio
14551,kayabakoro
14552,kayahara
14553,kayako_(tdxxxk)
14554,kayakooooo
14555,kayama_benio
14556,kayama_kenji
14557,kayama_kouji
14558,kayanogura
14559,kayase
14560,kayav
14561,kayjae
14562,kayoko_(panchlora)
14563,kayon_(touzoku)
14564,kayou_(kayou-bi)
14565,kayu
14566,kayu_(yukagoin)
14567,kayumidome
14568,kayune_niu
14569,kayupon
14570,kayura_yuka
14571,kayuu_(hikentai0112)
14572,kaz_(shade)
14573,kazaana
14574,kazabana_fuuka
14575,kazabuki_poni
14576,kazahari_kazuho
14577,kazakami_yuu
14578,kazakura
14579,kazama_gorou
14580,kazama_raita
14581,kazamatsuri_honatsu
14582,kazami_(kuroro)
14583,kazami_chiu
14584,kazami_haruki
14585,kazami_karasu
14586,kazami_miki
14587,kazami_ren_(fuushagoya)
14588,kazami_ruku
14589,kazami_ryouya
14590,kazamidoririnn
14591,kazana_(sakuto)
14592,kazane-wind
14593,kazane_mari
14594,kazanock
14595,kazari_hisa
14596,kazari_tayu
14597,kazawa_(tonzura-d)
14598,kazaya
14599,kaze-hime
14600,kaze_(yznyttdgs)
14601,kaze_22
14602,kaze_fukeba_nanashi
14603,kaze_makase
14604,kaze_minoru_so-ru
14605,kazeco
14606,kazeha_(starrysky)
14607,kazeharu
14608,kazekawa_nagi
14609,kazenemuri
14610,kazeno
14611,kazenokaze
14612,kazenoko
14613,kazepana
14614,kazesayuru
14615,kazeshio
14616,kazeto
14617,kazetto
14618,kazetuki
14619,kazezz
14620,kazh_(kazu)
14621,kaziearts
14622,kazo_(kazozakazo)
14623,kazto_furuya
14624,kazu-chan
14625,kazu_(kauk3753)
14626,kazu_(muchuukai)
14627,kazu_(rakugakino-to)
14628,kazu_sanbon
14629,kazuaki
14630,kazuboh
14631,kazuchi
14632,kazue_kato
14633,kazuha_(kazuha1003)
14634,kazuha_(saku_kn)
14635,kazuha_nanako
14636,kazuharu_kina
14637,kazuhiro_(tiramisu)
14638,kazuhito_(1245ss)
14639,kazuho_iwamoto
14640,kazuka
14641,kazuki-mendou
14642,kazuki_kan
14643,kazuki_kisuke
14644,kazuki_kotobuki
14645,kazuki_seihou
14646,kazuki_yone
14647,kazukingu
14648,kazuko_(towa)
14649,kazukoto
14650,kazuma_(kazumav)
14651,kazuma_(theworld000021)
14652,kazuma_kaneko
14653,kazuma_muramasa
14654,kazumasa
14655,kazumi_yoshiyuki
14656,kazunari
14657,kazune_(baumkuchen)
14658,kazunehaka
14659,kazuneko_(wktk1024)
14660,kazunoko_(kazunoko_zunoco)
14661,kazunoko_(saria001)
14662,kazuo_akasaka
14663,kazuo_daisuke
14664,kazuoki
14665,kazura
14666,kazura_enji
14667,kazushiki_midori
14668,kazutake_hazano
14669,kazutaro
14670,kazuto_izumi
14671,kazuto_san
14672,kazuya_(kozun)
14673,kc-rk_sl
14674,kcar66t
14675,kchair02_(k02-yan)
14676,kcme
14677,kcn
14678,kd_(jichaman1)
14679,kd_(kdh45689)
14680,kdash
14681,kdc_(tamaco333)
14682,ke-su
14683,ke-ta
14684,kearful
14685,keaworks
14686,kebab_(blackdoll)
14687,kebaboishii
14688,kebakebasan
14689,kebohan
14690,kechin_(oreteki18kin)
14691,kechon-san
14692,kedama_(kedama_akaza)
14693,kedama_(ughugjydthjdf)
14694,kedama_milk
14695,kedamono_kangoku-tou
14696,kedo_mitsuharu
14697,keeemu_(gouf2016)
14698,keeko_(kk_0012)
14699,keenbiscuit
14700,keenh
14701,keenii_(kenny86)
14702,keepout
14703,keesuke_(kkosyoku)
14704,keetydraws
14705,kegani_(kegani01)
14706,kei-chan_(atlas_kei)
14707,kei-chan_(ultimatekeichan)
14708,kei-co
14709,kei8987
14710,kei_(asufend)
14711,kei_(bekei)
14712,kei_(desafinado)
14713,kei_(fortune)
14714,kei_(keigarou)
14715,kei_(keiuu)
14716,kei_(limitedgirl)
14717,kei_(soundcross)
14718,kei_jiei
14719,kei_kei
14720,kei_s01
14721,keibeam
14722,keibi_inu
14723,keibleh
14724,keicha_(kmoekaki)
14725,keid
14726,keienu0
14727,keigen_hichou
14728,keigi
14729,keigo_inoue
14730,keihh
14731,keijirou_(mukunozaltusou)
14732,keijou_(cave)
14733,keikei_(kitty_colors)
14734,keikenchi
14735,keikesu
14736,keiki8296
14737,keiko_(mitakarawa)
14738,keiko_(um7mr1)
14739,keiko_rin
14740,keikou_ryuudou
14741,keikyu_(tiltedcube)
14742,kein_hasegawa
14743,keine09
14744,keinesandayoooo
14745,keionism
14746,keipup
14747,keiran_(ryo170)
14748,keiryuu_seo
14749,keis_(locrian1357)
14750,keisan
14751,keisea
14752,keiseki1
14753,keishi_surota
14754,keishin
14755,keisuke_(0320030103200301)
14756,keita_(kta0)
14757,keita_(o4510_9chi9)
14758,keita_(tundereyuina)
14759,keita_kg85
14760,keitatsujia
14761,keito4f
14762,keito_(keito-ya)
14763,keiya
14764,keiz
14765,kekai_kotaki
14766,keke_(user_djyu7823)
14767,keke_(user_zech7732)
14768,kekek
14769,kekekeke
14770,kekel
14771,kekemotsu
14772,keki_chogyegi
14773,kekitopu
14774,kekocha
14775,keldancon
14776,kele_mimi
14777,kelezi
14778,keli_bang
14779,kelinch1
14780,kellzallday
14781,kelsuis
14782,kelvin-trainerk
14783,kelvin_hiu
14784,kem_kem
14785,kemachiku
14786,kemejiho
14787,kemi_(kemi433)
14788,kemi_neko
14789,kemigawa_mondo
14790,kemile
14791,kemo_chiharu
14792,kemomin_nosuke
14793,kemono_(fukanasumi)
14794,kemonomichi_(blue_black)
14795,kemonono_(inchiki_dou)
14796,kemoribon
14797,kemoyuri
14798,kemu
14799,kemu_(guruguru_dan)
14800,kemura_(puripurinea)
14801,kemuri_(etep3372)
14802,kemuri_haku
14803,kemurin
14804,ken'ichi_(ken1ro_u)
14805,ken'ichi_(silvian125jp)
14806,ken-1
14807,ken-ji
14808,ken-pai_(kenpai_arts)
14809,ken-san
14810,ken_(1057168252)
14811,ken_(coffee_michikusa)
14812,ken_(koala)
14813,ken_(shutenndouji1)
14814,ken_sogen
14815,kenao
14816,kenatosne
14817,kenchi
14818,kendy_(revolocities)
14819,kengzeta
14820,kenharu
14821,kenix
14822,kenja_panda
14823,kenji_(8zidayo)
14824,kenkaizar
14825,kenken28937178
14826,kenken_(keuken)
14827,kenki_fujioka
14828,kenko_(a143016)
14829,kenno_(kenno9mp40)
14830,kenoka
14831,kenomotsu_yukuwa
14832,kenpi_(hs-totyu)
14833,kenron_toqueen
14834,kensei_(v2)
14835,kenshin187
14836,kensight328
14837,kensuke_creations
14838,kentairui
14839,kentan_(kingtaiki)
14840,kentaurosu
14841,kento_(kentdrawing)
14842,kenuu_(kenny)
14843,kenzenchan18
14844,kenzo_093
14845,kep_(ahokep)
14846,kepitingtiga
14847,kepra_iii
14848,ker0nit0
14849,keraton
14850,kerberos_(kerbe_)
14851,kereno
14852,kerimka31328031
14853,kermittend
14854,kernel_killer
14855,kerno
14856,kero_1110
14857,kero_sweet
14858,kerok_(joniko1110)
14859,keroreud
14860,kerorin
14861,kerorira
14862,kerorokjy
14863,keruasu0629
14864,keruberosu-a
14865,kesa_pasa
14866,keselum_(neganeura)
14867,kesha
14868,kesoshirou
14869,kesuida
14870,ket-c
14871,keta_(psychetangle)
14872,ketopon
14873,ketsu_juuji_killer_(kejuki)
14874,keuma
14875,keureu_(tiqkdtiqkd10)
14876,keva_(liltkeva)
14877,kevbot
14878,kevcrexx
14879,kevin_arthur
14880,kevinlim39
14881,kevn
14882,kexiu
14883,kexue
14884,key747h
14885,key_(gaigaigai123)
14886,key_(kagibangou)
14887,key_kun
14888,keyaki_(mora_ll)
14889,keyaki_chimaki
14890,keyfanjun
14891,keyliom
14892,keypot
14893,keyun
14894,kezi
14895,keziedra
14896,kezune_(i-_-i)
14897,kezuru
14898,kfr
14899,kgctcg
14900,kgeroua
14901,kghazir
14902,kgr
14903,kgt_(pixiv12957613)
14904,kgynh
14905,kh-fullhouse
14906,kh_(kh_1128)
14907,kh_(tanakananataka)
14908,khartemis
14909,kharu11
14910,khee
14911,khell
14912,kheng_(k_heng1223)
14913,khibiki
14914,khn_(kihana)
14915,khoaphan96
14916,khrnnfz
14917,khyle.
14918,ki-16
14919,ki-51_(ampullaria)
14920,ki2ri5
14921,ki3wii
14922,ki_(adotadot)
14923,ki_(mxxxx)
14924,ki_no_nekko
14925,ki_wa001
14926,kia_shie
14927,kian
14928,kiana_mai
14929,kiaoekakishitai
14930,kiasa
14931,kiato
14932,kiba_satoshi
14933,kibadori_rue
14934,kibanda_gohan
14935,kibashiba
14936,kibayashi_kimori
14937,kibellin
14938,kibidango_14-gou
14939,kibihimi
14940,kibii_mocha
14941,kibisake
14942,kibisakura2
14943,kibstar
14944,kibushi
14945,kicchi_(tmgk)
14946,kicdon
14947,kichi_(kitiokitioo)
14948,kichi_owo
14949,kichihachi
14950,kichijou_agata
14951,kichin_yarou
14952,kickylian
14953,kid_(kidocchi)
14954,kida_kuro_mu
14955,kida_mochi
14956,kida_sukizou
14957,kida_yuu
14958,kidachi
14959,kidanieru
14960,kide_koushin
14961,kidhukaji
14962,kidkuroba4869
14963,kidmo
14964,kido_(choushouya)
14965,kido_airaku
14966,kido_jirou
14967,kiduki
14968,kiduta_cielo
14969,kie_(wylee2212)
14970,kie_(yospcd)
14971,kieed
14972,kieeyo
14973,kiegenshin
14974,kiek_qaq
14975,kiekoio
14976,kienai_11
14977,kienbiu
14978,kieta
14979,kieyza
14980,kigan'eiji
14981,kigidere
14982,kiguchiko
14983,kihaiu
14984,kihane_atsusane
14985,kihou_no_gotoku_dmc
14986,kii_(mahoraba)
14987,kiichi
14988,kiichirou
14989,kiikanna
14990,kiikii_(kitsukedokoro)
14991,kiimorisame
14992,kiina_(mrnsor)
14993,kiioki11
14994,kiira
14995,kiiro_(cocoa080)
14996,kiiro_kimi
14997,kiiro_no_nantoka
14998,kiiroi_tamago
14999,kiirokuma
15000,kiirono
15001,kiitos
15002,kiji_(manekinuko-tei)
15003,kijibato_123-gou
15004,kijikoru
15005,kijima_(amayadori-tei)
15006,kijima_hyogo
15007,kijimoto_yuuhi
15008,kijinaka_mahiro
15009,kijinkutsu
15010,kika
15011,kikai_(akita_morgue)
15012,kikan_(kikanoe)
15013,kikata_(hata_nanokana)
15014,kiki-yu
15015,kiki0319i
15016,kiki_(431642)
15017,kiki_(koikuchikinako)
15018,kiki_(re_6xxx)
15019,kiki_fushigi
15020,kiki_lala
15021,kikihuihui
15022,kikikaikai_(kikikaikai_chan)
15023,kikimi
15024,kikimifukuri
15025,kikino
15026,kikinoki
15027,kikiriri
15028,kikistark
15029,kikiu_bd
15030,kikivi
15031,kikka_(kicca_choco)
15032,kikkaiki
15033,kikken
15034,kiko
15035,kiko_(kikobooom)
15036,kiko_(okuwae)
15037,kikoka_(mizuumi)
15038,kiku_(kicdoc)
15039,kiku_hitomoji
15040,kikuchi_mataha
15041,kikuchi_michitaka
15042,kikuchi_milo
15043,kikuchi_seiji
15044,kikuchi_tsutomu
15045,kikugawa_roku
15046,kikugetsu
15047,kikuichi_monji
15048,kikumaru_bunta
15049,kikunosukemaru
15050,kikurage_(crayon_arts)
15051,kikurage_(plastic_people)
15052,kikurage_(sugi222)
15053,kikurage_tom.
15054,kikurina
15055,kikuta
15056,kikuta_kouichi
15057,kikuyarou
15058,kikuyoshi_(tracco)
15059,kilabo
15060,kilalesi
15061,kilart
15062,kildir
15063,kilesha
15064,kili_kilio
15065,kiliko-san
15066,killerohan
15067,killingrock
15068,killy_doodle
15069,kilroylw
15070,kilsturgeon
15071,kilva_lollop
15072,kilye_kairi
15073,kim_8thhh
15074,kim_bae-eo
15075,kim_crab
15076,kim_da-yoon
15077,kim_eb
15078,kim_hana
15079,kim_hyung_tae
15080,kim_jin_sung
15081,kim_kwang_hyun
15082,kim_leeyoon
15083,kim_srm
15084,kim_yura_(goddess_mechanic)
15085,kima
15086,kimae
15087,kimagure_blue
15088,kimagure_ringo
15089,kimakkun
15090,kiman
15091,kimarin
15092,kimassi
15093,kimblee
15094,kimchi_(user_mpzz8457)
15095,kimhiro
15096,kimi_(hearty_yuuki)
15097,kimi_tsuru
15098,kimichinoname
15099,kimidake
15100,kimidori_(dera_kimidori)
15101,kimidori_(kimidoriri)
15102,kimidorix32
15103,kimigabuchi
15104,kimihitsuji
15105,kimikimi
15106,kimimaru
15107,kimineri
15108,kimino_tomonari
15109,kimishima_ao
15110,kimitoshiin
15111,kimizuka_aoi
15112,kimleon
15113,kimo_suna
15114,kimochi
15115,kimofest
15116,kimoko
15117,kimoshi
15118,kimoto_kanata
15119,kimsuwan2013
15120,kimtoxic
15121,kimukimu
15122,kimura_(ykimu)
15123,kimura_731
15124,kimura_akiyoshi
15125,kimura_daisuke
15126,kimura_mitsuki
15127,kimura_neito
15128,kimura_shigetaka
15129,kimura_shiki
15130,kimura_shuuichi
15131,kimura_takahiro
15132,kimuti-g
15133,kimuwaipu
15134,kimyo
15135,kin-san_(sasuraiga)
15136,kin_mokusei
15137,kin_niku
15138,kina_(446964)
15139,kinaco_4738
15140,kinagi_(3307377)
15141,kinagi_yuu
15142,kinako_(462)
15143,kinako_(marubotan)
15144,kinako_(moment)
15145,kinako_(mzknk0)
15146,kinako_(nurupoga)
15147,kinako_(shiratama_mochi)
15148,kinakomochi_(testament05)
15149,kinakomochi_(user_vedc2333)
15150,kinakomoti
15151,kinakonato
15152,kinakosuki
15153,kinakotatu
15154,kinari
15155,kinata_(area7)
15156,kinatsu_k
15157,kinatsu_souju
15158,kinbakuman
15159,kincora
15160,kindatsu
15161,kindo
15162,kine-c
15163,kine_(warabi_mk501)
15164,kinese_(katasutorohu)
15165,kinfuji
15166,king_joe_(neoroto)
15167,king_kouta
15168,kingbawoon
15169,kingchenxi
15170,kingin
15171,kingjoshua
15172,kingyo_(user_xyuc7787)
15173,kingyo_114
15174,kinhasu
15175,kiniro_tofu
15176,kinjero
15177,kinjo_kuromomo
15178,kinketsu
15179,kinkuri_(axsc8mjrt)
15180,kinky_queen
15181,kinkymation
15182,kinmedai_pink
15183,kinnan
15184,kinni
15185,kinnikku
15186,kinniku_tarou
15187,kinntarou
15188,kino_(curry_pan)
15189,kino_(kino_buro)
15190,kino_(kino_konomi)
15191,kino_(m6t2a)
15192,kino_haruc
15193,kino_hazuki
15194,kino_kokko
15195,kinocopro
15196,kinoebi
15197,kinoeneko
15198,kinohara_hikaru
15199,kinohara_kossuta
15200,kinoji
15201,kinokko
15202,kinoko_(hkn)
15203,kinoko_(kino2435006)
15204,kinoko_(shikimylove)
15205,kinokohime
15206,kinokoko-kino
15207,kinokomushi
15208,kinokosuke
15209,kinokoutarou
15210,kinom_(sculpturesky)
15211,kinomi_3030
15212,kinomiki
15213,kinomiki_nobori
15214,kinona
15215,kinoniku
15216,kinoruru_toiro
15217,kinos_(kw00789)
15218,kinosaki
15219,kinosaki_(green_patio)
15220,kinosaki_yuki
15221,kinoshita_(air_hike)
15222,kinoshita_ichi
15223,kinoshita_jiroh
15224,kinoshita_kou
15225,kinoshita_neko
15226,kinoshita_sakura
15227,kinoshita_tomotake
15228,kinoshita_tsubomi
15229,kinosuke_(pattaba)
15230,kinosuke_(sositeimanoga)
15231,kinou_no_shika
15232,kinryuu
15233,kinsatsu_(grizzled)
15234,kinsenka
15235,kinsenka_momi
15236,kinsuke_z
15237,kinta_(distortion)
15238,kintaro
15239,kintarou_(kintarou's_room)
15240,kinty
15241,kinubari_nerune
15242,kinugasa_yuuichi
15243,kinuko_(kinucakes)
15244,kinunuko
15245,kinutani_yutaka
15246,kinyouny
15247,kinzaibatsu91
15248,kio_is_here
15249,kio_rojine
15250,kio_shimoku
15251,kiomota
15252,kion-kun
15253,kionant
15254,kionaoki
15255,kiora06
15256,kiosk_(artist)
15257,kippeijii
15258,kippu
15259,kippuru
15260,kir_(khw66136132)
15261,kira_(kira78718520)
15262,kira_(kira_dra)
15263,kira_boshi27
15264,kira_kazuki
15265,kira_keita
15266,kira_ura_(kinkoku_warabeji)
15267,kira_yukishiro
15268,kirabunni
15269,kiragera
15270,kirai_y
15271,kiraki
15272,kiral_kuota
15273,kiramarukou
15274,kiramashi_(satsujinki)
15275,kirame_kirai
15276,kirameki_(rikukaikuu)
15277,kirameki_haruaki
15278,kiran_(kiranpln)
15279,kirani
15280,kirari_(kira_rin9)
15281,kirarin369
15282,kirby_d_a
15283,kirero
15284,kiri_(0218htt)
15285,kiri_(2htkz)
15286,kiri_(lwp01_lav)
15287,kiri_celea
15288,kiri_futoshi
15289,kiri_toichi
15290,kiria021
15291,kirieppa
15292,kirifrog
15293,kirigakure_(iroiro_tsukauyo)
15294,kirigakure_(kirigakure_tantei_jimusho)
15295,kirigaya_yuuji
15296,kirihane
15297,kirihara_izumi
15298,kirihara_natsuki
15299,kirikan_(cokekiri)
15300,kirikawa_ikumu
15301,kirikaze_ren
15302,kiriki_haruomi
15303,kirikirimai_(kkm)
15304,kiriko_(araragikoyomi)
15305,kirikuchi_riku
15306,kirima_(user_danf8787)
15307,kirima_(zs_at_)
15308,kiriman_(souldeep)
15309,kirimatsu
15310,kirimmitsu
15311,kirimori_toya
15312,kirimoya
15313,kirin3145
15314,kirin_(suzoke_1)
15315,kirin_13
15316,kirin_kakeru
15317,kirin_tarou
15318,kirin_toroika
15319,kirinkirin
15320,kirino_kasumu
15321,kirino_souya
15322,kiriririn
15323,kirisaki_(gin16k)
15324,kirisaki_akihito
15325,kirisaki_byakko
15326,kirisaki_reina
15327,kirisaki_seeker
15328,kirisaki_shuusei
15329,kirisame0729
15330,kirisame_mia
15331,kirisame_oreo
15332,kirisame_tarou
15333,kirisamede_gzr
15334,kirisato_itsuki
15335,kirisawa_juuzou
15336,kirisawa_saki
15337,kirisawa_tokito
15338,kirise_mitsuru
15339,kirishima_riona
15340,kirishima_satoshi
15341,kirishina_(raindrop-050928)
15342,kirisita
15343,kirita_(noraring)
15344,kirita_asami
15345,kiritani846
15346,kiritani_(marginal)
15347,kiritomo_koroha
15348,kiritto
15349,kiritzugu
15350,kiriu
15351,kiriuzasu
15352,kiriya_(552260)
15353,kiriya_(aprikose_0312)
15354,kiriyama
15355,kiriyama2109
15356,kiriyama_machi
15357,kiriyama_taichi
15358,kiro_(kirotayu)
15359,kirome_(kamipaper)
15360,kirome_toru_2
15361,kiroshi
15362,kirou_(kiruyuu1210)
15363,kirschma
15364,kirtome
15365,kiru_(bsesso)
15366,kiru_(m_putorius)
15367,kirudai
15368,kirushi_(killcy)
15369,kirusu
15370,kiruto_(artar_12)
15371,kiryu_manzoku
15372,kiryuu_aoko
15373,kiryuu_makoto
15374,kiryuu_suruga
15375,kiryuu_takahisa
15376,kis_sako
15377,kisa_(k_isa)
15378,kisa_(kisa-kisa5900)
15379,kisa_(leg3043)
15380,kisairo_kaede
15381,kisaki_nana
15382,kisaki_oni
15383,kisaki_yuu
15384,kisamu_(ksmz)
15385,kisara_mikami
15386,kisaragi_chiyuki
15387,kisaragi_gunma
15388,kisaragi_hina
15389,kisaragi_ichigo
15390,kisaragi_kaya
15391,kisaragi_kokoro_(hazuki)
15392,kisaragi_koushi
15393,kisaragi_miyu
15394,kisaragi_miyuki
15395,kisaragi_mizu
15396,kisaragi_nana
15397,kisaragi_pana
15398,kisaragi_ryou_(sougetsu-tei)
15399,kisaragi_shokuin
15400,kisaragi_tsurugi
15401,kisaragi_yakumo
15402,kisaragi_yaya
15403,kisaragi_you
15404,kisaragi_yuki
15405,kisaragi_yuri
15406,kisaragi_yuu_(fallen_sky)
15407,kisaragi_yuu_(re_lucks)
15408,kisasage_kouta
15409,kise_(swimmt)
15410,kise_inaka
15411,kise_itsuki
15412,kisei2
15413,kisekiii_25
15414,kisekisaki
15415,kisetsu
15416,kisetsu_kinoko
15417,kishi_nisen
15418,kishi_takuya
15419,kishi_torajirou
15420,kishibe
15421,kishida-shiki
15422,kishida_mel
15423,kishida_shiki
15424,kishimasa
15425,kishimen
15426,kishimen_udn
15427,kishimoto_masashi
15428,kishinaito
15429,kishiro_azuhito
15430,kishizuka_kenji
15431,kiske
15432,kiso_(wjnomcuzqmdjcql)
15433,kisou_(kisou00)
15434,kissshotmagia
15435,kistina
15436,kisugi_akira
15437,kisui_(28992125)
15438,kisumi_rei
15439,kisuu
15440,kisuu_(oddnumberr_)
15441,kit_(kit7lq)
15442,kit_(studio)
15443,kita_(7kita)
15444,kita_(kitairoha)
15445,kita_no_shinya
15446,kita_senju
15447,kita_senri
15448,kitada
15449,kitada_mo
15450,kitagawa_mikio
15451,kitagawa_unagi
15452,kitahama_(siroimakeinu831)
15453,kitahara_aki
15454,kitahara_tomoe_(kitahara_koubou)
15455,kitajima_yuuki
15456,kitakawayui
15457,kitaku_(nakamachi_machi)
15458,kitamura_(bamboo)
15459,kitamurashu
15460,kitano_(kitanosnowwhite)
15461,kitano_tomotoshi
15462,kitano_yuusuke
15463,kitanxjk
15464,kitara_koichi
15465,kitasaya_ai
15466,kitatyoco
15467,kitaura_kasumi
15468,kitaya
15469,kitayama_miuki
15470,kitayu
15471,kitayuki_kajika
15472,kitazawa_(embers)
15473,kitazinger
15474,kitazume_hiroyuki
15475,kitazume_kumie
15476,kitchupsandwich
15477,kiteman442
15478,kitere
15479,kithera
15480,kitin
15481,kitiroku
15482,kito_(clamp5656)
15483,kito_(coyo)
15484,kito_(kito2)
15485,kito_(sorahate)
15486,kito_koruta
15487,kitora_(kisekinonameko)
15488,kitou_en
15489,kitou_kaitai
15490,kitou_saji
15491,kitou_sakeru
15492,kitsun8
15493,kitsune-neko
15494,kitsune-tsuki_(getter)
15495,kitsune23star
15496,kitsune_(kazenouta)
15497,kitsune_(scaz)
15498,kitsune_choukan
15499,kitsune_maru
15500,kitsune_udon_(ai_br)
15501,kitsunebi_v3kokonn
15502,kitsuneco
15503,kitsunekotori
15504,kitsuneno_denpachi
15505,kitsunetsuki_itsuki
15506,kitsuta
15507,kittaka_kaname
15508,kittan_(cve27426)
15509,kittenlochen
15510,kittew
15511,kittona
15512,kitty_keihara
15513,kittymiya
15514,kity1211_tetsu
15515,kiu_(dear_deer)
15516,kiui_(dagk8254)
15517,kiukoma
15518,kiunchiku
15519,kiusagi_sanae
15520,kivavis
15521,kive
15522,kivo
15523,kiwakiwa
15524,kiwamu
15525,kiwi_of_ruin
15526,kiwwwwwi
15527,kiya
15528,kiya_hajime
15529,kiya_machi
15530,kiya_shii
15531,kiyakyuu
15532,kiyama_satoshi
15533,kiyo_(a_sam_ko)
15534,kiyo_(chaoschyan)
15535,kiyo_(kyokyo1220)
15536,kiyochii
15537,kiyohara_hiro
15538,kiyohisa
15539,kiyoi_(gyhw8444)
15540,kiyoichi_(acacia_soukyoukai)
15541,kiyomasa_ren
15542,kiyomin
15543,kiyomiya
15544,kiyonaka_rei
15545,kiyonetto
15546,kiyono_(_kiyotsugu)
15547,kiyosato_0928
15548,kiyose_akame
15549,kiyoshi_st
15550,kiyosumi_hurricane
15551,kiyu_fuyuki
15552,kiyu_rei
15553,kiyuu
15554,kiyuzuki_satoko
15555,kiza_minegi
15556,kizaki_(volvox)
15557,kizaki_aoi
15558,kizaki_yuuri
15559,kizami_nori_to_yamaimo
15560,kizinori
15561,kizu_natsuki
15562,kizuki_aruchu
15563,kizuki_erika
15564,kizuki_miki
15565,kizuki_rei
15566,kizukisai
15567,kizuta_(barometz)
15568,kj_(k777)
15569,kji_(rozo)
15570,kk724
15571,kk90
15572,kk_(kkgame7733)
15573,kkaags
15574,kkaebing
15575,kkaiju
15576,kkam-sang
15577,kkamiiz
15578,kkato
15579,kkcoocool
15580,kkia
15581,kkix25
15582,kkkula_(kula)
15583,kkochmeli
15584,kkokko
15585,kkong_x
15586,kkopoli
15587,kkr_rkgk
15588,kkry99
15589,kkuekkue_(chifer1958)
15590,kkuem
15591,kkuni
15592,kkusak_(kkusag_ks)
15593,kkuwa
15594,kky
15595,kkzk61539201
15596,klaeia
15597,klaius
15598,klash
15599,klegsart
15600,kleinlight
15601,klimspree
15602,kloah
15603,klopsiak
15604,kluverdesigns
15605,km2o4
15606,km_(ksolee1201)
15607,km_yama
15608,kmbk
15609,kmbk0209
15610,kmcgold30
15611,kmes_niku
15612,kmikan
15613,kmitty
15614,kmkz-art
15615,kmnk_(kumanuko)
15616,kmnm_1403
15617,kmp_(kenma_pro)
15618,kmvt
15619,kn001215
15620,knatb
15621,knbd
15622,knbilove
15623,knck
15624,kneeichigo
15625,kng_roo
15626,knhb_tail
15627,knhrpnkt
15628,knifedragon
15629,knight_fault
15630,knight_of_cydonia
15631,knightfang
15632,knives_(knives777)
15633,kno1
15634,kno_(anahita)
15635,knokzm
15636,knora
15637,knosdeba
15638,knowa
15639,knowname
15640,knt02142769
15641,kntrs_(knyrs)
15642,knucklecurve
15643,knuxy
15644,ko-chin
15645,ko-on_(ningen_zoo)
15646,ko_(kochan_pr)
15647,ko_kita
15648,ko_yu
15649,koafreedraw
15650,koahri
15651,koaki
15652,koaraya
15653,koari
15654,koaya
15655,koba
15656,koba_(jdhikdjdkfiwufh)
15657,koba_(kobako42)
15658,kobabayashi0704
15659,kobacha_(ochakoba)
15660,kobaji
15661,kobamiso_(kobalt)
15662,kobanzame
15663,kobanzame_omo
15664,kobashi
15665,kobashi_daku
15666,kobassy
15667,kobayashi_(jna_x_rgh)
15668,kobayashi_(oksk0x0)
15669,kobayashi_chisato
15670,kobayashi_chizuru
15671,kobayashi_gen
15672,kobayashi_hiyoko
15673,kobayashi_kabura
15674,kobayashi_nyoromichi
15675,kobayashi_ritz
15676,kobayashi_tetsuya
15677,kobayashi_yoshitaka
15678,kobayashi_yuuji
15679,kobayuu
15680,kobeni
15681,kobeya_(tonari_no_kobeya)
15682,kobi420
15683,kobi_(piliheros2000)
15684,kobiemon
15685,kobinbin
15686,kobo_(cobo_0609)
15687,kobone
15688,kobone_awaki
15689,kobuichi
15690,kobuta
15691,kobutanori
15692,kobuushi
15693,kocha_(jgug7553)
15694,kochipu
15695,kochiya_(gothope)
15696,kochiya_hizuki
15697,kochiya_tenko
15698,kocho_15
15699,kochoko
15700,kock_k
15701,kocona
15702,koda1ra
15703,kodachi_(kuroyuri_shoukougun)
15704,kodama_(koda_mat)
15705,kodama_(mmt_uf)
15706,kodama_(wa-ka-me)
15707,kodama_naoko
15708,kodama_yuu
15709,kodama_yuuki
15710,kodamari
15711,kodamasawa_izumi
15712,kodamazon
15713,kodera_ju
15714,kodou_mikoto
15715,kodouirasto
15716,kodue55
15717,koebushi_(mat)
15718,koeda0111
15719,koeda_(k83_4)
15720,koeda_(koeda1kg)
15721,koenza_botoke
15722,koeri
15723,kofa_(ikyurima)
15724,kofi-mo
15725,koflif
15726,kofumi_(nxme5555)
15727,kofunami_nana
15728,kofuyu_(cofyuuun)
15729,koga_makoto
15730,koga_rejini
15731,kogaku_kazuya
15732,kogalashi
15733,kogame
15734,kogane_(staygold)
15735,kogane_mushi
15736,kogarashi_(wind_of_winter)
15737,kogarashi_8
15738,kogarashi_tobi
15739,kogatarou
15740,kogawawaki
15741,koge_donbo
15742,kogetail
15743,kogome_(azalea4)
15744,kogomiza
15745,kogorooz
15746,koh_(minagi_kou)
15747,koh_rd
15748,koha
15749,kohakope
15750,kohaku_(csacu)
15751,kohaku_(kohagura)
15752,kohaku_muro
15753,kohaku_q
15754,kohaku_sogo
15755,kohakugin
15756,koharu1807
15757,koharu2.5
15758,koharumichi
15759,kohata_(kohatazuke)
15760,kohatsuka
15761,kohe_billialot
15762,kohige
15763,kohinata_hoshimi
15764,kohinata_raichi
15765,kohinata_sora
15766,kohinore
15767,kohiu
15768,kohsaka_jun
15769,kohshibasaki
15770,koi_(koisan)
15771,koi_(nisikicoi)
15772,koi_drake
15773,koi_han
15774,koikawa_minoru
15775,koikawasachi
15776,koike3582
15777,koikeya
15778,koikeya_(keroro7)
15779,koiliblikas
15780,koin_(foxmark)
15781,koio
15782,koiori
15783,koirariko
15784,koishi_(kiwi0314)
15785,koishi_chikasa
15786,koishikawa
15787,koiso_usu
15788,koissa
15789,koizumi_amane
15790,koizumi_arata
15791,koizumi_kazuaki_production
15792,koizumo
15793,koji_(kohei66)
15794,koji_(koji-a)
15795,koji_(kojikojimdw)
15796,koji_(wildlhz)
15797,kojijima
15798,kojiki-life
15799,kojikoji
15800,kojima_(blue_stardust)
15801,kojima_ayami
15802,kojima_hirokazu
15803,kojima_saya
15804,kojima_takashi
15805,kojima_takeshi
15806,kojiro337
15807,kojirou!
15808,kojo_(0124)
15809,kojocho05
15810,kojou
15811,kok_(kokenn)
15812,kokaki_mumose
15813,kokashiho
15814,koke_ojisan
15815,kokechan
15816,kokechankokko
15817,kokekokko_coma
15818,kokemomo_(makesound)
15819,kokemozuku
15820,kokemushi_(kuru_fox)
15821,kokenashi
15822,kokesa_kerokero
15823,kokeshi_(yoi_no_myoujou)
15824,koketsu_(koketsu-ya)
15825,koki_(latte1023)
15826,koki_(ryoushikiha)
15827,kokihanada
15828,kokiya
15829,kokka_han
15830,kokko_(014kko)
15831,kokko_(kokko3045)
15832,kokman
15833,koko_(koko3)
15834,koko_(oyasuminasai)
15835,koko_sokodoko
15836,kokoa_ninniku
15837,kokollet
15838,kokolokokomika
15839,kokomachi
15840,kokomi_(aniesuakkaman)
15841,kokone_(coconeeeco)
15842,kokonex
15843,kokono_coco
15844,kokonoe826
15845,kokonoe_miya
15846,kokonoha_mikage
15847,kokonoka
15848,kokora_(kokorahen)
15849,kokorominton
15850,kokorono_arika
15851,kokorori-p
15852,kokorozashi
15853,kokosando
15854,kokose
15855,kokoshira_0510
15856,kokotendon
15857,kokotetsu
15858,kokouno_oyazi
15859,kokowoch
15860,kokoyashi
15861,koku
15862,kokudou_juunigou
15863,kokujuuji
15864,kokukokuboo
15865,kokukyukeo
15866,kokumotsu
15867,kokumu
15868,kokura_masashi
15869,kokuriu
15870,kokusan_moyashi
15871,kokusoji
15872,kokutan_kitsunen
15873,kokuto_(kurousagi1210)
15874,kokutou_nikke
15875,kokuya_(kokuya28)
15876,kokuyouseki
15877,kokuzou
15878,kokuzu
15879,kol49
15880,kollerss
15881,kolshica
15882,koma_(km_mmmk)
15883,koma_heron
15884,koma_kitsune_(kururito)
15885,koma_midori
15886,koma_neko
15887,koma_tori
15888,koma_yoichi
15889,komachi_narota
15890,komachi_pochi
15891,komadera
15892,komagoma
15893,komaichi
15894,komainu_(yamaha1997)
15895,komainu_channel
15896,komakoma_(magicaltale)
15897,komaku_juushoku
15898,komame_(st_beans)
15899,komano_shia
15900,komari_mhy
15901,komasawa_(fmn-ppp)
15902,komase_(jkp423)
15903,komasi
15904,komatsu2536
15905,komatsu_(sakanae)
15906,komatsu_eiji
15907,komatsuzaki_rui
15908,komazuki_(komaworks240)
15909,komb
15910,kome_(vm500)
15911,kome_1022
15912,kome_cola
15913,komegura
15914,komeko_meko_(mecolate)
15915,komena_(shinyday312)
15916,komeo
15917,komepan
15918,komesan_0212
15919,komeshiro_kasu
15920,kometsubu
15921,kometubu0712
15922,komi_(komiking)
15923,komi_shin'ya
15924,komi_zumiko
15925,komimiyako
15926,komine
15927,komiojisan
15928,komipe512
15929,komiru
15930,komiya_harumoto
15931,komiya_hitoma
15932,komiya_kuniharu
15933,komiya_latte
15934,komiya_nigi
15935,komiyam_a
15936,komo_da
15937,komodo
15938,komomo_(2899)
15939,komomo_(ptkrx)
15940,komone_ushio
15941,komor_yuki
15942,komore
15943,komoreg
15944,komori_(komo_ricecake)
15945,komori_kei
15946,komori_kuzuyu
15947,komorihikki
15948,komota_(kanyou_shoujo)
15949,komowata_haruka
15950,kompeitou_(lemon_garden)
15951,komuer
15952,komugi_(2212)
15953,komugi_(mugiwaraclub)
15954,komugiko
15955,komugiko_(bitte_komu)
15956,komugiko_no_mori
15957,komupi
15958,komura_hiroto
15959,komurapk
15960,komurice
15961,komusou_(jinrikisha)
15962,komusou_(komusou1)
15963,komuzuka
15964,kon-kit
15965,kon5283
15966,kon_(kdash)
15967,kon_(kin219)
15968,kon_manatsu
15969,kona_ming
15970,kona_sleipnir
15971,konabetate
15972,konagi_(konotuki)
15973,konagonana
15974,konakona
15975,konanbo
15976,konarofu
15977,konase_(non_stop!)
15978,konasu_(sndk1480)
15979,konata_(knt_banri)
15980,konata_gazel
15981,konataeru
15982,konato_k
15983,konatsu_hare
15984,konatsu_karasu
15985,konatsu_miyu
15986,konayama_kata
15987,konbanwa01
15988,konbari_tariumu
15989,konboi-eg
15990,konbu_ame
15991,konbu_wakame
15992,konbuni
15993,konchi_(63438789)
15994,konchiki
15995,kondoru
15996,kondou_(acid)
15997,kondou_ryunosuke
15998,kondou_totetsu
15999,koneko_(nonnkimono)
16000,koneko_mari
16001,konekoneko_(konekopi)
16002,konekoneko_(pixiv_21272648)
16003,konery_(reasonyou)
16004,konetaa
16005,konfuzikokon
16006,kong_lang_(skywave)
16007,kong_tiao_bo_zi
16008,kongari_tokei
16009,kongarisalmon
16010,kongbai
16011,kongbai_huanxiang
16012,kongeraatio
16013,kongsi
16014,kongya
16015,konimaru
16016,koniro
16017,konishi_(koconatu)
16018,konishiki_(52siki)
16019,konjiki_ringo
16020,konka
16021,konkichi_(flowercabbage)
16022,konkito
16023,konmori_(kinbou_sokai)
16024,konna-nani
16025,konno_akikaze
16026,konno_kengo
16027,konno_takashi
16028,konno_tohiro
16029,konnyaku_(yuukachan_51)
16030,kono2noko
16031,kono_(xerondan321)
16032,kono_sanorou
16033,konoe_(fogtracks)
16034,konoe_ototsugu
16035,konoe_yuba
16036,konoekihei
16037,konogi_nogi
16038,konoha217
16039,konohana
16040,konohana_saku
16041,konohanaya
16042,konohoshi
16043,konoike_(pepe_expect)
16044,konokiya
16045,konome_noi
16046,konoquro
16047,konori_(ahurerukuiizi)
16048,konoshige_(ryuun)
16049,konoshita_kiyomasa
16050,konota_ko
16051,konoyan
16052,konparu_uran
16053,konpe_itou
16054,konpeitoull_(c12h22o11_tr_6)
16055,konpeto
16056,konpotsu
16057,konshin
16058,konsu_konsuke
16059,kontahsm
16060,konya_karasue
16061,kooan
16062,kooei
16063,kooemong
16064,koohee
16065,kooji_(macoji)
16066,kook
16067,koomoi
16068,koonowen
16069,koooogasya
16070,koopo
16071,koori
16072,koorimizu
16073,kootee-on
16074,kopa_nishikida
16075,kopaka_(karda_nui)
16076,kopianget
16077,koppe_koppe
16078,kopperion
16079,koraku_gekki
16080,korandamu
16081,kore_(korewa13th)
16082,koremata_shikari
16083,koretsuki_azuma
16084,koretsuna
16085,koriarredondo
16086,korie_riko
16087,korisei
16088,kornart
16089,kornod
16090,koro_(tyunnkoro0902)
16091,korogoro_(mago0057)
16092,korokor59513559
16093,korokoro_cat
16094,korokoro_daigorou
16095,korokoro_nekoz
16096,koromo_(kinu)
16097,koromo_take
16098,koromoya
16099,korona
16100,koroneri
16101,koroni_(nkrgs)
16102,korotsuke
16103,koroyarou
16104,korpokkur_kne
16105,korshokor
16106,koru_koruno
16107,koru_pera
16108,korunosabu
16109,koruri
16110,koruse
16111,koruta_(nekoimo)
16112,koryuu_(gackter10)
16113,kos-owl
16114,kosai_takayuki
16115,kosaki_wit
16116,kosame_daizu
16117,kosame_koori
16118,kosencha
16119,kosherea
16120,koshian_(taiyaki)
16121,koshianpancake
16122,koshigaya_tatsumi
16123,koshika_rina
16124,koshimizu_takayuki
16125,koshio
16126,koshiro_itsuki
16127,koshou_shichimi
16128,koshou_shou_mitsu
16129,kosmos_beta
16130,koso2023
16131,kosobin
16132,kosokosomaru_(higashi_taishi)
16133,kosshii_(masa2243)
16134,kosubi_(tsuneta328)
16135,kosuda
16136,kosuke_(bb)
16137,kosuke_haruhito
16138,kosuke_orz
16139,kosumi
16140,kosumo
16141,kosuzume
16142,kota_2kx
16143,kotaka
16144,kotaken
16145,kotamaru_(pajama_soft)
16146,kotamota
16147,kotamun
16148,kotaro-nosuke
16149,kotarou_(kot_mochi)
16150,kotarou_(rakugaki_shirushi)
16151,kotarou_(yukina1721)
16152,kotaroukuroo
16153,kotatiyu
16154,kotatsu-mazoku
16155,kotatsu-spirit
16156,kotatsu_(g-rough)
16157,kotatsu_(kotatsu3)
16158,kotatsu_kaya
16159,kotatu_(akaki01aoki00)
16160,kote_(dew)
16161,kotera_ryou
16162,kotikomori
16163,koto_(colorcube)
16164,koto_(shiberia39)
16165,koto_inari
16166,koto_seori
16167,koto_suomi
16168,koto_tsubane
16169,kotoba_(1074421015)
16170,kotoba_noriaki
16171,kotobuki_(medetai)
16172,kotobuki_(momoko_factory)
16173,kotobuki_(stealth_sendan)
16174,kotobuki_(tiny_life)
16175,kotobuki_hajime
16176,kotobuki_haruki
16177,kotobuki_nashiko
16178,kotobuki_toro
16179,kotobuki_tsukasa
16180,kotobuki_utage
16181,kotobukkii_(yt_lvlv)
16182,kotodekun
16183,kotoha_(kotoha65)
16184,kotohane
16185,kotohatoko510
16186,kotoji
16187,kotojima_motoki
16188,kotoko0
16189,kotokoto_(jumon)
16190,kotokoto_(vibgyor)
16191,kotomaru_(sirouko9511)
16192,kotomi_(happy_colors)
16193,kotomozou
16194,kotomuke_fuurin
16195,kotone_(kotone11152)
16196,kotone_a
16197,kotone_ranmaru
16198,kotono
16199,kotorai
16200,kotoribako
16201,kototoki
16202,kotou_(ko-tou)
16203,kotou_yogen
16204,kotowari_(newtype_kenkyuujo)
16205,kotowaza
16206,kotoyama
16207,kotoyoshi_yumisuke
16208,kotsu
16209,kotsuru_kari
16210,kotteri
16211,kottungyang
16212,kou1
16213,kou11021301
16214,kou_(garakuta_teikoku)
16215,kou_(haijindeath)
16216,kou_(spad7u59)
16217,kou_2008
16218,kou_futoshi
16219,kou_hiyoyo
16220,kou_mashiro
16221,kouba
16222,koubou_(cowbow_kun)
16223,koucha_(nodoka-123)
16224,koucha_(sr4ez)
16225,koucha_indian
16226,koucha_maru
16227,kouchou
16228,kouda_hayato_(e-gis)
16229,kouda_suzu
16230,kouda_tomohiro
16231,koufukutei_yumeko
16232,kouga_(mutsumi)
16233,kouga_yun
16234,kougi_hiroshi
16235,kouguchi_moto
16236,kouhara_yuyu
16237,kouhei_(sxmas)
16238,kouhiipan
16239,kouichi_(kouichi-129)
16240,kouichi_eiji
16241,kouichirou
16242,kouji_(astral_reverie)
16243,kouji_(campus_life)
16244,kouji_(kari)
16245,koujima_shikasa
16246,koujisako
16247,koujouchou
16248,kouka_(mrakano5456)
16249,kouki_kuu
16250,kouko
16251,koukoku
16252,koukou_(climacool)
16253,koukoutou_(seikoutoutei)
16254,koukyouji
16255,koume_keito
16256,koumei_(harmonizer)
16257,koumei_(twinameless)
16258,koumimi
16259,koumo
16260,kouno_(masao)
16261,kouno_(uiyoyo199)
16262,kouno_hikaru
16263,kouno_ibuki
16264,kouno_sachiko
16265,kounoike_tsuyoshi
16266,kounosu_satori
16267,koureikyou_kou
16268,kourou_(kouroukun)
16269,kourourin
16270,kourui
16271,kous_(onetwojustice)
16272,kousa_(black_tea)
16273,kousaka_0v0
16274,kousaka_nobaku
16275,kousaki_rui
16276,kousaku
16277,kousei_(public_planet)
16278,kousei_horiguchi
16279,kousetsu
16280,kousetu0506
16281,koushi_rokushiro
16282,koushuiba
16283,kousi_sirazawa
16284,kouson_q
16285,kousuke0912
16286,kousuke_(ko_suke)
16287,kouta.
16288,koutaro
16289,koutarosu
16290,koutarou_(farthest)
16291,koutarou_(girl_power)
16292,koutarou_(plusdrive)
16293,koutate
16294,koutei_teki
16295,koutetsu_(fe_steel_stone)
16296,koutetu_yarou
16297,koutetunamekuji
16298,kouya_(kyk428)
16299,kouya_toufu
16300,kouyafu
16301,kouzaka_kouhei
16302,kouzidaren
16303,kouzilow
16304,kouzuki_(majc8345)
16305,kouzuki_(reshika213)
16306,kouzuki_fukurou
16307,kouzuki_hajime
16308,kouzuki_kei
16309,kouzuki_tsubasa_(musou_kaidou)
16310,kowai_(iamkowai)
16311,kowiru
16312,koya
16313,koya_(0okoya)
16314,koya_(koya_x_00)
16315,koyama_harutarou
16316,koyama_hirokazu
16317,koyama_rikako
16318,koyama_sao
16319,koyama_shigeru
16320,koyama_shigeto
16321,koyane_(silver81106)
16322,koyansuee
16323,koyashaka
16324,koyaya
16325,koyo_aki_(vtvd5277)
16326,koyo_akio
16327,koyoi_(ruka)
16328,koyoi_mitsuki
16329,koyoinacho
16330,koyoka
16331,koyomania
16332,koyomisa
16333,koyomiuta
16334,koyopi
16335,koyorin
16336,koyoshi_yoko
16337,koyubi_(littlefinger1988)
16338,koyubi_maru
16339,koyubi_right
16340,koyubisennti
16341,koyubita
16342,koyuiko
16343,koyuki_(azumaya999)
16344,koyuki_(kotatsu358)
16345,koyuri_shouyu
16346,koyuuuuuuuuuuu
16347,koza900
16348,koza_game
16349,kozaki_yuusuke
16350,kozakura_(dictionary)
16351,kozakura_(i_s_15)
16352,kozato_(yu_kozato)
16353,koze_niire
16354,kozeni_isari
16355,kozomezuki
16356,kozou_(rifa)
16357,kozou_kazaru
16358,kozsen_810290
16359,kozu_(bloomme1_me)
16360,kozue_akari
16361,kozuka_yasushi
16362,kozureokami20
16363,kozy
16364,kozzz_y
16365,ko~cha
16366,kr_ohoshisama
16367,krab_(fumekrab)
16368,krabbytheartist
16369,krabking
16370,kradebii
16371,krakelak
16372,krao
16373,krazehkai
16374,kredorf
16375,krekkov
16376,krenz
16377,kreuzer_00
16378,krill55
16379,krin_(krinnin)
16380,krirk
16381,kriss_sison
16382,kristallion
16383,krit
16384,krjenl
16385,krkm_hks
16386,krokobyaka
16387,krono_tokage
16388,krs_(karasu)
16389,krt736
16390,krudears
16391,krumbs_(dailykrumbs)
16392,krusier
16393,krutta_fan
16394,krystopher_decker
16395,ks_(xephyrks)
16396,ks_aya_(gztm4838)
16397,ksenolog
16398,ksfactory
16399,kshimu
16400,ksk_(semicha_keisuke)
16401,kso
16402,ksuke_(k-taro31)
16403,kt
16404,kt._(kaisou-notagui)
16405,kt_kkz
16406,ktgrtos
16407,ktm
16408,ktokei_(kurokku-tokei)
16409,ktovhinao
16410,ktrtokyo
16411,ktsecond
16412,ktsis
16413,kty_(04)
16414,ku-ba
16415,ku-ini
16416,ku_(residual666)
16417,ku_roiko
16418,kuangtai_(amami_ryoko)
16419,kuase
16420,kuavera
16421,kubaushi
16422,kubo_tite
16423,kubocha
16424,kuboken
16425,kubomi_943
16426,kubong
16427,kubonouchi_eisaku
16428,kuboshun
16429,kubota_masaki
16430,kubota_shinji
16431,kubyou_azami
16432,kuca_(ku_ca18)
16433,kuchi_~ie
16434,kuchiba_(jret2454)
16435,kuchibashi_(9180)
16436,kuchitani
16437,kuconoms
16438,kudamono25253
16439,kudan_(kudan4429)
16440,kudayunii
16441,kudo_(user_dzch8572)
16442,kudou_(gst910)
16443,kudou_(ooabareteng)
16444,kudou_akira
16445,kudou_maimu
16446,kudou_makoto
16447,kudoukudokudo
16448,kudpoid_(71139)
16449,kuen_(kuennn12)
16450,kuena
16451,kuga_hotaru
16452,kuga_huna
16453,kuga_tsukasa
16454,kuga_tsuniya
16455,kuga_yoshito
16456,kuga_zankurou
16457,kugara4423
16458,kugatsu_tooka
16459,kugelschreiber
16460,kugi_(kugi-xiv)
16461,kugi_baketu
16462,kugi_ta_hori_taira
16463,kugimiya_atsuki
16464,kugiseiichi
16465,kugui_kiyunemu
16466,kuguri_oimo
16467,kuhl-notes
16468,kuhotaka
16469,kuhuku006f86
16470,kui_ryouko
16471,kuilaogouhuabudongle
16472,kuinji_51go
16473,kujikimi
16474,kujira_gunsou
16475,kujira_hebi
16476,kujira_jio
16477,kujira_lorant
16478,kujira_naoto
16479,kujira_pasta
16480,kujiramaru
16481,kujiran
16482,kujiraoka
16483,kujo_awenn
16484,kujou_danbo
16485,kujou_ichiso
16486,kujou_karasuma
16487,kujou_mikuru
16488,kujou_non
16489,kujuu_shikuro
16490,kujya
16491,kukatsuma
16492,kuki_panda_(wkdwnsgk13)
16493,kuki_tan
16494,kukie-nyan
16495,kukiha
16496,kukimaru
16497,kukka
16498,kukkumann
16499,kukkuru
16500,kuko
16501,kukoi
16502,kuku123
16503,kuku_px
16504,kukua_(mosushi)
16505,kukuchi581
16506,kukumomo
16507,kukurus
16508,kukuruyo
16509,kulissara-aung
16510,kulolin
16511,kuma-bound
16512,kuma20151225
16513,kuma_(bloodycolor)
16514,kuma_(crimsonvanilla)
16515,kuma_(jk0073)
16516,kuma_(kumahoihoi)
16517,kuma_daigorou
16518,kuma_jet
16519,kuma_no_bansoukou
16520,kuma_piv
16521,kuma_xylocopa
16522,kuma_yuu
16523,kumaane
16524,kumaartsu
16525,kumabachi315
16526,kumacchi
16527,kumaccyo
16528,kumada_gaon
16529,kumada_kazushi
16530,kumadano
16531,kumagai_haito
16532,kumagai_yuka
16533,kumagitsune
16534,kumah_dessu
16535,kumahara
16536,kumaisao
16537,kumakichi_(cost-lost)
16538,kumakichi_(toshigat)
16539,kumako_(kumakonoh)
16540,kumako_(sono328)
16541,kumakoro_(tetsupag)
16542,kumakosion
16543,kumakou
16544,kumamiya
16545,kumamoto_(bbtonhk2)
16546,kumamoto_aichi
16547,kumamu
16548,kumaneko
16549,kumaneko_(kumaneko1138)
16550,kumano09_(yaecha0)
16551,kumano_iroha
16552,kumanoko
16553,kumanomi
16554,kumanooppo
16555,kumanz
16556,kumao_mofumofu
16557,kumaori
16558,kumarang
16559,kumasan_(kumazonjp)
16560,kumasawa_(dkdkr)
16561,kumashou_(nabeyama_kaidou)
16562,kumasteam
16563,kumasyan1998
16564,kumatangent
16565,kumatani
16566,kumatora_tatsumi
16567,kumatoshi
16568,kumatsuki_(no-kirin)
16569,kumauwo
16570,kumehara_chiyota
16571,kumeki_(kk4615)
16572,kumeta_kouji
16573,kumichou_(ef65-1118-ef81-95)
16574,kumichou_(kumichoubox)
16575,kumichou_(nakasato-gumi)
16576,kumiko_shiba
16577,kumita_(sumica)
16578,kumiyabe
16579,kumo33
16580,kumo_(kumo8159)
16581,kumo_(kumo_hsc0216)
16582,kumo_(mokumoku_warabi)
16583,kumo_ryuun
16584,kumo_tabetai
16585,kumo_zd
16586,kumoi_sora
16587,kumoi_takashi
16588,kumomachi
16589,kumonji_aruto
16590,kumoru_(kumoru_145)
16591,kumoya_yukio
16592,kumu_zaisheng
16593,kumuo_(mirakurufusao)
16594,kun_(user_ahgn2825)
16595,kunabishi
16596,kunaboto
16597,kunai_uri
16598,kunaru_(799865444232548352)
16599,kunashiri_(etorofu)
16600,kuneamorai
16601,kunieda
16602,kunifuto
16603,kunikune
16604,kunikuni_(kunihiro2005)
16605,kunimine_yuzuki
16606,kunimitsu_(9nimi2)
16607,kunimura_hakushi
16608,kunishige_keiichi
16609,kunitarou-art
16610,kunitori
16611,kunizaki
16612,kunka_smellher
16613,kuno_(kc9s)
16614,kuno_(runkunochan)
16615,kuno_touya
16616,kunon
16617,kuntze
16618,kunugi_miyaco
16619,kuon_(break_through)
16620,kuon_(kuon)
16621,kuon_(kwonchanji)
16622,kuon_(nokokopopo)
16623,kuon_bb
16624,kuon_itsuki
16625,kuon_kimi
16626,kuon_michiyoshi
16627,kuon_yashiro
16628,kupa_(jesterwii)
16629,kupala
16630,kupikuuu
16631,kupocun
16632,kuppipi_ramutarou
16633,kura_(shironagasu02)
16634,kura_(xxcracy)
16635,kura_ekaki
16636,kurabayashi
16637,kurabayashi_aya
16638,kurachi_mizuki
16639,kurafuji_sachi
16640,kuragare
16641,kuragari
16642,kurage
16643,kurage1
16644,kurage_(kurage19)
16645,kurage_cc
16646,kurage_modoki
16647,kuragesensei
16648,kurageso
16649,kuragetakos
16650,kurahana_chinatsu
16651,kurai_masaru
16652,kurai_nao
16653,kuraki
16654,kuraki_hiro
16655,kurakimikage327
16656,kurakumo_nue
16657,kurami_(kohaku.)
16658,kuramochi_kyouryuu
16659,kuramoto_kaya
16660,kuramoto_takato
16661,kuran_(mkmrl)
16662,kurano_kisuke
16663,kurano_yuuichi
16664,kuranosuke
16665,kurappii
16666,kurarin
16667,kurarome
16668,kuraryu
16669,kurasaki_cority
16670,kurasaki_cosmos
16671,kurasaki_moroko
16672,kurasawa_kyoushou
16673,kurasawa_moko
16674,kurashiki_nanka
16675,kurashima_tomoyasu
16676,kurashina_yuzuki
16677,kurasuke
16678,kurata_rine
16679,kurata_yumi
16680,kuratsuka_riko
16681,kurattes
16682,kurau_kii
16683,kurayuki0404
16684,kure_(kure_ng)
16685,kureaki_(exit)
16686,kurebayashi_noe
16687,kureha_(angelite)
16688,kureha_(ironika)
16689,kureha_goya
16690,kureha_mitsushige
16691,kurekore
16692,kuren
16693,kuren_kren
16694,kurenai_hanpen
16695,kurenai_karasu
16696,kurenai_veni1
16697,kurenaidahlia
16698,kurenaiz_(kuayrenaiz)
16699,kurenaiz_(kureniz)
16700,kureneko
16701,kuresento
16702,kureson_(hayama_baa)
16703,kuresuku_(lessons)
16704,kureta_(nikogori)
16705,kure~pu
16706,kuri_(animejpholic)
16707,kuri_(kurigohan)
16708,kuri_(shibimame)
16709,kuri_choko
16710,kuri_dora
16711,kuri_giepi
16712,kuri_youkan
16713,kuria_(clear_trip_second)
16714,kuribulb
16715,kurige_horse
16716,kurigura_(sketch_san)
16717,kurihara_kenshirou
16718,kurihara_sakura
16719,kurikabacha
16720,kurikara
16721,kurimilove
16722,kurimochi_chizuru
16723,kurimori
16724,kurinton
16725,kurione_(zassou)
16726,kurisu-kun
16727,kurisu_sai
16728,kurita_shin'ichi
16729,kuriyama
16730,kuriyuzu_kuryuu
16731,kuro-ekaki
16732,kuro-kun_(nablack)
16733,kuro4221
16734,kuro_(1968)
16735,kuro_(baseball0000)
16736,kuro_(be_ok)
16737,kuro_(blackpgmickey)
16738,kuro_(grf)
16739,kuro_(jyupiter)
16740,kuro_(kurojill)
16741,kuro_(kuroneko_no_kanzume)
16742,kuro_(nyago_kuromaru)
16743,kuro_(rudyan0128)
16744,kuro_(tbm9187)
16745,kuro_(toi_et_moi)
16746,kuro_(zhurunbo1997)
16747,kuro_ari_(pixiv)
16748,kuro_chairo_no_neko
16749,kuro_dora
16750,kuro_futoshi
16751,kuro_goma_(kakkou11)
16752,kuro_guren
16753,kuro_hopper
16754,kuro_kinkan
16755,kuro_kosyou
16756,kuro_lee
16757,kuro_minamo
16758,kuro_mushi
16759,kuro_n314
16760,kuro_namako
16761,kuro_nezumi_inu
16762,kuro_oolong
16763,kuro_shiraga
16764,kuro_shiro_(kuro96siro46)
16765,kuro_tsubasa
16766,kuro_wa_shinoru
16767,kuro_yanagi
16768,kuro_yuzu
16769,kuroame_(kurinohana)
16770,kuroasa24
16771,kuroba.k
16772,kuroba_aki
16773,kuroba_dam
16774,kuroba_rapid
16775,kuroba_u
16776,kurobako_bb
16777,kurobane
16778,kurobe_sclock
16779,kurobeko_(kur0bek0)
16780,kurobikari
16781,kuroblood
16782,kuroboshi_kouhaku
16783,kurochiroko
16784,kuroda_(kuro_yyy)
16785,kuroda_(nanchara_flight)
16786,kuroda_akimi
16787,kuroda_asaki
16788,kuroda_bb
16789,kuroda_kazuya
16790,kuroda_kuwa
16791,kuroda_matsurika
16792,kuroda_roku_(345)
16793,kurodahlia18
16794,kurodeko
16795,kurodeuzu
16796,kuroduki_(pieat)
16797,kuroe_(sugarberry)
16798,kuroeart
16799,kuroemon
16800,kurofood
16801,kurofude_anna
16802,kurofuti
16803,kurogane_(blackxsilver)
16804,kurogane_(majesticrune)
16805,kurogane_daichi
16806,kurogane_gin
16807,kurogane_ken
16808,kurogane_tekki
16809,kuroganeruto
16810,kurogarasu
16811,kuroge_(kewagyuu)
16812,kurogin
16813,kurogiri
16814,kurogoma
16815,kurogoma_(haruhi3)
16816,kurogoma_(meganegurasan)
16817,kuroha_(rockluo213)
16818,kuroha_ai
16819,kuroha_koudai
16820,kuroha_uma
16821,kurohachiboku
16822,kurohal
16823,kurohane
16824,kurohara_yuu
16825,kurohikage
16826,kurohiko
16827,kurohitsuji_lim
16828,kuroi-tsuki
16829,kuroi_(liar-player)
16830,kuroi_ani
16831,kuroi_enpitsu
16832,kuroi_k-ta
16833,kuroi_mimei
16834,kuroi_nyan
16835,kuroi_paseri
16836,kuroi_suna
16837,kuroi_susumu
16838,kuroi_yasu
16839,kuroida
16840,kuroihato
16841,kuroiitulip
16842,kuroij
16843,kuroimori
16844,kuroino_(0kuro8ino6)
16845,kuroino_(kuroyashiro)
16846,kuroinu
16847,kuroinu9
16848,kuroinu_(sonoba_shinogi)
16849,kuroishi_ringo
16850,kuroiwa_cookie
16851,kuroja
16852,kurojishi
16853,kurokage
16854,kurokami_(kurokaminohito)
16855,kurokan_(kokkyou_oudan)
16856,kurokawa_(kurokashi655)
16857,kurokawa_(silve)
16858,kurokawa_heuy
16859,kurokawa_izumi
16860,kurokawa_karasu
16861,kurokawa_makoto
16862,kurokawa_otogi
16863,kurokawa_rikuu
16864,kurokaze_no_sora
16865,kuroki_(ma-na-tu)
16866,kuroki_natsu
16867,kuroki_shigewo
16868,kurokimoko
16869,kurokin
16870,kuroko_(piii)
16871,kurokoeda
16872,kurokoge013
16873,kurokoori
16874,kurokoshou_(emuburemu123)
16875,kurokuma_(kuro_kumagaya)
16876,kurokuro
16877,kurokuro_illust
16878,kuroliu_9021
16879,kuromame_(8gou)
16880,kuromari_(runia)
16881,kuromaru9
16882,kuromaruart
16883,kuromasa_shisei
16884,kuromasu
16885,kuromayu
16886,kuromiko_shoujo
16887,kuromitsu_maria
16888,kuromitu_(kageneko)
16889,kuromiya
16890,kuromiya_(def_lp)
16891,kuromiya_sakana
16892,kuromiz
16893,kuromori_yako
16894,kuromoro
16895,kuromoto-kun_(rina_masimaro)
16896,kuromu
16897,kuromu_(kaeru)
16898,kuromu_(underporno)
16899,kuromu_shado
16900,kuromuru
16901,kuron_(uhhr2odhrppc5nw)
16902,kurona
16903,kuronaga
16904,kuronagi_(mitora_uwu)
16905,kuronami616
16906,kurone
16907,kurone_(kurone_ryuo)
16908,kurone_rinka
16909,kuroneko_(fragrant_olive)
16910,kuroneko_(kuroi-neko)
16911,kuroneko_(kuroneko_works)
16912,kuroneko_douji
16913,kuroneko_koubou
16914,kuroneko_liger
16915,kuroneko_no_toorimichi
16916,kuroneko_sakon
16917,kuroneko_shiro
16918,kuroneko_w1nter
16919,kuronekogata
16920,kuronekozero
16921,kuronezumi
16922,kurono
16923,kurono_hyouka
16924,kurono_kito
16925,kurono_kuro
16926,kurono_mitsuki
16927,kurono_nekomaru
16928,kurono_suzuran
16929,kurono_yuu
16930,kurono_yuzuko
16931,kuronoiparoma
16932,kuronomine
16933,kurononekojyo
16934,kuronosu_(yamada1230)
16935,kuronuko_neero
16936,kuronuma_s
16937,kurony_(sirony)
16938,kuronyan
16939,kuronyanko
16940,kuroo_(project_apricot)
16941,kuroonehalf
16942,kuropan_(crow_panther)
16943,kurorettsu
16944,kurororo_rororo
16945,kurosabi_neko
16946,kurosaki
16947,kurosaki_coco
16948,kurosaki_kousuke
16949,kurosaki_sasori
16950,kurosawa_(kurosawakyo)
16951,kurosawa_itsuki
16952,kurosawa_karura
16953,kurosawa_kazuto
16954,kurosawa_kiyotaka
16955,kurosawa_shouichi
16956,kurosawa_tetsu
16957,kurosawa_tomo
16958,kurose_kousuke
16959,kurose_nao
16960,kurose_yuuki
16961,kuroshima_kurishiro_(muyi24108414)
16962,kuroshin
16963,kuroshinki
16964,kuroshio_(zung-man)
16965,kuroshiro_(ms-2420)
16966,kuroshiro_gurei
16967,kuroshiro_kanae
16968,kuroshiro_no_tsubasa
16969,kuroshiroemaki
16970,kurosho
16971,kurosteel_ds
16972,kurosu_gatari
16973,kurosu_tsugutoshi
16974,kurosujuu
16975,kurosuke_(hipparu)
16976,kurosuke_(nora)
16977,kurosususu
16978,kurot
16979,kurotama
16980,kurotea
16981,kuroten
16982,kuroto_mato
16983,kurotobi_rarumu
16984,kurotofu
16985,kurotoia
16986,kurotsuki_machi
16987,kurou_(bcrow)
16988,kurou_(quadruple_zero)
16989,kuroume_(aihikarikuroume24)
16990,kurousagi_tetora
16991,kurousagi_yuu
16992,kurouso_(meikyoushisui)
16993,kurowa
16994,kurowa_(curowa)
16995,kurowan
16996,kurowana
16997,kurowanjjyang
16998,kuroya_shinobu
16999,kuroyuki
17000,kuroyume_(dark495)
17001,kuroyurihaze
17002,kurozako
17003,kurozatou_owata
17004,kurozawa_yui
17005,kurozero
17006,kurozu
17007,kurozu_(crozu)
17008,kurt_robinson
17009,kurudaz
17010,kurukurumagical
17011,kuruma_hajime
17012,kurume_shou
17013,kurumi_(recycllamo)
17014,kurumi_kobayashi
17015,kurumi_kororin
17016,kurumi_lm
17017,kurumi_moka
17018,kurumi_tsuchi
17019,kurumitsu
17020,kurumiya_(krmy_p)
17021,kurumiyasan_ns
17022,kurun_(kurun777)
17023,kururi
17024,kurushiro1102
17025,kurusu_piyo
17026,kurusu_tatsuya
17027,kuruto.
17028,kuruton486
17029,kuruuya
17030,kusaba_(kusabashiki)
17031,kusabi_(aighe)
17032,kusada
17033,kusada_souta
17034,kusagami_style
17035,kusahagane
17036,kusaka_eiki
17037,kusaka_io
17038,kusaka_kokage
17039,kusaka_kou
17040,kusaka_souji
17041,kusakabe_(kusakabeworks)
17042,kusakabe_rei
17043,kusakami_akira
17044,kusakanmuri
17045,kusama_takato
17046,kusami_toka_naku_au
17047,kusamie
17048,kusana_(dudqja602)
17049,kusana_(kusana47454281)
17050,kusanagi_kaoru
17051,kusanagi_kikoku
17052,kusanagi_tonbo
17053,kusano_(torisukerabasu)
17054,kusano_houki
17055,kusano_kouichi
17056,kusano_shinta
17057,kusaremix
17058,kusarigama_sshimi
17059,kusariuta
17060,kusatakesi
17061,kuse_(0201)
17062,kushabiria
17063,kushami_deso
17064,kushida_you
17065,kushidama_minaka
17066,kushima_yu
17067,kushinaka
17068,kushiro_kuki
17069,kushishekku
17070,kusiyan
17071,kuso_bba
17072,kuso_otoko
17073,kusoyuridanchi
17074,kusu_(moo1225)
17075,kusugi_tai
17076,kusui_aruta
17077,kusujinn
17078,kusuke
17079,kusukusu
17080,kusumoto_shizuru
17081,kusumoto_touka
17082,kusunoki_(gwzx5574)
17083,kusunoki_cherry
17084,kusunokimizuha
17085,kusuribe
17086,kutabireta_neko
17087,kutabiretainu
17088,kutan
17089,kutani
17090,kutar22
17091,kutata
17092,kutatsu_(kutatsu7)
17093,kuto_tubuyaki
17094,kutone_shirika
17095,kutori_pan'ya
17096,kutouten
17097,kutsugen_kanna_(mikouken)
17098,kutsuki_kai
17099,kutsuno
17100,kutsunohito
17101,kutsushita_(tokati_r)
17102,kutsuwada_on
17103,kutta
17104,kuu_(user_gngs5284)
17105,kuuchuu_yousai
17106,kuuhaku_900
17107,kuuki_(rakam)
17108,kuuma25_kuma
17109,kuune_rin
17110,kuuneru
17111,kuuneru514
17112,kuuro_kuro
17113,kuuron_(moesann17)
17114,kuuru_(kuuru-n)
17115,kuurunaitsu
17116,kuutamo
17117,kuuu_ilst
17118,kuuurusuke
17119,kuuus
17120,kuuyuu
17121,kuwa_za
17122,kuwabara_(medetaya)
17123,kuwada_yuuki
17124,kuwagatata
17125,kuwahara_taiki
17126,kuwango
17127,kuwashima_rein
17128,kuwoniagyu11112
17129,kuya_(hey36253625)
17130,kuyoumi
17131,kuyukian3
17132,kuz
17133,kuza_brs
17134,kuze
17135,kuze_(ira)
17136,kuze_kaname
17137,kuzen
17138,kuziaaizuk
17139,kuzu_(miduhana)
17140,kuzu_kow
17141,kuzugitsune_(inarikami)
17142,kuzuhana
17143,kuzukago_(bitchmaker)
17144,kuzukiri_(riezenagel)
17145,kuzumi_taiyou
17146,kuzumiya_yuyu
17147,kuzumochi
17148,kuzumochi_(kuzumochiya)
17149,kuzumomo
17150,kuzumosu
17151,kuzumotsu
17152,kuzuno_ha
17153,kuzuryuu_kennosuke
17154,kuzuvine
17155,kuzuya_ramurin
17156,kv-san
17157,kvacm
17158,kvlen
17159,kwaejina
17160,kwkunai
17161,kwrrrrrr
17162,kws
17163,kwsby_124
17164,kwz_ini
17165,ky.
17166,ky_(ky990533)
17167,ky_(nimbusky)
17168,kyabakurabakufu
17169,kyabechi
17170,kyabekko
17171,kyabetsuman
17172,kyachi
17173,kyado_(amaterasu)
17174,kyak_bamboo
17175,kyaku_tasu
17176,kyama
17177,kyamiuu
17178,kyamu_(qqea92z9n)
17179,kyan-dog
17180,kyandii
17181,kyanduru
17182,kyannu
17183,kyano_(kyanora3141)
17184,kyanonpan50
17185,kyanos_(b_0000ff)
17186,kyanpero
17187,kyanta5354
17188,kyapinetzu
17189,kyapu-10
17190,kyarahiba
17191,kyariko
17192,kyaro_(kyaro54)
17193,kyaroru
17194,kyashii_(a3yu9mi)
17195,kyata_ti666
17196,kyatto-mikazu
17197,kyder
17198,kyel_hyde
17199,kyer
17200,kyjsogom
17201,kyl490
17202,kyle_(kysizzle)
17203,kyline
17204,kymhotii
17205,kyo-hei_(kyouhei)
17206,kyo9999
17207,kyo_(krokikyon)
17208,kyo_(kuroichigo)
17209,kyo_(kyokuto016)
17210,kyo_(maae00)
17211,kyo_mizusawa
17212,kyo_zip
17213,kyodairobo
17214,kyoffie
17215,kyogoku-uru
17216,kyogoku_shin
17217,kyojinjoa
17218,kyoko_(akakikyoko)
17219,kyoko_(zeprii4)
17220,kyoku_tou
17221,kyokucho
17222,kyokutou_hentai_samurai
17223,kyokutsuki
17224,kyokyeo
17225,kyoma_(yellowxcake)
17226,kyomeihibiki
17227,kyomu_(7641)
17228,kyomu_305
17229,kyomunohi
17230,kyonin_dofu
17231,kyonta
17232,kyopink
17233,kyoro_(cothurnus)
17234,kyoro_ina
17235,kyosu
17236,kyosuke
17237,kyosuke1413koba
17238,kyosuke_fujiwara
17239,kyou_(fr39)
17240,kyou_(hibikit)
17241,kyou_(nekoneko)
17242,kyou_(nodobotokemax)
17243,kyou_0120
17244,kyou_039
17245,kyou_fumei
17246,kyouda_suzuka
17247,kyougi_sharyou
17248,kyougoku_touya
17249,kyouichi
17250,kyoujixxxx
17251,kyouka_asuka
17252,kyouka_hatori
17253,kyouki
17254,kyoukyan
17255,kyouna
17256,kyouno
17257,kyouno_aki
17258,kyouno_komatsu
17259,kyouou_ena
17260,kyousaku
17261,kyousaru
17262,kyousuke_(orcein)
17263,kyouta_22
17264,kyoutsuugengo
17265,kyouyasai4423
17266,kyowosuke
17267,kyoyakyo
17268,kys_(k-k2)
17269,kyu
17270,kyu-bum_lee
17271,kyu_yong_eom
17272,kyudoli
17273,kyudong.
17274,kyufe
17275,kyukyutto_(denryoku_hatsuden)
17276,kyundoo
17277,kyuraa_(kyura9een)
17278,kyuri
17279,kyuri_tizu
17280,kyusoukyu
17281,kyutai_x
17282,kyuu_(chiu850513)
17283,kyuu_(pinpo)
17284,kyuu_(plastic_night_q)
17285,kyuu_(q_des9)
17286,kyuu_umi
17287,kyuuba_melo
17288,kyuukei_usagi
17289,kyuukon_(qkonsan)
17290,kyuumoto_kuku
17291,kyuumura
17292,kyuunn
17293,kyuunosuke_(lactis09)
17294,kyuupura
17295,kyuuri_(miyako)
17296,kyuuso_inukami
17297,kyuusugi_toku
17298,kyuusui_gakari
17299,kyuutame
17300,kyuutou_(kyuutouryuu)
17301,kz_(dbz_kz)
17302,kz_609
17303,kz_m_i
17304,kz_nagomiya
17305,kz_oji
17306,kzcjimmy
17307,kzhu
17308,kzm_(sub-moa_works)
17309,kztk
17310,l.bou
17311,l.f.
17312,l.k
17313,l.tea
17314,l4st_resort
17315,l4wless
17316,l9525
17317,l_(matador)
17318,l_aciel
17319,l_axe
17320,l_hakase
17321,l_meet
17322,l_ract
17323,la-na
17324,la13
17325,la_bo_chu_shi
17326,la_campanella
17327,laaaicha
17328,lab2linch
17329,labebebe_lee
17330,labombardier!
17331,labotamochi
17332,laboto
17333,lacampanule
17334,laceysx
17335,lack
17336,lackatask
17337,laco_soregashi
17338,lacryboy
17339,lactmangan
17340,lactone
17341,lad_der
17342,ladfa
17343,ladic
17344,lady_fantasma
17345,lady_shin
17346,ladywaltz
17347,laenjen78201
17348,laevan
17349,lafolie
17350,lahz52
17351,lai_(pixiv1814979)
17352,lai_dou_laile_555
17353,laika_(sputnik2nd)
17354,laimer
17355,lainart
17356,laio
17357,lajiren247
17358,lakestep55
17359,laki
17360,lakilolom
17361,lal!role
17362,lala_(sputnik)
17363,lala_(yamada_goroku)
17364,lalatia-meai
17365,lalazyt
17366,laliberte
17367,lam_(ramdayo)
17368,lamb-oic029
17369,lamb_(hitsujiniku)
17370,lambda_(kusowarota)
17371,lamian_(pixiv415608)
17372,laminar_flow
17373,lamp_p9
17374,lamsass
17375,lan_mao_akko
17376,lan_xiezi
17377,lance_(lancelliu)
17378,lancefate
17379,lancer24
17380,lancer_(worudrleh1)
17381,lancheu
17382,landacdeus
17383,landl
17384,landolt_tamaki
17385,laneigu
17386,lang_(chikage36)
17387,langbazi
17388,langlang
17389,langley1000
17390,langya_beike
17391,lanhacy
17392,lanjiujiu
17393,lank_(lankdesu)
17394,lankilanki
17395,lanlanlap
17396,lanlanlu_(809930257)
17397,lanmei_jiang
17398,lansane
17399,lanse_dai_mao
17400,lanserongjie
17401,lantana0_0
17402,lantern_madoyoi
17403,lanthan
17404,lanubis
17405,lanxjourney
17406,lanyaojun
17407,lanzhu
17408,lanzi_(415460661)
17409,lao_ren_xing
17410,lao_wen
17411,lao_xi
17412,laoan
17413,laofuzi_dai_bansho
17414,laovaan
17415,laoyepo
17416,laphy
17417,lapithai
17418,lapucelle_(arasoo1210)
17419,lard_(kumazakiyuta)
17420,large_pasta
17421,larger_bmx
17422,lari
17423,lari_lab
17424,lart_art1
17425,larugo0513
17426,las91214
17427,lasa_(lasa1116)
17428,laser-lance
17429,laserbiubiu
17430,laserflip
17431,lask
17432,laska_(572124034)
17433,laspberry.
17434,lastdark
17435,lasterk
17436,lastofrabbit
17437,lasts
17438,latenight
17439,latte
17440,lattes2
17441,latutou1
17442,lau_(laustar30)
17443,laudayon
17444,laugh_111
17445,lavelis
17446,lavoy_(kurakuro)
17447,laxiusart
17448,layer_(layer_illust)
17449,layton_(sanlayton)
17450,laza_(0ldsong)
17451,lazb.
17452,lazgear
17453,lazik_1337
17454,lazuri7
17455,lazurite_(user_8870367)
17456,lazy_ant
17457,lazy_kun
17458,lazy_orange
17459,lazyartlazy12
17460,lazycoffee_(wyen_iscordo)
17461,lb_(muraihou)
17462,lbcirno9
17463,lc_7v2
17464,lc_butter
17465,lch
17466,lcron
17467,lcs_0209
17468,lcy_bingzi
17469,ld_(luna_dial398)
17470,ldd.ek
17471,ldfe_mk2
17472,ldl
17473,lds_(dstwins97)
17474,le21day
17475,le_(huanglongen)
17476,le_(szs0k)
17477,le_delicatessen
17478,le_zhang_zhang
17479,leaf_(esabacoo)
17480,leaf_(pixiv17652941)
17481,leaf_lsd
17482,leaf_st
17483,leafar
17484,leafwow
17485,leah_gardner
17486,leaphere
17487,leavv
17488,lebring
17489,lecca_aisu
17490,lechiennoir
17491,leclle
17492,ledjoker07
17493,lee-taro
17494,lee999nine
17495,lee_(colt)
17496,lee_(dragon_garou)
17497,lee_(monsterheart)
17498,lee_hyeseung
17499,leeannpippisum
17500,leebigtree
17501,leebo_(leeboxxx)
17502,leehwa
17503,leeis_cool
17504,leels
17505,leenim
17506,leepy
17507,leer.meer
17508,leeshin0919
17509,leex
17510,leftame
17511,lefthand
17512,leftporygon
17513,legacy_zechs
17514,lege_bushi_shiwu
17515,legendarysoulii
17516,legendofnerd
17517,leglus
17518,legomaru
17519,legzy
17520,leica
17521,leikangmin
17522,leilin
17523,leiq
17524,leje39
17525,leki_ixion
17526,lelex
17527,leleyoukuailele
17528,lelie_(lelie_link)
17529,lelioz
17530,lella_nyam
17531,lem
17532,lemming_no_suana
17533,lemo_(lemo_4)
17534,lemon89h
17535,lemon_inu
17536,lemon_kele
17537,lemon_pan
17538,lemon_snail
17539,lemon_t
17540,lemonade_kokoi
17541,lemonail
17542,lemonasty
17543,lemoneko
17544,lemonice
17545,lemonmelon00
17546,lemonpear
17547,lemonrou
17548,lemontea
17549,lemontea_(ekvr5838)
17550,lemoontya
17551,lempika
17552,lemtun
17553,lemures
17554,len_(a-7)
17555,len_(hand_linke)
17556,lendivere
17557,leng_sediao_kafei
17558,leng_wa_guo
17559,lengchan_(fu626878068)
17560,lengkuass
17561,lenk64
17562,lenserd
17563,lentain
17564,lentiyay
17565,lento_(glamour_works)
17566,lentymet
17567,lenxiao
17568,leo-dont-want-to-be-a-painter
17569,leo23
17570,leoandaslan_(leobongnana)
17571,leofoxart
17572,leogust
17573,leoharju
17574,leoheart
17575,leoleonardk10
17576,leomon32
17577,leon0630claude
17578,leon0705
17579,leon_(mikiri_hassha)
17580,leon_decarabia
17581,leon_v
17582,leonardo_16sei
17583,leonardo_566
17584,leonardo_vincent
17585,leonart
17586,leonat
17587,leone_(kamina0205)
17588,leonis_g
17589,leonmandala
17590,leonzo
17591,leopard_(artist)
17592,leopardtiger
17593,leorlontyan
17594,lepoule
17595,lepypepy
17596,leria_v
17597,lerio_(leriodraws)
17598,lerome
17599,lesbeanlatte
17600,leslyzerosix
17601,less
17602,less_end
17603,lessone
17604,leste_(humansequencer)
17605,lesu
17606,lesuna
17607,letdie1414
17608,lethe-shion
17609,letro
17610,lets0020
17611,levasoj
17612,leveen
17613,level-00
17614,level.21
17615,level9kaito
17616,levi9452
17617,leviair
17618,leviathan_(hikinito0902)
17619,levvellevvel
17620,lewdamone
17621,lewdanon
17622,lewdicy
17623,lewdishsnail
17624,lewdkuma
17625,lewdlily66
17626,lewdlux
17627,lewdrawings
17628,lewdsaiga
17629,lewdzure
17630,lexaiduer
17631,lexis_yayoi
17632,lextodrawstuff
17633,lfacras
17634,lgw7
17635,lhofi
17636,lhu_(barappra1)
17637,li-mi
17638,li04r
17639,li0n_(kongshushiwo)
17640,li@_(rikku04)
17641,li_(lithium0522)
17642,li_chestnuts
17643,li_nauu
17644,li_sakura
17645,li_se
17646,li_shay
17647,liamickpie
17648,lian_yao
17649,lianbiglian
17650,liang_chan_xing_make_tu
17651,liang_cun_rakuna
17652,liang_xing
17653,liangban_xiexu
17654,liangfen
17655,liangyilin
17656,liangzi_tai_hongcha
17657,liann1009
17658,liaowen
17659,liar_lawyer
17660,liba_(leo8d)
17661,libero_art
17662,libeuo_(liveolivel)
17663,libre
17664,libuqilai
17665,libus
17666,liby_(libtnvd)
17667,lic_617
17668,lichiko
17669,liclac
17670,lida_(lidalida04)
17671,liduke
17672,liedein
17673,lielos
17674,lieqi_hun
17675,lieumare
17676,lif_(lif_&_ref)
17677,life_neko72
17678,lifejam_403
17679,lifeline_(a384079959)
17680,light_(lightpicture33)
17681,light_(luxiao_deng)
17682,light_(nightty45)
17683,lightningstrikes
17684,lightofheaven
17685,lightria
17686,ligton1225
17687,lihuashuangxiang
17688,liiko
17689,likey
17690,liking
17691,likunea
17692,lila_(lilakeylk)
17693,lilac_(k32420276)
17694,lilac_(p-f_easy)
17695,lilaccu
17696,lili_buxiang_dong
17697,lili_mdoki
17698,lilianei
17699,liliiliillj
17700,lilin_(pixiv_25958194)
17701,lilio
17702,lilirulu
17703,lilish
17704,lilith-lily
17705,lilith_(lilithchan)
17706,lilithbloody
17707,lilithmy
17708,lilium443
17709,liliyfox
17710,lillin
17711,lillithlauda
17712,lillly
17713,lilpalette
17714,lilshironeko
17715,lily0428
17716,lily_(artist)
17717,lily_(shio1006)
17718,lilyglazed
17719,lilylily0601
17720,lim_(ramu)
17721,lim_donghyun
17722,limart
17723,limeblock
17724,limebreaker
17725,limelam06
17726,limgae
17727,limha_lekan
17728,limitless_skye
17729,limn044
17730,lims_(neko2lims)
17731,lin+
17732,lin_qing_(phosphorus_1104)
17733,lina_(interlude)
17734,lina_rojas
17735,linaria_(ookinahitomi)
17736,linatai
17737,linceyang
17738,linch
17739,linda_b
17740,lindaroze
17741,lineflo
17742,linez
17743,linfa_(futari_midara)
17744,linfi-muu
17745,ling5707
17746,ling_(chaaaaanhikari)
17747,ling_(vivianling)
17748,ling_dianxia
17749,ling_huanxiang
17750,ling_mou
17751,ling_s
17752,ling_xiang
17753,ling_yun_(amadare0803)
17754,lingcat
17755,lingcod_dayu
17756,lingdu_han
17757,lingear
17758,lingerie_(aki3240)
17759,lingjiu_yuki
17760,lingmu
17761,lingmuzi
17762,lingshalan
17763,lingxia
17764,lingyi
17765,linhangwei
17766,linhcoris
17767,liningne
17768,linjie
17769,link163353
17770,link_(aa30)
17771,linkartoon
17772,linnnp
17773,lino-lin
17774,lino_(lilyparty07)
17775,lino_chang
17776,linreplica
17777,lintanghaseo
17778,linterteatime
17779,linu
17780,lio_(tsukuyomi-tei)
17781,lion_2929
17782,lion_space
17783,lionet0806
17784,liong
17785,lioreo
17786,liowig
17787,lira_mist
17788,liremi
17789,liren44
17790,lirica
17791,lis_zhu_long
17792,lisa_(faeuna)
17793,lisa_buijteweg
17794,lispict
17795,lisu
17796,lisuchi
17797,lit_silium
17798,lithographica
17799,litra_(ltr0312)
17800,litsvn
17801,littiecy
17802,little123blood
17803,little_thunder
17804,little_viktoria
17805,littlebluemuffin
17806,littlecloudie
17807,littlemisstina_(artist)
17808,littletreeee
17809,liu2e3ing
17810,liu_guniang
17811,liu_lan
17812,liu_liaoliao
17813,liukensama
17814,liuliu
17815,lium
17816,liusang
17817,live_for_the_funk
17818,liveactors
17819,living_(nsiring)
17820,living_(pixiv5031111)
17821,liwen520
17822,liwendala
17823,lix_(iroiro3843)
17824,lixiang_guo_alice
17825,liya
17826,liya_nikorov
17827,liyaku
17828,liyart
17829,liyom
17830,liyou-ryon
17831,liyu_li
17832,liyuliyuzhou
17833,liz_(piyoko_piyop)
17834,lizchief
17835,lizhilv
17836,lizi_(st3648)
17837,lizta
17838,lizzydom
17839,ljayu
17840,lji_321
17841,lk0_71604
17842,lk149
17843,lkari_shi
17844,lkeris
17845,ll_0109
17846,llami_0
17847,llc
17848,lleu
17849,lliissaawwuu2
17850,llkapital
17851,lllou_illust
17852,llmia4
17853,lloule
17854,llowoll
17855,llpfmfc
17856,lluisabadias
17857,lluluchwan
17858,lluyss
17859,lm7_(op-center)
17860,lm_0063
17861,lnji_(rnlwls34)
17862,lo-ta
17863,lo_lis
17864,lo_xueming
17865,loading_(verjuice)
17866,loah_66
17867,loalo
17868,lobelia_(saclia)
17869,lobsteranian
17870,lockheart
17871,locksuke
17872,lococo_p
17873,locon
17874,lodbyy
17875,loeldrive
17876,loen
17877,loftcat
17878,logan_cure
17879,loggy
17880,logiclr
17881,logknn
17882,loika
17883,loiodg
17884,loish
17885,loiza
17886,loki_(regulus_1111)
17887,lokman_lam
17888,lokulo_no_mawashimono
17889,lokyohayo
17890,loladestiny
17891,lolboja
17892,loli_bushi
17893,lolicom
17894,lolicon_(lolicon42051636)
17895,loliconder
17896,lolifreak
17897,lolikaku
17898,lolimate
17899,lolita_majin
17900,lolliedrop
17901,lollypopcandy8050
17902,loloco
17903,lololotton
17904,lom_(lom_lom_8)
17905,lomocya
17906,lonesomnia
17907,long28
17908,long_long_life
17909,longdq3008
17910,longlong_(drasdr7513)
17911,longmei_er_de_tuzi
17912,longyu_(17767756)
17913,lonklink
17914,loodncrood
17915,look4_osagashi
17916,loomyoi2
17917,loong_(loong_blo)
17918,loooyd
17919,loped
17920,loptoart
17921,lor_(roasyerizyonirapi)
17922,lord_guyis
17923,lordol
17924,lordyanyu
17925,lorein
17926,loss_kim
17927,lost-phews
17928,lost_elle
17929,lost_one_zero
17930,lostunicorn
17931,losvje1024
17932,lotosu
17933,lotpi
17934,lotus_(elico)
17935,lou_xiaotiao
17936,louis&visee
17937,louis_lloyd-judson
17938,loundraw
17939,loup
17940,loup-garou
17941,love_cacao
17942,love_makira
17943,love_mintchoco
17944,love_morocc
17945,loveloveknight
17946,lovelovemaid
17947,lovelyme
17948,loveodoro
17949,lovepoints
17950,loveu
17951,loveycloud
17952,lowah
17953,lowe_(slow)
17954,lowell_(ouranoss2kanata)
17955,lowlandgorilla
17956,lowlifescore
17957,lowlight1010
17958,lowlight_kirilenko
17959,lowro_(en)
17960,lows.
17961,loxodon
17962,loyo
17963,loyproject
17964,lozelia
17965,lp_(lp0000_k)
17966,lpip
17967,lq_saku
17968,lr_(last_remote_514)
17969,lr_hijikata
17970,lrk
17971,lrpanda00
17972,lryutanl
17973,lsc5
17974,lser116
17975,lshiki
17976,lsls
17977,lsr
17978,lsssssss
17979,ltotyht
17980,lts_kakuyo
17981,ltstry
17982,ltt_challenger
17983,lu_xueqi_tongren_ye
17984,luai
17985,luan_teng
17986,lubikaya
17987,lubusi
17988,lucadark_art
17989,lucasyecla99
17990,lucferz
17991,luci_omi_gusu
17992,lucidsky
17993,lucie
17994,lucifina_006
17995,lucknight
17996,lucky_(1045044604)
17997,lucky_keai
17998,lucyfer
17999,lucylee158
18000,ludaf
18001,ludens_(inonaka_koubou)
18002,lueduar
18003,luen_kulo
18004,luenar
18005,luerstine
18006,lufi_ays
18007,lughost
18008,lugosi_ela
18009,luguoadeli_(maple12031)
18010,luicent
18011,luimiart
18012,luizhtx
18013,luke_(b10a3123m)
18014,luke_(dydansgur)
18015,luke_(kyeftss)
18016,lukrevadraws
18017,luli_(crocowolf333)
18018,lulu-chan92
18019,lulu_heika
18020,lulubelleiii
18021,luludeer386
18022,luma8b
18023,lumarianne20
18024,lumbbyz
18025,lumeru_33
18026,lumina414
18027,lumineko
18028,luminous_slime
18029,luminyu
18030,lumium
18031,lummy_yummy
18032,lumo_1121
18033,lump_saury
18034,lun7732
18035,luna2
18036,luna_(gkluna_mas)
18037,luna_(gunfire)
18038,luna_(luna610)
18039,luna_(reclaimed_land)
18040,luna_lia
18041,luna_nyann
18042,lunacats
18043,lunacle
18044,lunalu9
18045,lunamoon
18046,lunapont
18047,lunar_(lunar_815)
18048,lunaraven
18049,lunarclinic
18050,lunarisaileron
18051,lunarisbloom
18052,lunarscent
18053,lunch_(lunchicken)
18054,lunch_(shin_new)
18055,lunch_boxer
18056,luncheon_meat_umai
18057,lunia
18058,lunica
18059,lunifish
18060,luo.
18061,luo_jie
18062,luo_qiangwei
18063,luo_zi
18064,luode_huayuan
18065,luoloo
18066,luoman19921
18067,luomo
18068,luomushen
18069,luori_dianxin
18070,luozhou_pile
18071,lupin_barnabi
18072,luren_max
18073,lury.sgh
18074,lusan666
18075,luse_maonang
18076,lushi_jin_up
18077,lushuao
18078,lute_(apocalypselibrary)
18079,lutecia_syndrome
18080,lutherniel
18081,luu
18082,luull
18083,luunamito
18084,luupechi
18085,luvluvvox
18086,lux_(alpa)
18087,lux_(dera_ix)
18088,lux_arts
18089,luxearte
18090,luxiel
18091,luxu
18092,luxuria
18093,luxuriou_s
18094,luye_yuan
18095,luyheg
18096,luyue
18097,luzi
18098,luzi_fengli_nanzi
18099,luztapiaart
18100,luzzi_(milllim)
18101,lv1na_ura
18102,lvans
18103,lvemhrd
18104,lvetica
18105,lvi
18106,lvl_(sentrythe2310)
18107,lvlv
18108,lwj
18109,lwmina70119
18110,lxkate
18111,ly_7317
18112,lycoris-fullbloom
18113,lydart_mclo
18114,lydiaaa
18115,lyib
18116,lyn_(shunao)
18117,lynnear
18118,lynus
18119,lynxgriffin
18120,lyodi
18121,lyoung0j
18122,lyourika
18123,lyra-kotto
18124,lyrah
18125,lyrical_denko
18126,lyrie_luna
18127,lyrinne
18128,lysander_z
18129,lysh
18130,lyxu
18131,lyy
18132,lzd
18133,lzh
18134,lzypoipoi
18135,m&m_(mickey_and_mackey)
18136,m-1ng
18137,m-_g
18138,m-a-v-e-r-i-c-k
18139,m-da_s-tarou
18140,m-eiji
18141,m-eine
18142,m-rs
18143,m-shiganai
18144,m.a.o
18145,m.i.y
18146,m.m
18147,m.q_(mqkyrie)
18148,m.tokotsu
18149,m0_chi
18150,m0ti
18151,m172_minatsu
18152,m1saki_1
18153,m2_(guvn5745)
18154,m2bou
18155,m3_(gardevoir_m3)
18156,m3ru
18157,m4rjinn
18158,m4skedboi
18159,m78_zaitaoaotezhanshi
18160,m_(m073111)
18161,m_(mrtarou)
18162,m_(neteitai10)
18163,m_12170
18164,m_alexa
18165,m_ganzy
18166,m_k
18167,m_ko_(maxft2)
18168,m_m_pb
18169,m_mance
18170,m_no_harawata
18171,m_o_(prftz)
18172,m_omoo
18173,m_r_b
18174,m_ydayo
18175,ma-2_(konkon_kitakitsune)
18176,ma-hain-scarlet
18177,ma-yu
18178,ma0ma0_0
18179,ma2
18180,ma2_ereki
18181,ma2acworks
18182,ma_d_k_89
18183,ma_draws
18184,ma_fu
18185,ma_nyan_(nyao_mao_nyao)
18186,ma_rukan
18187,ma_tsukasa
18188,maa_(forsythia1729)
18189,maa_(maa1)
18190,maabo_harusame
18191,maachi_(fsam4547)
18192,maachin
18193,maaki12
18194,maakun_(makun_dx)
18195,maam._(summemixi)
18196,maanu
18197,maarika
18198,maaru_(akira428)
18199,maaru_(asato_maaru)
18200,mabahn
18201,mabanna
18202,mabataki
18203,mabera
18204,mabing
18205,mabius
18206,mabo9317
18207,maboroshineko
18208,mabuchoco_m
18209,mabuta_(mbt)
18210,mabuta_kayumi
18211,mac_(pixiv31869137)
18212,mac_4229
18213,mac_naut
18214,mac_star
18215,maca1227
18216,maca_(macaca12)
18217,macaroni_and_cheese_(artist)
18218,macaroni_hourensou
18219,macaronk
18220,macartura08
18221,macbail
18222,maccha
18223,maccha_(mochancc)
18224,maccha_cocoa_(mococo)
18225,maccha_pamocute
18226,maccha_xxxxxx
18227,macchaume
18228,macchiato_(jae-min_cho)
18229,macchiromomomo
18230,macchoko
18231,macciatto_(aciel02)
18232,macco
18233,maccyman
18234,macha@meshi
18235,machan
18236,machi_(ritovoyage)
18237,machi_(uqyjee)
18238,machi_(wm)
18239,machi_fuka
18240,machi_wt
18241,machico_maki
18242,machida_0906
18243,machigami_yoh
18244,machihazure
18245,machiko_(beard)
18246,machimote_taikou
18247,machimura_komori
18248,machino_henmaru
18249,machinosuke
18250,machipachi1901
18251,machismo_fuji
18252,macho_ojiji
18253,machuuu68
18254,mackia
18255,maco22
18256,maco_(macoillust)
18257,maco_spl
18258,macosee
18259,mad369
18260,mad8nana
18261,mad_(artist)
18262,mad_(hazukiken)
18263,mad_kimo
18264,mada_(shizhou)
18265,mada_tetsukazu
18266,madai_(mappy)
18267,madan_(kkh8936)
18268,madana_(xesa7885)
18269,madanai_(morisumeshi)
18270,madao
18271,madaotheory
18272,madara6k
18273,madara_hato
18274,madara_hio
18275,madara_inosuke
18276,madara_sai
18277,madarame
18278,madcocoon
18279,madcore
18280,maddestmao
18281,maddo_(gasser_0518)
18282,maddy
18283,madhatter_hello
18284,madkaiser
18285,mado_(mukade_tou)
18286,mado_cat02
18287,madogawa
18288,madoka_(user_zrnk8278)
18289,madokan_suzuki
18290,madopen
18291,madore
18292,madori_(sayuri5)
18293,madoro_q
18294,madotsuki_ren
18295,madotsukumo
18296,madou_zakura
18297,madsensei
18298,mady_(madine08260)
18299,madyy
18300,mae_(maesanpicture)
18301,mae_(nahabaru)
18302,maeashi
18303,maeda_hiroyuki
18304,maeda_kousuke
18305,maeda_mic
18306,maeda_r44
18307,maeda_risou
18308,maegami_(daisuki_oekaki1)
18309,maeha
18310,maeka_(kumaekake)
18311,maekawa_suu
18312,maekawa_yuichi
18313,maenoo
18314,maeru
18315,maeshima_shigeki
18316,maeshimashi
18317,maetaku
18318,maett
18319,maewix_(artist)
18320,maeya_susumu
18321,mafen
18322,mafty
18323,mafu
18324,mafuyu_(chibi21)
18325,mafuyu_(kanden_shoujyo)
18326,mafuyu_hemp
18327,mag_(huangmag)
18328,mag_(mag42)
18329,mag_(magdraws)
18330,magaasha
18331,magaeshi
18332,magai_akashi
18333,magaki_ryouta
18334,magako
18335,magamoto
18336,magari_(c0rn3r)
18337,magaska
18338,magatan
18339,magatsumagic
18340,magdalenus27
18341,mage_(harumagedon)
18342,magenta_(atyana)
18343,maggea22
18344,maggi
18345,magi_(cu-little2)
18346,magiace
18347,magic_xiang
18348,magicians_(zhkahogigzkh)
18349,magion02
18350,magister
18351,magma_chipmunk
18352,magnolia-baillon
18353,mago
18354,mago_(gengennikoniko)
18355,magokorokurage
18356,magomago
18357,magotsuki_(hurray)
18358,magowasabi
18359,maguchimo
18360,magui3
18361,magukappu
18362,maguri_rei
18363,maguro27
18364,maguro_(ma-glo)
18365,maguro_(mawaru_sushi)
18366,maguro_(minase1684)
18367,maguro_kan
18368,maguro_teikoku
18369,magusagari
18370,maguta
18371,maharu66
18372,mahcdai
18373,mahdi
18374,mahigu_re
18375,mahiro_(akino-suisen)
18376,mahiro_takeumi
18377,mahiru_yura
18378,mahito
18379,mahito_(tranjistor)
18380,mahkn
18381,mahmapuu
18382,maho_(corotonton5150)
18383,maho_(drmaho1)
18384,maho_(yakimorokoshi)
18385,maho_malice
18386,maho_moco
18387,mahoro_(minase_mahoro)
18388,mahou_io
18389,mahou_kyuuri
18390,mahoubin_(totemo_hot_dayo)
18391,mahousho
18392,mai_(maika_04)
18393,mai_(t-5)
18394,mai_(xskdizzy)
18395,mai_mugi
18396,maibotsumou
18397,maico_(a218)
18398,maidcode1023
18399,maidcousin
18400,maidforge
18401,maido_mido
18402,maigoyaki
18403,maiii_(smaii_i)
18404,maikeru_(dk_maikel)
18405,maiko_(mimi)
18406,maiko_(setllon)
18407,maiko_(yoshida308)
18408,maiku
18409,mailixiang
18410,maimu
18411,maimuu
18412,maineko_ruru
18413,maiq06
18414,maiqo
18415,maira_gen
18416,mairo
18417,mairu003
18418,mairudo_(mildcoffee1117)
18419,maisaki
18420,maison_de_cante
18421,maisuiren
18422,maitake_(kinokonabe_hinanjo)
18423,maitake_(loose)
18424,maitei_roppa
18425,maitora
18426,maitou
18427,maiwashi0922
18428,maizken
18429,maizumi
18430,majamari
18431,maji_(etonato)
18432,maji_(majibomber)
18433,majiang
18434,majima_yuki
18435,majime_joe
18436,majime_na_gakuinsei
18437,majin_(kiidoumajin)
18438,majin_(marcia)
18439,majin_go!
18440,majinmallow
18441,majiro_(mazurka)
18442,majo_(pastamajo)
18443,majoccoid
18444,majormilk
18445,majunjuu
18446,majyo_(witch_poke)
18447,mak
18448,mak066
18449,mak_(kainemaru)
18450,maka_(hyougenbu)
18451,maka_(mksrw)
18452,maka_(morphine)
18453,maka_(user_rryf2748)
18454,maka_aratame
18455,maka_neko
18456,makabe_gorou
18457,makacoon
18458,makadamixa
18459,makademia
18460,makai
18461,makai_no_juumin
18462,makako_(yume_bouei_shoujo_tai)
18463,makamati
18464,makani_kohitujito
18465,makano_mucchi
18466,makaria
18467,makaroll
18468,makaron
18469,makaron611
18470,makaroni
18471,makarony
18472,makarou
18473,makaze_(t-junction)
18474,makenevemoiine
18475,maki_(02uh14l1b740ao2)
18476,maki_(huran)
18477,maki_(letusgomaki)
18478,maki_(maki_pei)
18479,maki_(natoriumu)
18480,maki_(seventh_heaven_maxion)
18481,maki_aida_factor
18482,maki_daikichi
18483,maki_ikazuya
18484,maki_keigo
18485,maki_maki_(makimakipoipoi)
18486,maki_michaux
18487,maki_soutoki
18488,maki_yoshitake
18489,makiaato
18490,makicha_(sasurainopink)
18491,makie_fujiyuki
18492,makiemon
18493,makigirisu
18494,makihige
18495,makihitsuji
18496,makimaki_makky7
18497,makimura_shunsuke
18498,makin_tama
18499,makina00
18500,makinakid
18501,makinan
18502,makinaru
18503,makingtawawa
18504,makino_(727me727)
18505,makino_(ukiuo)
18506,makino_harumaki
18507,makino_momiji_(artist)
18508,makino_tomoyasu
18509,makinohara_ue
18510,makinoki
18511,makiri_akira
18512,makirin
18513,makise_(mix020511)
18514,makise_minami
18515,makishima_azusa
18516,makishima_rin
18517,makisige
18518,makita_(homosapiensu)
18519,makita_(mugitya3776)
18520,makita_(twosidegekilove)
18521,makita_(vector1525)
18522,makita_haruka
18523,makita_maki
18524,makita_yoshiharu
18525,makitoshi0316
18526,makiya
18527,makiyuki
18528,makkamu
18529,makki_(tobaccos)
18530,makki_do
18531,makkori_(utoxrjimlx8x49s)
18532,makkuro
18533,makkurourufu
18534,mako_(macomaco7)
18535,mako_(makoda)
18536,mako_gai
18537,makochan42
18538,makochin
18539,makoji_(yomogi)
18540,makolas97
18541,makoron117117
18542,makoto1009
18543,makoto_(dandelion)
18544,makoto_(mk10)
18545,makoto_(roketto-massyumaro)
18546,makoto_139
18547,makoto_daikichi
18548,makoto_ikemu
18549,makoto_jon
18550,makoto_ono
18551,makoushi
18552,maku-raku
18553,maku_(l-u)
18554,maku_(wasabishock)
18555,maku_ro
18556,makucrp
18557,makumaxu
18558,makura_(makura0128)
18559,makura_(y_makura)
18560,makura_u9b
18561,makura_wet
18562,makuran
18563,makuro
18564,makuwauri
18565,mal_poi
18566,malachite
18567,malan
18568,malberrybush
18569,malcorond
18570,malice_stella
18571,malino_(dream_maker)
18572,mallizmora
18573,mallllma
18574,malshi_edroad
18575,malvar
18576,mam233
18577,mama_(mama_hiro)
18578,mamaa_(maeni6379)
18579,mamadasky
18580,mamaito
18581,mamaloni
18582,mamaprofennn
18583,mamara_tang
18584,mame
18585,mame-p
18586,mame1645
18587,mame_cs5
18588,mame_komari
18589,mame_moyashi
18590,mame_nabe_donko
18591,mame_usagi
18592,mamecchi
18593,mamedenchi
18594,mamedenkyuu_(berun)
18595,mamegohan
18596,mamei_mema
18597,mamel_27
18598,mamemix
18599,mamemo_(daifuku_mame)
18600,mamemochi
18601,mamenomoto
18602,mameojitan
18603,mamepon
18604,mamerakkkkko
18605,mameroku
18606,mameshiba_(pixiv_59310)
18607,mamesi_(suhk8583)
18608,mametarou_(mameji)
18609,mameyanagi
18610,mamezou
18611,mamezou_(mamechan182)
18612,mamezou_(tzakki023)
18613,mamezuka_takashi
18614,mami_(apsaras)
18615,mamimi_(mamamimi)
18616,mamimu_(ma-mi-mu.me)
18617,mamimumemo
18618,mamiru_(42105269)
18619,mamita
18620,mamiya_miya
18621,mamiya_myanmar
18622,mamiya_t
18623,mamiya_yuki
18624,mamiyahara_hitoshige
18625,mamiyama
18626,mamo_(fortune-mm)
18627,mamo_(user_jjca7524)
18628,mamo_williams
18629,mamoru_(arizona)
18630,mamoru_(mamoru_jinja)
18631,mamoru_mikokoro
18632,mamorunokoto
18633,mamu_t7s
18634,mamuru
18635,mamyouda
18636,man015s
18637,man_(man-room)
18638,man_(trance)
18639,mana30row
18640,mana_(artist)
18641,mana_(remana)
18642,mana_(tsurubeji)
18643,manabe_jouji
18644,manabe_mana
18645,manabu_yashiro
18646,manaka_(gunjooou)
18647,manaka_(pdx)
18648,manami_(aph-23)
18649,manamitsu
18650,manamoko_(fancy_surprise!)
18651,manana_(matoi1111)
18652,manarou
18653,manatsuki_manata
18654,manatu_kato
18655,manbou_no_ane
18656,manbu72747
18657,manchi_kansuke
18658,manda_(luts7602)
18659,manda_(manda9n)
18660,manda_schank
18661,mandaring
18662,mandei_(nao_1234567)
18663,mandio_art
18664,mandrill
18665,mandudaein
18666,mandytsune
18667,mane_(omedemidori)
18668,maneki-neko_(fujifuji)
18669,manekineko5319
18670,manekinekoppoi_inu
18671,manfung
18672,mangamaster
18673,manggapaegtoli
18674,manglifer
18675,mangmoongming
18676,mango_(mgo)
18677,mangotonic
18678,mangpum_(taro109210)
18679,mangzhi_yaoyao
18680,mani_(manidrawings)
18681,mani_oniniku
18682,mani_padme
18683,mani_tamlyn
18684,mania_(fd6060_60)
18685,maniacpaint
18686,maniani
18687,manimarough
18688,manio
18689,manji_taba
18690,manjirou_(manji_illust)
18691,manjo_(warito)
18692,manjuu_teishoku
18693,manjyufroth
18694,mankai_kaika
18695,mankun
18696,manle
18697,manman_manyou_haiyang_de_paomo
18698,manmaru_tamago
18699,manme
18700,manmi
18701,manna_(pixiv8805037)
18702,mannack
18703,mannen_junyuuki
18704,manno_(kanpi2100)
18705,mano_aaa
18706,manoji
18707,manoko
18708,manomenou
18709,manorea
18710,manse
18711,mansu
18712,mansu_(user_pnmp4287)
18713,mantarou_(shiawase_no_aoi_tori)
18714,mantou_xiang
18715,mantou_yu
18716,manuka_x_x
18717,manunnu
18718,manya_drhr
18719,manya_sora
18720,manyako_(mohumohu)
18721,manysart1
18722,manyuu_kaeru_tasuke_sansei
18723,manzai_sugar
18724,manzin
18725,mao_(6r)
18726,mao_(alepricos)
18727,mao_(expuella)
18728,mao_ge
18729,mao_lian_(nekokao)
18730,mao_xiaozha_(rumiechen)
18731,mao_yu
18732,maobing_maobing
18733,maodouzi
18734,maoh_yueer
18735,maonatten
18736,maorenc
18737,maosame
18738,maosen
18739,maou_(demonlord)
18740,maou_(maoudaisukiya)
18741,maou_alba
18742,maozi_dan
18743,map_(blue_catty)
18744,map_(map_imas)
18745,mapar
18746,mapi
18747,mapi_(mup1228)
18748,maple_(abc2215)
18749,maplesights
18750,mappaninatta
18751,mappe_(778exceed)
18752,mappo_m2
18753,mappuri
18754,mapyarong
18755,mapyuhin_za_puremiyamu
18756,maqin
18757,mar-c!
18758,mar10
18759,mararu
18760,maratang
18761,marble-v
18762,marble_(marblesized)
18763,marbow_tomato
18764,marcey
18765,march-bunny
18766,marche_mk14
18767,marco_albiero
18768,mardjan
18769,mare6ns
18770,mare_ma
18771,marekamico
18772,maremay0513
18773,margare
18774,mari-mason
18775,mari0ball
18776,mari_(doraerin0)
18777,mari_(little_crown)
18778,mari_(marimaripink)
18779,mari_(rodoney-kiara)
18780,mari_audio
18781,maria_(maria0304)
18782,maria_(maria_rose)
18783,maria_(syake-uni)
18784,maria_komaki
18785,maria_onnette
18786,mariabowl
18787,maribou_(supermaribou)
18788,marie_(marie_cookie222)
18789,marie_(pixiv59672544)
18790,mariebell
18791,marihei64ds
18792,mariirasuto7
18793,marik_bentusi
18794,marillust
18795,marimo_(artist)
18796,marimo_(yousei_ranbu)
18797,marimo_625
18798,marimo_daifuku
18799,marimo_danshaku
18800,marimo_jh
18801,marimo_tarou
18802,marin_(myuy_3)
18803,marin_liekuriva
18804,marine_(confeitokobo)
18805,marinesnow
18806,mario_(mario_portal)
18807,mario_grant
18808,mario_kaneda
18809,marion-ville
18810,marionette_(excle)
18811,marirero_a
18812,maririn
18813,maririnbo
18814,marisasu_(marisa0904)
18815,marisayaka
18816,marishiten
18817,marishiten_(mar1sh110)
18818,marisu
18819,marisuku
18820,maritan_(pixelmaritan)
18821,mariwai_(marireroy)
18822,mark1019
18823,mark_(heaven)
18824,mark_gavatino
18825,mark_jin
18826,marmalade_mum
18827,marmaladica
18828,marmochi
18829,marmoset_(marmoset0)
18830,marnie_(marnielovesyou)
18831,maro_(lij512)
18832,maro_nie
18833,maromaron_taitei
18834,maromi_(am97)
18835,maromi_gou
18836,maromichan
18837,maron_(kagamikunn)
18838,maron_star
18839,maronee_san
18840,maronie.
18841,maroonabyss
18842,maroppe
18843,marota
18844,marotoskin
18845,marotti
18846,maroyan
18847,marrbl
18848,marron_marron
18849,marrontorisu
18850,marse_(rokudaime)
18851,marsen
18852,marshall_(wahooo)
18853,marshall_k
18854,marth-chan_(micaiah_mrmm)
18855,martinreaction
18856,maru-kichi
18857,maru-sun
18858,maru.selinn
18859,maru_(314)
18860,maru_(hachi_47923)
18861,maru_(marg0613)
18862,maru_(maru1105)
18863,maru_(maru1625)
18864,maru_(memoriatechnica)
18865,maru_(pixiv51714255)
18866,maru_(umc_a)
18867,maru_ccy
18868,maru_daizu_(aqua6233)
18869,maru_shion
18870,maru_takeo
18871,maru_usagi
18872,maruboku
18873,marubonman
18874,maruchan.
18875,maruchi
18876,maruco
18877,marudeningen
18878,marueri
18879,marufuji_hirotaka
18880,marugoshi_(54burger)
18881,marugoshi_teppei
18882,maruhachi_(maruhachi_record)
18883,marui
18884,marui_(koedame)
18885,marui_kado
18886,marui_maru
18887,marui_shiro
18888,maruichi_pepeto
18889,maruino
18890,maruishi
18891,marujin
18892,marukei_(kuramaruk)
18893,maruki_(punchiki)
18894,maruko_tooto
18895,maruku
18896,marukyuu_ameya
18897,marulire
18898,maruma_(maruma_gic)
18899,maruma_gozu
18900,marumai
18901,marumi
18902,marumikan
18903,marumoru
18904,maruneko
18905,maruno
18906,maruno_ball
18907,maruno_zzz
18908,maruput
18909,maruro
18910,marusa_(marugorikun)
18911,maruse_nisanosuke
18912,marushin_(denwa0214)
18913,maruta_(denmasked)
18914,maruta_(shummylass)
18915,maruta_kentarou
18916,maruta_maruta
18917,marutani
18918,marutaya
18919,marutenmaruten
18920,maruti_bitamin
18921,maruto!
18922,marutoko45
18923,marutsubo
18924,maruwa_tarou
18925,maruyaa_(malya1006)
18926,maruyama
18927,maruyama_en
18928,maruyama_rui
18929,maruyo
18930,maruze_circus
18931,marvin_(omarvin)
18932,mary_(14476764)
18933,mary_cagle
18934,mary_felizola
18935,mary_is_mine
18936,maryquant
18937,mas_(5734ghji)
18938,mas_square
18939,masa_(masa-koba)
18940,masa_(mirage77)
18941,masa_(miyabitei)
18942,masa_(mshk_s)
18943,masa_(p-piyo)
18944,masa_ashe
18945,masa_masa
18946,masago_(rm-rf)
18947,masaharu
18948,masakano_masaka
18949,masakappa
18950,masaki_(celesta)
18951,masaki_(ekakiningen)
18952,masaki_(machisora)
18953,masaki_(masakinariya)
18954,masaki_(msk064)
18955,masaki_(sibamasa)
18956,masaki_(star8moon)
18957,masaki_kei
18958,masaki_nanaya
18959,masaki_shino
18960,masakichi_(crossroad)
18961,masakichi_(heppouku)
18962,masakichi_(mmw)
18963,masakikazuyoshi
18964,masako_(sabotage-mode)
18965,masami_(souzou_jinsei_sanka)
18966,masami_atabe
18967,masami_chie
18968,masamuuu
18969,masanaga_(tsukasa)
18970,masao_(ebi_no_osushi)
18971,masaoka_misaki
18972,masara_(chuujou)
18973,masaru.jp
18974,masaru_(kises_j)
18975,masato_(mirai_koubou)
18976,masato_(mk)
18977,masatoki
18978,masatoshi_1219
18979,masaya_ichika
18980,masayoshi
18981,masayoshi_togashi_(alu379)
18982,masayu
18983,masco
18984,mash_illust
18985,masha
18986,mashayuki
18987,mashicono
18988,mashikaku_(ma4kaku10fu)
18989,mashilemo
18990,mashima_(sumachi)
18991,mashima_hiro
18992,mashima_jirou
18993,mashima_saki_(mashimasa)
18994,mashima_shima
18995,mashimaro_tabetai
18996,mashimaru_(muzikluva)
18997,mashimashi
18998,mashinatsu
18999,mashio
19000,mashiro_aa
19001,mashiro_haneda
19002,mashiro_io
19003,mashiro_ka
19004,mashiro_kta
19005,mashiro_latte_(msrn39)
19006,mashiro_shiki
19007,mashiro_yukiya
19008,mashita._(mentaiko_omoti)
19009,mashita_(candy_apricot)
19010,mashitono_desu
19011,mashu_(masyu_ut)
19012,mashue
19013,mashugure
19014,mashuu_(neko_no_oyashiro)
19015,mashuu_masaki
19016,masikakuma
19017,masin0201
19018,masiro
19019,masiromu
19020,masirosu
19021,masked_agent
19022,maskin_mei
19023,maskman
19024,maskv
19025,masn_(moxi)
19026,masollyn
19027,masoq
19028,masruu
19029,massakasama
19030,massala
19031,massan
19032,masshirokachi
19033,masshu_(shu_123426)
19034,massigura
19035,massive_kagawa
19036,masso
19037,masso_nullbuilt
19038,massoukei
19039,mast3r-rainb0w
19040,master_(4th)
19041,master_(momitai7)
19042,master_m_489
19043,masu_gitsune
19044,masu_shu
19045,masuchi
19046,masuishi_kinoto
19047,masuki
19048,masuku_(saint_mask)
19049,masukudo_(hamamoto_hikaru)
19050,masukuza_j
19051,masumofu
19052,masuneko
19053,masunosushi
19054,masuo
19055,masupa_kiriu
19056,masushita
19057,masutaauu
19058,masuyama_kei
19059,masuyama_ryou
19060,masyu_ori
19061,mat_(matdesenheiro)
19062,mata
19063,mata-aro
19064,mata_(matasoup)
19065,matado_(almukha)
19066,matagitii
19067,matahei
19068,mataichi_mataro
19069,matajirou_(matagiro)
19070,matamataro
19071,matangom
19072,matanonki
19073,matanukinuki
19074,matarasu_(aaaaaaaaj)
19075,mataro_(matarou)
19076,matarou_(matarou072)
19077,matasabu
19078,matata1203
19079,matatabeat
19080,matatabi_(karukan222)
19081,matatabi_(nigatsu)
19082,matatabi_maru
19083,matataku
19084,matatatatabi
19085,matayoshi_(nopple_1000)
19086,match_(idleslumber)
19087,match_(scp115)
19088,matcha_(mattyan)
19089,matcha_cream_v
19090,matcha_kingyo
19091,matcha_yado
19092,matchadzuke
19093,matchanear
19094,matchaneko
19095,matchi_(ginger.8)
19096,matdoljangin
19097,mate_(oktavia1121)
19098,matebashi
19099,matemi
19100,materclaws
19101,materu_(2532)
19102,mateus_upd
19103,mathew_(srmmk_mce)
19104,mathiamo13
19105,mati5572
19106,matilda_(matildax)
19107,matilda_fiship
19108,matiyan923
19109,matmaj
19110,mato_(mozu_hayanie)
19111,mato_(target5260)
19112,mato_kuroi
19113,mato_spectoru
19114,mato_tsuyoi
19115,matoba_(ga6life)
19116,matohuku1210
19117,matoka7
19118,matokechi
19119,matoki_misa
19120,matokichi
19121,maton_3110
19122,matori_(penguin_batake)
19123,matoyama
19124,matra_milan
19125,matrix16
19126,matryoshka_(borscht)
19127,matsogum
19128,matsu-sensei
19129,matsu_(bandan)
19130,matsu_84
19131,matsu_arts
19132,matsu_kitsune
19133,matsuba_(idiotlantern)
19134,matsuba_mattsu
19135,matsubara_hidenori
19136,matsubara_ryuu
19137,matsubara_tsuyoshi
19138,matsubokkurin227
19139,matsuda_(0yx38755230263c)
19140,matsuda_(matsukichi)
19141,matsuda_hikari
19142,matsuda_juukou
19143,matsuda_toki
19144,matsuda_yuusuke
19145,matsudo_aya
19146,matsudora124
19147,matsugi_zuntaro
19148,matsuha_shuu
19149,matsuharu_(lip-mil)
19150,matsuhisa_(ryo-tsuda1)
19151,matsui_celine
19152,matsui_haru
19153,matsui_yasutsugu
19154,matsukan_(dug_pile)
19155,matsukawa_(pale_scarlet)
19156,matsukaze_mattya
19157,matsukaze_yukiji
19158,matsuki_(mikipingpong)
19159,matsuki_akira
19160,matsuki_ringo
19161,matsuko_(mrimri3)
19162,matsukura_nemu
19163,matsukuzu
19164,matsumine_(twin-mix)
19165,matsumiya_kiseri
19166,matsumoto_(matsumoto_kougyou)
19167,matsumoto_mitsuaki
19168,matsumoto_noriyuki
19169,matsumoto_tomoyohi
19170,matsumoto_yuu
19171,matsumotoasumu
19172,matsunaga777
19173,matsunaga_(haku)
19174,matsunaga_garana
19175,matsunaga_kouyou
19176,matsunaka_hiro
19177,matsunashi_noe
19178,matsuno_canel
19179,matsuno_opa
19180,matsuo_(matuonoie)
19181,matsuo_hiromi
19182,matsuo_shogo
19183,matsuo_yukihiro
19184,matsuo_yuusuke
19185,matsuoka_(mtok_0)
19186,matsuoka_michihiro
19187,matsuppoi
19188,matsura_(nagatosan)
19189,matsura_ichirou
19190,matsuri6373
19191,matsuri_(matsuike)
19192,matsuri_kyuuta
19193,matsurika_(harusutain)
19194,matsurika_youko
19195,matsuryuu
19196,matsusaka_gyuu
19197,matsuse_daichi
19198,matsushika
19199,matsushita_(matsudbox)
19200,matsushita_makako
19201,matsushita_yuu
19202,matsutani
19203,matsuu_(akiomoi)
19204,matsuuni
19205,matsuura@parao
19206,matsuura_kento
19207,matsuya_(pile)
19208,matsuyama_kojika
19209,matsuyama_nozomu
19210,matsuzaka_(matsuzakagyu_29)
19211,matsuzaki_miyuki
19212,matsuzaki_yutaka
19213,matt_frank
19214,mattaku_mousuke
19215,mattang
19216,mattari_illust
19217,mattari_yufi
19218,mattie
19219,mattsu
19220,mattsuu
19221,matty_(matsutomo)
19222,matty_(zuwzi)
19223,mattyakinako_(odango_imomushi)
19224,mattyazuki
19225,matuda_(matudayazo)
19226,matudo_yuu
19227,matumot
19228,maturiuta_sorato
19229,matutoya
19230,matwvv
19231,mau_sakura
19232,maud0239
19233,maullarmaullar
19234,maumaujanken
19235,maumen
19236,mauve
19237,maven_(madeinheaven_23)
19238,mavezar
19239,maviss_03
19240,mawari28
19241,mawaridi
19242,mawaru_(ajan)
19243,mawaru_(mawaru)
19244,max-k
19245,max58art
19246,max_(maxlikeapicture)
19247,max_domikov
19248,max_melon
19249,maxa'
19250,maxturbo69
19251,maxwelzy
19252,may.l
19253,may9
19254,may_(2747513627)
19255,may_(illust_man_2020)
19256,may_salamanya
19257,maya_(mayamayammy)
19258,maya_(tirolpop)
19259,maya_panda
19260,mayachi_(amuriya)
19261,mayana_(bbpp)
19262,mayashtale
19263,maybe_its_mayvi
19264,maybecrosswise
19265,maydaykiki
19266,maydrawfag
19267,mayena
19268,mayhem_art
19269,mayo_(becky2006)
19270,mayo_(mayomr29)
19271,mayo_(oekaki_bibbi)
19272,mayo_riyo
19273,mayoa
19274,mayogii
19275,mayohi_neko
19276,mayoi_zzz
19277,mayokichi
19278,mayoln
19279,mayonaka_taruho
19280,mayosuke
19281,mayotsunamayo
19282,mayu-mayu1026
19283,mayu_(airmods)
19284,mayu_mey
19285,mayuge_inu
19286,mayuki_(ubiquitous)
19287,mayumochini
19288,mayura_(lucadia)
19289,mayuri_kaichou
19290,mayusaki_yuu
19291,mayutsuba_mono
19292,mayuzumi
19293,mayuzumi_makiha
19294,maz_515
19295,mazakura_senju
19296,mazamuno
19297,mazarimon
19298,maze_(gochama_ze_gohan)
19299,maze_draws
19300,maze_yuri
19301,mazel_(mazel_star)
19302,mazeran
19303,mazeru_(jisjifin)
19304,mazingkaizer
19305,mazjojo
19306,mazuka_kei
19307,mazume
19308,mbct01
19309,mbdtz
19310,mca_(dessert_candy)
19311,mcbox
19312,mcbuckwheat
19313,mcdobo
19314,mcgmark
19315,mcgunngu
19316,mchi
19317,mchiefy
19318,mcic0
19319,mclelun
19320,mcpc_zamurai
19321,mcr_roggle
19322,mctom
19323,mdf_an
19324,mdthetest
19325,me_(mikannu)
19326,me_meel
19327,mea_(brunhilde)
19328,mea_(hwaksal)
19329,mea_(manami030)
19330,meadow_(morphinecaca)
19331,meago
19332,meanstreet
19333,mearian
19334,mearyo
19335,measho
19336,meat7955
19337,meba
19338,mebachi
19339,mebae
19340,mebaru
19341,mebe_(teadia_violet)
19342,mebi_il
19343,mebunryo_(mebunryo2)
19344,mecco
19345,mecha_(alswp)
19346,mecha_kaku_man
19347,mechari
19348,mechiru
19349,mechrailgun
19350,mechuragi
19351,mecyo_(mamezurushiki)
19352,meda
19353,meda_cha
19354,medaka_h2
19355,medaman
19356,medara
19357,medatarou
19358,medemoisellecu
19359,medinki
19360,medori
19361,medu_(rubish)
19362,mee_don
19363,meeeeeeco359
19364,meeko
19365,meekohopanes
19366,meemz_a
19367,meen_(ouaughikepdvrsf)
19368,meer_rowe
19369,meesuke
19370,meet_(105r)
19371,meet_neet
19372,meettheton
19373,mefomefo
19374,megabee_e
19375,megadeus_mommy
19376,megafaiarou_(talonflame_810)
19377,megahiyo
19378,megakura_kinshi
19379,megame_(okbnkn)
19380,megane_(artist)
19381,megane_chuu
19382,megane_poni
19383,meganei
19384,megao_3rd
19385,megarisu
19386,megatama
19387,megateru
19388,megawatt
19389,mege_(megechan)
19390,meginalter
19391,megitti
19392,megochi
19393,megrocks
19394,megu_(pixiv9460065)
19395,megubiru
19396,megumi_kei
19397,megumi_yakiniku
19398,megumiya
19399,meguri_uguisu
19400,meguro_fukuzou
19401,meguru_(megurunn)
19402,megurumiru
19403,mehonobu_g
19404,mehyuew39
19405,mei_(abliss)
19406,mei_(adomanju)
19407,mei_(manjunii)
19408,mei_(meiday_mise)
19409,mei_am0
19410,mei_ford
19411,mei_hinamatsu
19412,mei_ichi
19413,mei_miya
19414,mei_mu
19415,mei_ren
19416,meibi_1
19417,meicha
19418,meido_yomi
19419,meidosan
19420,meihemu
19421,meiji_(charisma_serve)
19422,meiji_(meiji770)
19423,meiji_(meizi493)
19424,meiji_(mosamoo3)
19425,meiji_(pecosyr5)
19426,meiji_ken
19427,meijiichigo
19428,meijin_kusano
19429,meikaa
19430,meily
19431,meimaru
19432,meimaru_inuchiyo
19433,meimei_(meimei89008309)
19434,meimi_k
19435,meimone
19436,meimu_(infinity)
19437,meimushi
19438,meinoss
19439,meion
19440,meipoi
19441,meipu_hm
19442,meiro_(yuu)
19443,meirong
19444,meis_(terameisu)
19445,meisa
19446,meisaki
19447,meisamu
19448,meisansan
19449,meister_staze
19450,meitarou
19451,meito_(maze)
19452,meitoro
19453,meiwowowo
19454,meiya
19455,meiya_neon
19456,meiyan_(boyimachao)
19457,meiyoshima
19458,meiz
19459,meji_aniki
19460,mejikara_scene
19461,mek
19462,mek_number
19463,mekabu
19464,mekakuri_(otacon250)
19465,mekameka_shii
19466,mekarauroko
19467,mekato
19468,meke_(77842928)
19469,mekeko
19470,mekimeki
19471,mekziro
19472,mel6969
19473,mel_(melty_pot)
19474,mel_a
19475,melailai
19476,melanbread
19477,melaton
19478,melciort
19479,mele_ck
19480,melerdon
19481,melings_(aot2846)
19482,melisaongmiqin
19483,melkor_mancin
19484,melkymelkii
19485,mell_(dmwe3537)
19486,mella
19487,mella_(mell_a12)
19488,mellific
19489,mellow_kaede
19490,mellow_rag
19491,melodyguru
19492,melon22
19493,melonbread
19494,melonenbrot
19495,melonpuff
19496,melopun
19497,melow_menow
19498,melowh
19499,melreon
19500,melt_(melt_out1)
19501,meltykiss0316
19502,meltyrice
19503,meluwow
19504,memai
19505,meme50
19506,memeh
19507,memekko
19508,memeno
19509,memento_vivi
19510,memeo_(candy_house)
19511,memetaroh
19512,memi_(gamemix)
19513,memidesuyo
19514,memmemme
19515,memna_(renka_roll)
19516,memoi
19517,memoji_7672
19518,memori_(egachachachan)
19519,memory_(prophet5)
19520,menaslg
19521,menbou_(menbow3v)
19522,menbou_(nonnontako)
19523,mendo_(mend0o0_)
19524,mendou_kusai
19525,mendou_saya
19526,menea
19527,meneru
19528,meng_bu_chong
19529,meng_ge_3_(565571710)
19530,meng_xiao_jiong
19531,meng_ziya
19532,menghuan_tian
19533,menglin393
19534,mengnaidu
19535,mengo
19536,mengxiaheqing
19537,mengxin_huazha
19538,menma_(enaic31)
19539,menma_kozo
19540,menmen_(menmen13s)
19541,menna_(0012)
19542,mennsuke
19543,meno
19544,menoko
19545,menokonome
19546,menomeno_draw
19547,menomorute
19548,menotama
19549,menoziriath
19550,ment
19551,mentaiko_jojotarou
19552,mentaiko_mamire
19553,mentally_deficient
19554,mentei_yakuna
19555,menthako
19556,mento
19557,menyoujan
19558,meola
19559,meolucky147
19560,meow7tail
19561,meow_(cindy738)
19562,meow_(nekodenki)
19563,meow_nyang
19564,meowlian
19565,meowrim
19566,meowwniz
19567,meoyo
19568,mephisto_(angraecum)
19569,mepikari
19570,mepo_(raven0)
19571,meracle
19572,meranie
19573,meranoreuka_(naokentak)
19574,meraring
19575,mercure_1104
19576,mercuri0ff
19577,mercury_xeno
19578,mercuryhx
19579,mercy_rabbit
19580,merellyne
19581,meremero
19582,mergeritter
19583,meri-san
19584,merii
19585,meriko
19586,merlusa
19587,mermaid_(artist)
19588,mero_(starfish_jcs)
19589,meron
19590,meron_nouka
19591,meronshiroppu
19592,merontomari
19593,merpperoni
19594,merry-san
19595,merry_(diameri)
19596,merry_program
19597,merryhachi
19598,merryj
19599,merrytail
19600,merryweather
19601,mersoleil03
19602,meru
19603,meru02295238
19604,meru_(mer_milky77)
19605,merue
19606,merumeko
19607,merumeru626
19608,merunyaa
19609,merxkialis
19610,mery_(yangmalgage)
19611,merylemons
19612,mescaline
19613,meshi_kue_yo
19614,meshida_(lux-far-accelerator)
19615,meshiiro_(rome_sy)
19616,meshiuma0x
19617,meshiya
19618,meso-meso
19619,meso_(goma-meso)
19620,messatsu_tan
19621,messiah_&_crea
19622,messiah_cage
19623,messier_number
19624,messikid
19625,messy_(efuya)
19626,mesuki_peropero
19627,mesuosushi
19628,mesushio
19629,meta_meta
19630,metadio
19631,metadora
19632,metae
19633,metal_man10
19634,metal_owl_(aden12)
19635,metalhanzo
19636,metaljelly
19637,metallican
19638,metalwasabi
19639,metalytar
19640,metamimi
19641,metaring
19642,metarogu
19643,metata
19644,metatarou
19645,meteor_(yamashou)
19646,meteoride
19647,meth_(emethmeth)
19648,methynecros
19649,metindone
19650,meto31
19651,meto_(metrin)
19652,metsu_end
19653,mettaflix
19654,meu203
19655,meua_2
19656,meunhongcha
19657,mewiyev
19658,mewniverse
19659,mexif
19660,meyamu
19661,meyoco
19662,meyou_0319
19663,meyshi
19664,mezashi_(mezamashi_set)
19665,meziosaur
19666,meziro001
19667,mezzo_(orbanga21)
19668,mg42cat-k1ng
19669,mg991998
19670,mg_(mica)
19671,mg_cls
19672,mg_kurino
19673,mg_pong
19674,mg_renders
19675,mgk968
19676,mgmg_1012
19677,mgomurainu
19678,mgong520
19679,mgx0
19680,mh2en
19681,mhg_(hellma)
19682,mhk_(mechamania)
19683,mhong
19684,mhru
19685,mhunter_45
19686,mi2mi2_minmi
19687,mi8pq
19688,mi_(27782900)
19689,mi_(liki1020)
19690,mi_(pic52pic)
19691,mi_398
19692,mi_bait
19693,mi_cha_iru
19694,mi_mi_ham
19695,mi_no_take
19696,mi_nomi_ni
19697,mi_taro333
19698,mi_tarou0412
19699,mia0309
19700,mia_(39565899)
19701,mia_(fai1510)
19702,mia_cbx
19703,miakiuehashi
19704,miamuly
19705,mian_(3zandora)
19706,mian_(user_kwcj2833)
19707,mian_lang
19708,mianmian741
19709,miao_jiangyou
19710,miao_yao_cha
19711,miaoema
19712,miaogujun
19713,miaohik
19714,miaotai_miota
19715,miaoyeza233
19716,miata_(miata8674)
19717,miatsushi
19718,miazi
19719,miazuma_sarin
19720,mibry_(phrysm)
19721,mibu_natsuki
19722,mibushiro
19723,micchamu
19724,micchan_(micchanmeido)
19725,micchi_(koto_maple)
19726,michael-x
19727,michael_f91
19728,michaellee4
19729,michairu
19730,miche
19731,michelan
19732,michelle_(ooo-anteat)
19733,michi
19734,michi_(iawei)
19735,michi_(michiisidayo)
19736,michi_kuso
19737,michia_(bourgognepony)
19738,michibata_65
19739,michihasu
19740,michii_yuuki
19741,michiking
19742,michiko_(ui29)
19743,michimaru_(michi)
19744,michinoku_(hiking_miusan18)
19745,michiru_(amphibian)
19746,michiru_donut
19747,michirutnk
19748,michiyon
19749,micho
19750,michou
19751,mick19988
19752,mickey_dunn
19753,mickeysmith
19754,miclot
19755,mico3
19756,micon
19757,micosiva
19758,microa
19759,microsd_(pibo)
19760,microspace
19761,microw
19762,mid_(gameshe)
19763,mid_(mid_skb)
19764,midfinger
19765,midiman
19766,midnamana
19767,midnight_(banyex)
19768,midnight_(midnightstream3)
19769,mido_(mido_chen)
19770,midomido
19771,midooka_(o_k_k)
19772,midori_(310ri_21)
19773,midori_(green_tea)
19774,midori_(misuriru8)
19775,midori_(searchlight)
19776,midori_(user_nsaz3272)
19777,midori_aoi
19778,midori_matsukaze
19779,midori_miyako
19780,midori_niku
19781,midori_no_baku
19782,midori_xu
19783,midoriiro_no_shinzou
19784,midorikawa_(tawf5452)
19785,midorikawa_you
19786,midorimae
19787,midorino_(green-happy)
19788,midorino_eni
19789,midorinocha
19790,midorinokaibutu4500
19791,midou_(grk12138)
19792,midou_tsukasa
19793,mie_haha
19794,mie_lu
19795,mie_xing
19796,miebao
19797,mieharu
19798,mielang
19799,miemia
19800,miemiebei
19801,miermere
19802,miero
19803,mif
19804,mifuru
19805,mifuta
19806,mifutatsu
19807,mig_(36th_underground)
19808,miga_(migao)
19809,migata
19810,migchip
19811,migel_futoshi
19812,mightyhonk
19813,migi_(mm86262394)
19814,migihidari_(puwako)
19815,migimaki_(migi_mawashi)
19816,migimiya_yoru
19817,migishita
19818,migita_(hirayuaki)
19819,mignon
19820,migo45
19821,migolu
19822,migu_(iws2525)
19823,migu_(migmig)
19824,migu_(migu_room)
19825,migumigu
19826,mihaeru
19827,mihama_machi
19828,mihara_(081mhrs)
19829,miharin
19830,miharu_(cgsky)
19831,miharu_(ttt)
19832,mihashi_(re4_glo)
19833,mihatarou
19834,mihato_senba
19835,mihifu
19836,mihira_(tainosugatayaki)
19837,miho_(mi)
19838,miho_(mymiho)
19839,mihoranran
19840,mihoto_kouji
19841,mihua_mh
19842,mii_(makosuke)
19843,mii_aki
19844,miichinori
19845,miiizuno_lbs
19846,miijiu
19847,miike_(992058)
19848,miiko_(drops7)
19849,miiko_(somnolent)
19850,miimu_(nelreg3)
19851,miitara
19852,miito_(meeeeton333)
19853,miito_shido
19854,miitoban
19855,miix777
19856,miiyon
19857,miji_doujing_daile
19858,mijikayo
19859,mijinko_(83nabe)
19860,mijinko_(rioriorio)
19861,mijinkouka
19862,mik_blamike
19863,mik_yanase
19864,mika_(1020mk)
19865,mika_miche
19866,mika_mikan
19867,mika_pikazo
19868,mika_uni
19869,mikado_(jokeraj)
19870,mikado_(winters)
19871,mikadukimo
19872,mikafen
19873,mikagami_ei
19874,mikagami_hiyori
19875,mikagami_mamizu
19876,mikagami_sou
19877,mikage_(shibi)
19878,mikage_baku
19879,mikage_kirino
19880,mikage_nao
19881,mikage_sekizai
19882,mikage_takashi
19883,mikagemaru_(mikage000)
19884,mikagura
19885,mikakami1e
19886,mikaku
19887,mikaku_(vbvpahw9)
19888,mikami
19889,mikami_hotaka
19890,mikami_komata
19891,mikami_mika
19892,mikamikiseki
19893,mikamin
19894,mikan-uji
19895,mikan03260
19896,mikan03_26
19897,mikan_(5555)
19898,mikan_(ama_no_hakoniwa)
19899,mikan_(artist)
19900,mikan_(bananoha)
19901,mikan_(chipstar182)
19902,mikan_(manmarumikan)
19903,mikan_(mikan_no_happa)
19904,mikan_(mikataaaa)
19905,mikan_29344886
19906,mikan_imo
19907,mikan_mizu
19908,mikan_no_shiru
19909,mikan_tabetai
19910,mikan_toshi
19911,mikanbako_(aitatadon3)
19912,mikanchii
19913,mikanmochi
19914,mikanniro
19915,mikannsisyou
19916,mikanoisi
19917,mikao_(eanv5385)
19918,mikapoe
19919,mikawa_ayumu
19920,mikawa_miso
19921,mikawa_sansen
19922,mikaze
19923,mikaze_oto
19924,mikazuchi_zeus
19925,mikazuki_akira!
19926,mikazuki_mika
19927,mikazuki_neko
19928,mikazuki_sara
19929,mikazuki_shigure
19930,mikazukimo
19931,mike156
19932,mike_(mikeneko)
19933,mike_inel
19934,mike_krome
19935,mike_luckas
19936,mike_no_hito
19937,mikebosi
19938,mikeco
19939,mikel_(4hands)
19940,mikemono_yuu
19941,mikeneko_mari
19942,mikeou
19943,mikeran5648
19944,mikeran_(mikelan)
19945,mikey_pie
19946,mikhdrag
19947,miki_purasu
19948,mikicat
19949,mikiji
19950,mikimoto_haruhiko
19951,mikipa
19952,mikisai
19953,mikisato
19954,mikki_(asmp)
19955,mikko_(mim_mikko)
19956,mikkoukun
19957,mikkusushi
19958,miko_(15476997)
19959,miko_(35nikomi)
19960,miko_(royal_milk)
19961,miko_fly
19962,miko_machi
19963,miko_no_kamiko
19964,mikoccccchan
19965,mikoko1
19966,mikokomiyazawa
19967,mikoma_sanagi
19968,mikomachi_(35machi)
19969,mikomiko_(mikomikosu)
19970,mikomo0106
19971,mikorin
19972,mikoscrub
19973,mikoto_(0709mikoto)
19974,mikoto_(mikoto_r_a)
19975,mikoto_(mio)
19976,mikoto_(stbk)
19977,mikoto_akemi
19978,mikoto_kei
19979,mikoto_paint
19980,mikou_(toromappo)
19981,mikoyan
19982,mikozin
19983,mikripkm
19984,miku_(mikururun)
19985,mikuchi3939
19986,mikujin_(mikuzin24)
19987,mikumiku37
19988,mikumo_(lpmkookm)
19989,mikuneki
19990,mikuni_(open-ranka)
19991,mikuni_mizuki
19992,mikuning
19993,mikuri_kamazirou
19994,mikuri_ouda
19995,mikuro
19996,mikuroron
19997,mikurou_(nayuta)
19998,mikuru_ism
19999,mikurun
20000,mil17459623
20001,mil_(xration)
20002,mil_k_vanilla
20003,mila_(yuta27315)
20004,milbi
20005,milcho
20006,milcona
20007,mild_(trmsasasa)
20008,mildt
20009,mile_(mil2)
20010,mile_(off8mile)
20011,milephunter
20012,milfcookiesimp
20013,mili_leona_orochi
20014,milim_nova
20015,milin_(orange_maru)
20016,militia_minpei
20017,miliya
20018,milk4290
20019,milk_(milk319319)
20020,milk_(ohota_ye1)
20021,milk_box_(leoleo963852741)
20022,milk_ko
20023,milk_puppy
20024,milk_tea_1993
20025,milka01477
20026,milka_(milk4ppl)
20027,milkiato
20028,milkpanda
20029,milkpeachi
20030,milkshakework
20031,milktea_(gggrrr2000)
20032,milkuriem
20033,milky_tea
20034,milkybot
20035,milkymilkyshark
20036,milkytiddyboy
20037,millcutto
20038,mille
20039,mille_(dieci)
20040,millet_pepper
20041,millgua
20042,milli_little
20043,milliani
20044,milll_77
20045,millpi01
20046,milluun
20047,milmil7
20048,miloku
20049,milon_cas
20050,milssak
20051,miluke
20052,mim_(mimya0600)
20053,mima_chi
20054,mimamui
20055,mimana
20056,mimelex
20057,mimelond
20058,mimi_(mimi_puru)
20059,mimi_(mini1474)
20060,mimi_(usausamm5)
20061,mimi_mine
20062,mimi_n
20063,mimihachi
20064,mimikaki_(men_bow)
20065,mimimi_(echonolog)
20066,mimimi_(mimimim9999)
20067,mimimikan
20068,mimippu
20069,mimisuke37
20070,mimitoke
20071,mimix
20072,mimiyama_kiichi
20073,mimizu_(tokagex)
20074,mimizubare
20075,mimizuku_(mmiganaru)
20076,mimizunooka
20077,mimme_(haenakk7)
20078,mimo_lm
20079,mimoe
20080,mimofu_(fullhighkick)
20081,mimonel
20082,mimori_(cotton_heart)
20083,mimori_(mimori_05)
20084,mimoth
20085,mimoto_(aszxdfcv)
20086,mimoza_(96mimo414)
20087,mimulishizi
20088,mimuni362
20089,mimura_(nnnnnnnnmoo)
20090,mimura_kaoru
20091,mimura_zaja
20092,mimyo
20093,min-naraken
20094,min1910
20095,min_(120716)
20096,min_(mts2314)
20097,min_(myna8247)
20098,min_lona
20099,mina_(sio0616)
20100,mina_cream
20101,minaba_hideo
20102,minafuni
20103,minagawa_emu
20104,minagi
20105,minagi_(gogogo)
20106,minagokoro
20107,minaha_(playjoe2005)
20108,minahamu
20109,minahoshi_taichi
20110,minai_mosa
20111,minaisu
20112,minaka_shobu
20113,minakami_(flyingman555)
20114,minakami_kaori
20115,minakami_mimimi
20116,minakami_nagara
20117,minakami_rinka
20118,minakamirin
20119,minakata_sunao
20120,minakuchi_takashi
20121,minami_(apricot_tea)
20122,minami_(colorful_palette)
20123,minami_(minami373916)
20124,minami_(mnm-kyk)
20125,minami_aomori
20126,minami_haruya
20127,minami_ikkei
20128,minami_juujisei
20129,minami_kawa
20130,minami_kazuki_(hanbee)
20131,minami_koyogi
20132,minami_machi
20133,minami_saki
20134,minami_seira
20135,minami_shin_(zenshuu_bougyo)
20136,minamia23
20137,minamidena
20138,minamihama_yoriko
20139,minamina
20140,minamino_kanata
20141,minamip
20142,minamito
20143,minamiya_mia
20144,minamo25
20145,minamo_(pixiv17726065)
20146,minamon_(vittel221)
20147,minamonochaba
20148,minamoto80486
20149,minamoto_(mutton)
20150,minamoto_hisanari
20151,minamoto_mamechichi
20152,minamura_haruki
20153,minapo
20154,minarai
20155,minarai_shachou
20156,minarai_tenna
20157,minarai_zouhyou
20158,minari_(minari37)
20159,minasato_hibiki
20160,minase_(dragon_panda)
20161,minase_(mmakina)
20162,minase_(takaoka_nanase)
20163,minase_kaya
20164,minase_lin
20165,minase_nagi
20166,minase_shuu
20167,minase_tamaki
20168,minasenagi
20169,minashirazu
20170,minatasiro
20171,minato_(ct_777)
20172,minato_(mntnm)
20173,minato_(robin)
20174,minato_fumi
20175,minato_hitori
20176,minato_ojitan
20177,minato_yoshihiro
20178,minato_yu
20179,minato_yu_(0514)
20180,minatoasu
20181,minatosaiga
20182,minatoto
20183,minatoya_mozuku
20184,minatsuki_(m1natsuk1)
20185,minatsuki_alumi
20186,minatsuki_hitoka
20187,minatsuki_kou
20188,minatsuki_nao
20189,minatsuki_randoseru
20190,minatsuki_yurara
20191,minau37
20192,minausa
20193,minawa
20194,minazoi_kuina
20195,minazuki_(0038)
20196,minazuki_(jo)
20197,minazuki_(uraha246)
20198,minazuki_haruka
20199,minazuki_juuzou
20200,minazuki_minao
20201,minazuki_mizu
20202,minazuki_noumu
20203,minazuki_tooru
20204,minazuki_tsuyuha
20205,minccino7
20206,minchia
20207,mine_(odasol)
20208,mine_(peak)
20209,mine_(wizard)
20210,mine_thrower_(ore_no_bakudan)
20211,mineco000
20212,minenami_ryou
20213,minertime
20214,mineta_naoki
20215,minew
20216,ming_(5unri5e666)
20217,ming_liu
20218,mingaru
20219,minggoo
20220,mingkozus
20221,mini2chainz
20222,mini_(pixiv6327751)
20223,mini_koala
20224,mini_mamu
20225,minidraco
20226,minikama
20227,minikon
20228,minillustration
20229,minimaru
20230,minimilieu
20231,miniru
20232,minishell
20233,ministarfruit
20234,minj_kim
20235,minkye
20236,minmin_(kemomofuri)
20237,minn_(kangjm1107)
20238,minnku
20239,mino_(kirarayakubou)
20240,mino_(mii_mt)
20241,mino_(minori)
20242,mino_(udonge)
20243,mino_tarou
20244,minoa_(lastswallow)
20245,minobu_jentoru
20246,minoe08
20247,minori_(faddy)
20248,minori_(m-noir)
20249,minori_(user_eket5233)
20250,minoru_(minoru_uwutemp)
20251,minoru_minoru
20252,minoshi
20253,minosu
20254,minowa_sukyaru
20255,minpei_ichigo
20256,minpou_(nhk)
20257,mins_(minevi)
20258,minster_(dooke)
20259,mint-tan
20260,mint_(mintlemonade3)
20261,mintchoco_(minchothudong)
20262,mintchoco_(orange_shabette)
20263,minted
20264,mintes
20265,mintice_(asatsukimint)
20266,minto_yupo
20267,mintol_(qool+)
20268,minton
20269,mintsu_(ichi--kun)
20270,minttchocok
20271,mintz912
20272,minu
20273,minuo
20274,minuolin
20275,minus_(sr_mineka)
20276,minus_zero69
20277,minusk9
20278,minuspal
20279,minutachi
20280,minxei
20281,minxinq
20282,minyo
20283,minyom
20284,minz_(minh_nguyen)
20285,mio1030
20286,mio_(fastest_lap)
20287,mioda_69ch
20288,mioda_xi
20289,miona_yui
20290,mios1225
20291,miothle
20292,mipi
20293,mipi_(u3u_00)
20294,miqueliafantasia
20295,mira_(miramita8727)
20296,miraa_(chikurin)
20297,miracle_hoshi
20298,mirage_(rairudiseu)
20299,mirai99
20300,mirai_(happy-floral)
20301,mirai_(mirai76_)
20302,mirai_(sugar)
20303,mirai_denki
20304,mirai_hikari
20305,miraino_tsubasa
20306,mirakichi
20307,mirakururu
20308,miranko
20309,mirano
20310,miranofuudoria
20311,miranosub
20312,miravi
20313,mirea
20314,mirei
20315,mirei-yume
20316,mirei_(miirei)
20317,miri1120
20318,miri_(ago550421)
20319,miri_(bossu_osu)
20320,miri_(cherryjelly)
20321,miri_(miri0xl)
20322,miri_(miri_1m)
20323,miri_(tobira_no_mukou)
20324,miri_illust
20325,mirimo
20326,mirin.
20327,mirin_(coene65)
20328,mirin_chikuwa
20329,mirin_pengin
20330,mirino
20331,miroku_san-ju
20332,miron_(mirona33)
20333,mironomeo
20334,mirror_(xilu4)
20335,mirrorclew
20336,mirrrrr
20337,miru
20338,miru_(mill_36)
20339,mirufuaa
20340,mirufui
20341,mirui
20342,miruki
20343,miruku_pan
20344,mirukurim
20345,mirun_(funimani)
20346,mirunai
20347,mirusa
20348,miruto_netsuki
20349,mirutsu_(milts)
20350,mirutu
20351,miruzawa_akechi
20352,miryoryo9
20353,mis705313
20354,misa_(jjin_miryeon)
20355,misa_(kaeruhitode)
20356,misa_mi
20357,misa_pika
20358,misagi_nagu
20359,misago_(525)
20360,misaka_(missa)
20361,misaka_12003-gou
20362,misakana
20363,misaki346
20364,misaki_(1n1m)
20365,misaki_(chess08)
20366,misaki_(kyal_001)
20367,misaki_(misaki86)
20368,misaki_(mskmmti)
20369,misaki_d3su
20370,misaki_juri
20371,misaki_kozue
20372,misaki_kurehito
20373,misaki_nonaka
20374,misaki_yuu
20375,misaki_yuu_(misaki_1192)
20376,misakura_aoi
20377,misakura_nankotsu
20378,misana
20379,misanga_(hxjd5354)
20380,misashi_(raichi821)
20381,misato_hao
20382,misawa_hiroshi
20383,misawa_kei
20384,mise_yuzuki
20385,misekai_555
20386,misekiss
20387,misg1111
20388,misha_(hoongju)
20389,misha_(ohds101)
20390,misheng_liu_yin
20391,mishima_hiroji
20392,mishima_kurone
20393,mishima_psycho
20394,mishima_toshihiro
20395,mishima_yoshikatsu
20396,mishio_(misio_40)
20397,mishiro_(andante)
20398,mishiro_(ixtlolton)
20399,mishiro_shinza
20400,mishuo_(misuo69421)
20401,misnon_the_great
20402,miso-ha_(ukyuu)
20403,miso_(b7669726)
20404,miso_(mimimiso)
20405,miso_(misomiso_154)
20406,miso_katsu
20407,miso_pan
20408,miso_panda
20409,miso_tanuki
20410,misocha
20411,misogi_(misogi1341)
20412,misoiri_(gokutsubushi)
20413,misokatsuhaumai
20414,misoni_(mi_so_ni_t)
20415,misonikomi
20416,misonikomiii
20417,misono_chiaki
20418,misonou_hirokichi
20419,misooden
20420,misoshiru_(meridianchild312)
20421,misoshiru_umai4
20422,misosiru_0224
20423,miss_faves
20424,missandydandy
20425,missarilicious
20426,missile228
20427,missile_(55missile)
20428,misskiwi
20429,missnips
20430,missou_shiro
20431,mistel_(sukebemistel)
20432,misteor
20433,mister_(black_and_white)
20434,mister_rhino_(wangzisama1001)
20435,mistermagnolia
20436,misti
20437,mistimagi
20438,mistowing
20439,mistrail
20440,mistynight
20441,misu_(miisuuu)
20442,misuke_(gyouran)
20443,misuko_(sbelolt)
20444,misumi_(macaroni)
20445,misumi_(niku-kyu)
20446,misumi_kouji
20447,misumigumi
20448,misuta710
20449,misuzu0342
20450,misuzu_(iridescence)
20451,misyune
20452,mit_(necomit)
20453,mita_chisato
20454,mita_kurumi
20455,mita_mitauzo
20456,mita_ryuusuke
20457,mitaka
20458,mitake_eil
20459,mitama_mudimudi
20460,mitarashi_(5333069)
20461,mitarashi_dingo
20462,mitarashi_kousei
20463,mitarashi_neko
20464,mitarashi_renge
20465,mitche
20466,mitchell_(dynxcb25)
20467,mitchi
20468,mitha
20469,mito_(calcomer)
20470,mito_(fate)
20471,mito_(go!go!king!)
20472,mito_amatsu
20473,mito_itsuki
20474,mito_soosu
20475,mito_tsubaki
20476,mitogawawataru
20477,mitojyaneeeeyo
20478,mitomaton
20479,mitomumitomu
20480,miton_(ton321)
20481,miton_(turuyasann)
20482,mitora5
20483,mitora_nao
20484,mitorizu_02
20485,mitosa
20486,mitosansan
20487,mitosupa_(qsiqydfz7nesh9w)
20488,mitsu336
20489,mitsu_(mitsu_art)
20490,mitsu_(nonoko05)
20491,mitsu_(tendou_itsuki)
20492,mitsu_plus
20493,mitsu_yomogi
20494,mitsuba-sama_(milkba-ng)
20495,mitsuba_(threeleaf)
20496,mitsuba_choco
20497,mitsubachi_(roundbee)
20498,mitsubachi_koucha
20499,mitsudoue
20500,mitsugi
20501,mitsugu
20502,mitsuha_(bless_blessing)
20503,mitsuhamochi
20504,mitsuhashitaeko
20505,mitsuji_mitsuyoshi
20506,mitsukayurie
20507,mitsukazu_(nijigen_complex)
20508,mitsuki3s_kir
20509,mitsuki_(goomoku)
20510,mitsuki_(mitsukitei)
20511,mitsuki_(toriaezu)
20512,mitsuki_mantarou
20513,mitsuki_meia
20514,mitsuki_mitsuno
20515,mitsuki_nite
20516,mitsuki_sanagi
20517,mitsuki_tayura
20518,mitsuki_tsumi
20519,mitsuki_yuu
20520,mitsuki_yuuya
20521,mitsukichi
20522,mitsumi_misato
20523,mitsumine_(ookami_no_oyashiro)
20524,mitsumine_raimu
20525,mitsumomo_mamu
20526,mitsumoto_jouji
20527,mitsunara
20528,mitsunari_miyako
20529,mitsuru_(habihapi)
20530,mitsuru_(madeinore)
20531,mitsurugi_sugar
20532,mitsurugi_tsurugi
20533,mitsusaka_mitsumi
20534,mitsutsuka
20535,mitsuya
20536,mitsuyo_(mituyo324)
20537,mittsu
20538,mitu_yang
20539,mitumi_mira
20540,mitus
20541,mituura
20542,mituyota_76
20543,mitya
20544,mityubi
20545,mitzoka2001
20546,miu_(angelo_whitechoc)
20547,miu_(miuuu_721)
20548,miuku_(marine_sapphire)
20549,miura-n315
20550,miura_hajime
20551,miura_kentarou
20552,miura_takehiro
20553,miurahha
20554,miurin
20555,miv4t
20556,mivioppai
20557,miwa_(ahyuck)
20558,miwa_shirow
20559,miwa_uni
20560,miwa_yoshikazu
20561,miwabe_sakura
20562,miwano_rag
20563,miwasiba
20564,miwataru
20565,mix_(wkupmix)
20566,mixflavor
20567,mixplin
20568,miy@
20569,miy_001
20570,miya-chan_(lightning0730)
20571,miya-ki_(miya_key)
20572,miya9
20573,miya_(38magical)
20574,miya_(baelfight)
20575,miya_(chocolate_holic)
20576,miya_(ete)
20577,miya_(hooooo)
20578,miya_(miyaruta)
20579,miya_(tokumei)
20580,miya_(tsumazukanai)
20581,miya_(zawarudo)
20582,miya_kazutomo
20583,miya_nns35
20584,miya_star_saa
20585,miya_ur
20586,miyabe_makoto
20587,miyabi_(037)
20588,miyabi_(miura105)
20589,miyabi_(miyabeeya)
20590,miyabi_(miyabi_r18)
20591,miyabi_akino
20592,miyabi_mt-b
20593,miyabi_tsuzuru
20594,miyabi_urumi
20595,miyabino_(miyabi1616)
20596,miyage_no_nukegara
20597,miyagi_ratona
20598,miyahara_takuya
20599,miyai_(myai04)
20600,miyai_haruki
20601,miyai_sen
20602,miyajima_(anthem-anthem)
20603,miyajima_hitoshi
20604,miyajima_reiji
20605,miyaka_(58305841)
20606,miyakawa106
20607,miyake_taishi
20608,miyako_(mongcocoa)
20609,miyako_(naotsugu)
20610,miyako_(rgrayt)
20611,miyako_(xxxbibit)
20612,miyako_draw
20613,miyako_hito
20614,miyakodori_takayuki
20615,miyakoji_(plokmtamako)
20616,miyakoto
20617,miyakouji
20618,miyakura_shiiha
20619,miyakure
20620,miyama-zero
20621,miyama_(kannsannn)
20622,miyama_(lacrima01)
20623,miyama_(yakinikusushi_the_royal)
20624,miyama_amehiko
20625,miyama_leaves
20626,miyama_mizuki_(hoshihoshi1220)
20627,miyama_rikka
20628,miyamae_(miyazen9311)
20629,miyamae_porin
20630,miyamaki
20631,miyamaru
20632,miyamoto_(dominocube6)
20633,miyamoto_issa
20634,miyamoto_ryuuichi
20635,miyan_(oceanmaiden)
20636,miyan_(shamigame)
20637,miyanami_3
20638,miyane_aki_(radical_dash)
20639,miyano_akihiro
20640,miyanome
20641,miyao_ryuu
20642,miyapo
20643,miyar2d2
20644,miyasaka_miyabi
20645,miyasaka_miyu
20646,miyasaka_naco
20647,miyase_mahiro
20648,miyasemao
20649,miyashiro
20650,miyashiro_ryuutarou
20651,miyashiro_sousuke
20652,miyashita_miki
20653,miyasu_risa
20654,miyasumi_(jam_session)
20655,miyata_(lhr)
20656,miyata_gakuman
20657,miyata_sou
20658,miyatsuki_itsuka
20659,miyaulait
20660,miyawaki
20661,miyayoki
20662,miyazakisoul
20663,miyazawa_tsutomu
20664,miyazero
20665,miying_(13975192760)
20666,miying_(ho_ru03_15)
20667,miyo_(13th_floor)
20668,miyo_(miyomiyo01)
20669,miyo_(ranthath)
20670,miyo_(user_xstn5827)
20671,miyoshi_(triple_luck)
20672,miyoshi_nao_(miyoshist)
20673,miyoshi_yoshimi
20674,miyoshino
20675,miyota
20676,miysin
20677,miyu10366
20678,miyu_(matsunohara)
20679,miyu_(miy_u1308)
20680,miyu_(shiyemiyu)
20681,miyuara
20682,miyuchiq
20683,miyuika
20684,miyuki_(9029009)
20685,miyuki_(yxbt7)
20686,miyuki_rei
20687,miyuki_ruria
20688,miyuki_yaya
20689,miyukiko
20690,miyuli
20691,miyuu
20692,miyuzu
20693,miz
20694,miz7xf
20695,miz_(mi)
20696,miz_(mizillustration)
20697,mizah_(mizah)
20698,mizala
20699,mizame
20700,mizin_kosutin
20701,mizoguchi_keiji
20702,mizoki_kei
20703,mizonaki
20704,mizone
20705,mizore_akihiro
20706,mizore_arius
20707,mizoreame
20708,mizoredama
20709,mizoredama1
20710,mizoreshi
20711,mizoro_tadashi
20712,mizoshi-x
20713,mizu
20714,mizu_(dl7613)
20715,mizu_(lzzrwi603)
20716,mizu_asato
20717,mizu_cx
20718,mizu_kane
20719,mizu_no
20720,mizuamememe
20721,mizuchi_(mizuchi7118)
20722,mizudama
20723,mizuga
20724,mizuha_(dreamchild_0504)
20725,mizuhara_aki
20726,mizuhara_yuu
20727,mizuhashi_parusui
20728,mizuhasi
20729,mizuiro123
20730,mizuiro_32
20731,mizuiro_raika
20732,mizukai
20733,mizukamakiri
20734,mizukami_ryouma
20735,mizukanayuki
20736,mizuki_(flowerlanguage)
20737,mizuki_(kogetsu-tei)
20738,mizuki_(koko_lost)
20739,mizuki_(mizuki_ame)
20740,mizuki_(mz)
20741,mizuki_(uzuki_no_sato)
20742,mizuki_0630
20743,mizuki_fua
20744,mizuki_gai
20745,mizuki_gyokuran
20746,mizuki_hitoshi
20747,mizuki_kotora
20748,mizuki_makoto
20749,mizuki_mau
20750,mizuki_maya
20751,mizuki_miyu
20752,mizuki_riko
20753,mizuki_ryuu
20754,mizuki_sei
20755,mizuki_takehito
20756,mizuki_toko
20757,mizuki_yuuma
20758,mizukiebiebi
20759,mizukikushou
20760,mizukiri_fuurai
20761,mizukoshi_(marumi)
20762,mizukoshi_mayu
20763,mizuku_hei
20764,mizumi_(artist)
20765,mizumi_zumi
20766,mizumidori
20767,mizumizu_(phoenix)
20768,mizumizzumiz
20769,mizumok1
20770,mizumori_keiichi
20771,mizumoto_tadashi
20772,mizuna_(water_emp-tei)
20773,mizunashi_(second_run)
20774,mizunashi_hayate
20775,mizunashi_kenichi
20776,mizune_(winter)
20777,mizunezumi
20778,mizunisabano
20779,mizuno-go
20780,mizuno374
20781,mizuno_(iori-amu)
20782,mizuno_(okn66)
20783,mizuno_(soutaman)
20784,mizuno_asami
20785,mizuno_eita
20786,mizuno_kakeru
20787,mizuno_keisuke
20788,mizuno_kurage
20789,mizuno_minato
20790,mizuno_mumomo
20791,mizuno_sao
20792,mizuno_uchi
20793,mizunoe_kotaru
20794,mizunomoto
20795,mizunototori
20796,mizuongaku
20797,mizupuruta
20798,mizurapi
20799,mizuryu_kei
20800,mizusaki_(kn27)
20801,mizusaki_(tengoku)
20802,mizusawa_mimori
20803,mizuse_kiseki
20804,mizuse_kouichi
20805,mizuse_ruka
20806,mizushima_(p201112)
20807,mizushima_kai
20808,mizushima_oonari
20809,mizushina_minato
20810,mizushirazu
20811,mizushiro_takuya
20812,mizusoba
20813,mizuta_kenji
20814,mizutama
20815,mizutama_(mao11260510)
20816,mizutamako
20817,mizutame_tori
20818,mizutani_megumi
20819,mizuto_(o96ap)
20820,mizutsuki_rei
20821,mizuumi_(bb)
20822,mizuya_chiharu
20823,mizuya_nao
20824,mizuyan
20825,mizuyoukan_(mikususannda)
20826,mizzterbii
20827,mjeff
20828,mji_(emucchi)
20829,mjn
20830,mjoyart
20831,mk-5
20832,mk_(lazymk)
20833,mk_(masatusaboten)
20834,mk_(mikka)
20835,mk_(mod0)
20836,mk_ret
20837,mkiiiiii
20838,mkm_(mkm_storage)
20839,mks
20840,mkt_(buizu-miki)
20841,mktr_(princess_mktr)
20842,mku
20843,ml
20844,ml_(sysynemuru)
20845,mleth
20846,mm30212
20847,mm39572
20848,mm_(mhm2592)
20849,mm_(mm_chair)
20850,mm_(motot)
20851,mm_(yoromu)
20852,mm_jjba
20853,mmariesr
20854,mmhomm
20855,mming_(mmingis18)
20856,mmk_(majinai_no_mori)
20857,mmlu_(honwa_karesu)
20858,mmlyno
20859,mmm_(ji1945)
20860,mmm_(mmm623)
20861,mmm_(xbit)
20862,mmmakaron888
20863,mmmera827
20864,mmmgnsn
20865,mmmiaa
20866,mmmilk
20867,mmmkawaine
20868,mmmmmkun
20869,mmmo3
20870,mmneko
20871,mmrailgun
20872,mmu
20873,mnce_o
20874,mnejing30
20875,mnjs
20876,mnkr98
20877,mnmktn
20878,mnnnya
20879,mnyfn7
20880,mo-fu
20881,mo011010
20882,mo0o0rae
20883,mo23
20884,mo_(aabx315)
20885,mo_(deciliter)
20886,mo_(ine_mao)
20887,mo_(mo80_rr)
20888,mo_(mocopo)
20889,mo_(nmnme)
20890,mo_(pixiv9929995)
20891,mo_cha_ri
20892,mo_komo_momo
20893,mo_ne
20894,mo_oku
20895,mo_xiaoxue
20896,mo_ying_yu
20897,mo_yu_de_jiaozi
20898,moa_(21energy12)
20899,moai_(aoh)
20900,moai_(moai_world)
20901,moai_(more_e_4km)
20902,mobi_mobi
20903,mobius_(mobiusu14)
20904,moboj13
20905,mobu
20906,mobu_(wddtfy61)
20907,mobu_45
20908,mobuchin
20909,mobukichi
20910,mocacoffee_1001
20911,mocchi_(mkz)
20912,mocchi_(mocchichani)
20913,mocchisake
20914,mocco_(mocco_san1)
20915,moccy
20916,mocha_(cotton)
20917,mocha_(mochaxgm)
20918,mocha_(naturefour)
20919,mocha_(snowflake)
20920,mocha_kura
20921,mochacot
20922,mochako_(motyako)
20923,mochako_(motyako_1005)
20924,mochi-iri_kinchaku
20925,mochi.f
20926,mochi547
20927,mochi_(chain_csn)
20928,mochi_(circle_rin)
20929,mochi_(hanamaruudondesu)
20930,mochi_(k620803n)
20931,mochi_(m0chi0000)
20932,mochi_(mocchi_p_2m)
20933,mochi_(mochi444420)
20934,mochi_(mochiokomet)
20935,mochi_(na_si)
20936,mochi_au_lait
20937,mochi_curry
20938,mochi_hanpen
20939,mochi_mochi052
20940,mochi_nabe
20941,mochi_upamo
20942,mochigana
20943,mochigome_(ununquadium)
20944,mochigome_138
20945,mochii
20946,mochiii-s
20947,mochiki
20948,mochiki_927
20949,mochiko_(mocchikkoo)
20950,mochiko_(mochiko3121)
20951,mochiko_(uyu_omochi)
20952,mochiko_(x-game)
20953,mochiko_tsuru
20954,mochikushi
20955,mochimiya_(coyo)
20956,mochimochi_(xseynao)
20957,mochimochi_dando
20958,mochimochimochi
20959,mochimugi_rice
20960,mochinabe
20961,mochini
20962,mochino
20963,mochinue
20964,mochirong
20965,mochisaka_mitsuki
20966,mochishio
20967,mochitaro_(mothitaroo)
20968,mochitsuki_(mo_chooon)
20969,mochitsuki_kagami
20970,mochitsuki_karen
20971,mochitsuki_wataame
20972,mochityoko
20973,mochiya_(mochiya0504)
20974,mochiya_marosuke
20975,mochiyuki
20976,mochiyuki_(gigfor1)
20977,mochiyukimi21
20978,mochizou
20979,mochizuki_ado
20980,mochizuki_anko
20981,mochizuki_hull
20982,mochizuki_jun
20983,mochizuki_kazuto
20984,mochizuki_kei
20985,mochizuki_mina
20986,mochizuki_mochi
20987,mochizuki_nozomu
20988,mochizuki_riku
20989,mochizuki_saku
20990,mochizuki_shiina
20991,mochizuki_tagosaku
20992,mochizuki_yomogi
20993,mochoeru
20994,mochopaccho
20995,mocigome02
20996,mockingeu
20997,mocky_art
20998,moco_(moco_28)
20999,moco_ofuton
21000,mocollie
21001,mocomoco_party
21002,mocomori
21003,moda_(mo_da_3)
21004,modare
21005,moddedjoker
21006,mode_(mode-n)
21007,moderate_gold
21008,modern_afro
21009,modeseven
21010,moe_(hamhamham)
21011,moe_(lmi84)
21012,moeanime
21013,moebell
21014,moechiki
21015,moedredd
21016,moegi0926
21017,moegi_(honey_122)
21018,moegi_itsukashi
21019,moegi_nenene
21020,moejin
21021,moeki_(moeki0329)
21022,moeki_yuuta
21023,moekibara_fumitake
21024,moekichi
21025,moeko_(moeko0903)
21026,moekon
21027,moekyon
21028,moemoenomori
21029,moemoepiano
21030,moenaomii_(artist)
21031,moepu.
21032,moesenyukikaze
21033,moeshino
21034,mof
21035,moffle_(ayabi)
21036,mofftarkin
21037,mofmama
21038,mofmof_(sousa)
21039,mofu07519
21040,mofu_(mof_swimradio)
21041,mofu_(moffuri_sippo)
21042,mofu_mofu
21043,mofu_namako
21044,mofuaki
21045,mofuko
21046,mofumanju
21047,mofumin
21048,mofun
21049,mofuo
21050,mofupaka
21051,mofuringu
21052,mogamiya_honu
21053,moge-hera
21054,mogg
21055,mogggggge
21056,mogi_(green_tea_planet)
21057,mogi_yasunobu
21058,mogi_yuusuke
21059,mogijabgo
21060,mogiki_hayami
21061,mogiko
21062,mogmog
21063,mogmog_megmog
21064,mogomaco
21065,mogskg
21066,mogtate
21067,mogu_(au1127)
21068,mogu_(kanikama_mgmg)
21069,mogu_(wy5xrt7w)
21070,mogudan
21071,mogukk
21072,mogullaz
21073,mogumo
21074,mogupon
21075,mogupuchi
21076,mogura2009
21077,mogura_panda
21078,mogurii
21079,moguta_(moguta9)
21080,mogutofuoes
21081,mogutory
21082,mogy64
21083,mohaka_(m_0haka)
21084,mohei
21085,mohemohemincho
21086,mohoshadream
21087,mohya
21088,moi2m3
21089,moi_moi7
21090,moiko
21091,moisture_(chichi)
21092,moitasart
21093,moizumi_shipon
21094,moja_(gibson)
21095,moja_(moja4192)
21096,moja_(rainpoow)
21097,mojacookie
21098,mojake
21099,mojakkoro
21100,mojarin_(kihara_mojarin)
21101,moji_(mojimozis)
21102,mojisan_(ebimo)
21103,mojiuxuan
21104,mok4suke
21105,mokaffe
21106,mokapome
21107,mokarooru
21108,moke_ro
21109,mokemoke_chan
21110,mokemokeeeee
21111,mokeo
21112,moketa
21113,moketto
21114,mokew
21115,mokke_(mokke99)
21116,mokkei
21117,mokkori9
21118,mokkouyou_bond
21119,mokku
21120,moko39_takasora
21121,moko_(moko_moko)
21122,moko_(mokochisa)
21123,mokoiscat
21124,mokoke
21125,mokokiyo_(asaddr)
21126,mokokoiro
21127,mokomoko_yanakku
21128,mokonekosan
21129,mokoppe
21130,mokopuru
21131,mokorei
21132,mokottsu
21133,moku_(muooku)
21134,moku_x_moku
21135,mokufuu
21136,mokukitusui
21137,mokumoku22
21138,mokumokuren_(atariya_kyoushitsu)
21139,mokunami
21140,mokunoki
21141,mokuren_(mozukukirai88)
21142,mokuro3m
21143,mokutan_(link_machine)
21144,mokutan_mmmm
21145,mokuyou
21146,mokuzou_(moku_ssbu)
21147,mokyu
21148,mokyuko
21149,mokyumokyuchan
21150,mokyutan
21151,mola_mola
21152,molatoliamu
21153,moleshi
21154,molianmengdada
21155,molingxiang_chimangguo
21156,molly
21157,molu_stranger
21158,molyb
21159,molymes
21160,mom_29_mom
21161,momdy_(talesshinja)
21162,momendoufu
21163,momera
21164,mometsu_033
21165,momi
21166,momi_yuro
21167,momiage_40
21168,momico_co
21169,momigara_(mmgrkmnk)
21170,momihige
21171,momiji7728
21172,momiji_(lucario)
21173,momiji_(moj_0404)
21174,momiji_mao
21175,momiji_oroshi
21176,momijigari
21177,momijizuki_luna
21178,momikocu
21179,momimaki
21180,momimomimomooon
21181,momio
21182,momip
21183,momisan
21184,mommorua
21185,momo-deary
21186,momo-tako
21187,momo_(fruits_box)
21188,momo_(higanbana_and_girl)
21189,momo_hiki
21190,momo_no_kanzume
21191,momo_no_suidou-sui
21192,momo_tomato
21193,momo_uzura
21194,momo_walnut
21195,momocadraw
21196,momochi_(orrizonte)
21197,momochi_chia
21198,momochy
21199,momoda_yasuhito
21200,momoe_(mme_daigaku)
21201,momofuki_rio
21202,momofukki
21203,momogesomaru
21204,momoh_jiyucho
21205,momoi_komomo
21206,momoi_nanabei
21207,momoiro
21208,momoiro_lettuce
21209,momoiro_oji
21210,momoiro_tanuki
21211,momoiro_tunozemi
21212,momoirone
21213,momoji_(lobolobo2010)
21214,momoka_(abc_momoka0718)
21215,momokan_(kandume200)
21216,momokan_(mmkn100)
21217,momokan_1209
21218,momoko_(momoko14)
21219,momoko_(momopoco)
21220,momoko_(palemon)
21221,momokumo
21222,momoman_(pink_voltage)
21223,momomaron
21224,momomatang
21225,momomiya_mion
21226,momomo12
21227,momomo_(m0_3)
21228,momomochi
21229,momomoi_momoi
21230,momone_cco
21231,momoniku_(taretare-13)
21232,momonoko_noko
21233,momonosuke_(u-ma991028)
21234,momopanda
21235,momori
21236,momoriko
21237,momose_(oqo)
21238,momose_hisashi
21239,momosemocha
21240,momoshiki_tsubaki
21241,momosu_momo
21242,momosuke_(ishakry)
21243,momota_pix
21244,momotarouooi
21245,momotose_(hzuu_xh4)
21246,momoya_show-neko
21247,momoyama_hinase
21248,momoyama_nozomu
21249,momoyama_tits
21250,momozakura_nanao
21251,momozu_komamochi
21252,mon-chan
21253,mon_(icebuko)
21254,mon_(manarestra)
21255,mon_(monmon2133)
21256,mon_momu
21257,mon_mon
21258,mona0101
21259,mona_kkkk
21260,monaco_(rmn02)
21261,monaka_(gatinemiku)
21262,monaka_(hc_pkmn)
21263,monaka_(siromona)
21264,monaka_curl
21265,monaka_mom
21266,monaka_natsume
21267,monaka_ooji
21268,monakan_japan
21269,monamin
21270,monbetsu_kuniharu
21271,monchan_rev3
21272,mondi_hl
21273,mondo_pop
21274,mondoart
21275,monegi
21276,monety
21277,monge_baby
21278,mongguri
21279,mongz
21280,moni_(credo)
21281,moni_monico
21282,monicanc
21283,monikano
21284,monini
21285,moninora
21286,monja_(monja0521)
21287,monji_(monzi328)
21288,monji_samonji
21289,monjja
21290,monkey_jon
21291,monkey_kusai
21292,monmo_mu
21293,monmon_(sleepymonmon)
21294,monmonhomon
21295,monmonism
21296,monmonmur
21297,mono9ron
21298,mono_(bluesky)
21299,mono_(freerotary)
21300,mono_(jdaj)
21301,mono_(mo_n_mno)
21302,mono_(moiky)
21303,mono_(mono60)
21304,mono_(mono_mon)
21305,mono_(mono_zzz)
21306,mono_(nekogoya)
21307,mono_(recall)
21308,mono_02
21309,mono_land
21310,mono_lith
21311,monobe_tsukuri
21312,monobe_yuri
21313,monodevil
21314,monoheiya
21315,monoku
21316,monokubo
21317,monokuro_(sekahate)
21318,monokuro_(snog)
21319,monolith_(suibou_souko)
21320,monomi_(nasdai)
21321,monomono
21322,monon_tulle
21323,mononoke_(empty)
21324,mononoke_(pixiv53597254)
21325,monori_rogue
21326,monorino
21327,monorus
21328,monosenbei
21329,monotiina
21330,monoto
21331,monotsuki
21332,monowe
21333,monpuchi
21334,monq
21335,monrooru
21336,monsuu_(hoffman)
21337,mont_blanc_(heartcatch_ayaya)
21338,mont_blanca
21339,monta
21340,montaro
21341,montemasa
21342,monteriakitto
21343,monya
21344,monya_monya_(tmsc7752)
21345,monza_(saeumon)
21346,moo_(umineko)
21347,moo_yoshio
21348,mooche
21349,moogie_(shinjyu)
21350,mookie_(e_mook9)
21351,mookyuu9
21352,mool_yueguang
21353,moon_(yfsp7823)
21354,moon_ldl
21355,moonagvaze
21356,moonandmist
21357,moonb3702
21358,moonbell
21359,moonface
21360,moonie
21361,moonjunk
21362,moonlaw
21363,moonlight_0423
21364,moonlit
21365,moonshen_timojim
21366,moonslanstudio
21367,moonsorrow
21368,moonsun77773
21369,moonya
21370,moonyan
21371,moonywitcher
21372,mooofoo
21373,moor
21374,mooramango
21375,moorina
21376,moose_(moosu193)
21377,moosopp
21378,mootecky
21379,mootium
21380,moovalandi
21381,mop_0211
21382,mope
21383,mopiwo
21384,moppo
21385,moral_cacoethes
21386,moratorian
21387,mordeth
21388,morere
21389,morerin
21390,moreshan
21391,morganagod
21392,mori_(pepekataokapepe)
21393,mori_(unknown.)
21394,mori_airi
21395,mori_heichi
21396,mori_kaoru
21397,mori_kotarou
21398,mori_marimo
21399,mori_morii
21400,mori_no_kaeru
21401,mori_shin_risuku
21402,mori_tarou
21403,mori_toshiaki
21404,mori_toshimichi
21405,mori_yashiro_(konkon_oyashiro)
21406,moribe_(rabumanyo)
21407,moribe_denkou
21408,moribuden
21409,morichan
21410,morichika_shuuto
21411,moriforest1040
21412,morifumi
21413,morigami_(morigami_no_yashiro)
21414,moriguchi_nao_(naonao)
21415,morihama_karute
21416,morihaw
21417,morihito
21418,morii_shizuki
21419,moriichi
21420,morikawa_(futomayu)
21421,moriki_takeshi
21422,morikiri
21423,moriko06
21424,morikura_en
21425,morimaiko
21426,morimasakazu
21427,morimi_ashita
21428,morimiya_(kuroro)
21429,morimiya_masayuki
21430,morimori_(14292311)
21431,morimoto_atsushi
21432,morimoto_kiyona
21433,morina_nao
21434,morinaga_hinase
21435,morinaga_kobato
21436,morinaga_korune
21437,morinaga_miki
21438,morini_ochiteru
21439,morino_bambi
21440,morino_donguri
21441,morino_harifu
21442,morino_hon
21443,morino_kiriko
21444,morino_peko
21445,morino_shoutarou
21446,morino_wako
21447,morinomiya_ruri
21448,morinosuke
21449,morio_(mmorio_mu)
21450,morio_(poke_orio)
21451,morioka_itari
21452,morisawa_haruyuki
21453,morisawa_machi
21454,morishima_hitoshi
21455,morishima_kon
21456,morishima_noriko
21457,morishin546
21458,morishita_naochika
21459,morisoba_(silent_hill)
21460,morisoban
21461,morisobo
21462,morisova
21463,morisshii_(morishiey)
21464,morisu
21465,morita_(moritania)
21466,morita_(pixiv31883607)
21467,morita_gurutamin
21468,morita_kazuaki
21469,morita_yuu
21470,moritakusan
21471,morito_leaf9
21472,moriya_naoki
21473,moriyama_a
21474,moriyama_daisuke
21475,moriyama_shijimi
21476,morizo_(morizoshop)
21477,morizo_cs
21478,morizono_shiki
21479,mormormorp
21480,morncolour
21481,morning_(d0nteat)
21482,moro_(like_the_gale!)
21483,moro_precure
21484,moroboshi_danshaku
21485,morochin_(mo_loss_an)
21486,moroes
21487,morogami_ryou
21488,moroheiya_(moroheiya-works)
21489,moroi
21490,morokoshi_(tekku)
21491,morokoshitaroh
21492,morotake
21493,moroyan
21494,morphin_e
21495,morris1611
21496,morros
21497,morry
21498,mors_gn
21499,moru
21500,moru_(monaka)
21501,moruchi_(rinaka_moruchi)
21502,moruga
21503,morugen
21504,morujii
21505,moruki
21506,morumoru_x
21507,morung
21508,moruta_(sunu-pio)
21509,moryo
21510,moryu
21511,mos
21512,mos_yen
21513,mosako
21514,mosamune
21515,moscheeks
21516,moseley
21517,mosha
21518,moshi_(atelier33-4)
21519,moshihimechan
21520,moshimoshibe
21521,moshiwa_(indigollite)
21522,mosho
21523,moshoko_(mizuneroku)
21524,mosi_l
21525,moso_(expect66)
21526,mosomoso
21527,mosou_keito
21528,moss_(2225028)
21529,moss_(sphere211)
21530,mossacannibalis
21531,mossan351
21532,mossari_poteto
21533,mosta_(lo1777789)
21534,mostlybluewyatt
21535,mosui_(kori_can)
21536,mosuke
21537,mosuke1221
21538,mosuko
21539,mot
21540,mota
21541,motatei
21542,motchie
21543,moth1
21544,moth_(artist)
21545,moth_ram
21546,moti_(m0cch1m0)
21547,moti_coi
21548,motimamire
21549,motimoti067
21550,motiumai
21551,moto23059
21552,moto_(otemoto02)
21553,moto_mitsuashi
21554,moto_murabito
21555,moto_toshi
21556,motobi_(mtb_umk)
21557,motobug
21558,motofumi
21559,motoha
21560,motohara_moka
21561,motoi_(croa76)
21562,motoi_(spieler)
21563,motoi_ayumu
21564,motoi_hiroumi
21565,motojima_hakka
21566,motokazu_(dontokodon)
21567,motoki_(hisano_motoki)
21568,motokonut
21569,motomiki
21570,motomiya_mitsuki
21571,motomiya_ryou
21572,motonaga_hiroya
21573,motono_(sakamotono)
21574,mototenn
21575,motoyon
21576,motsu_(selshia12)
21577,motsuaki
21578,motsuba
21579,motsunabe_(mo2nap3)
21580,motsuni_(artist)
21581,motsuni_(lxxe1120)
21582,motsunuki
21583,motsupu
21584,motsushi
21585,motsutei
21586,motsutoko
21587,motti_(motthi0711)
21588,mottirimuttiri
21589,motto_(night_wear)
21590,motto_notto
21591,mottsun
21592,mottsun_(i_40y)
21593,motu0505
21594,mou_(mooooow)
21595,mou_(piooooon)
21596,mou_tama_maru
21597,mouchu
21598,moudoku_(decopon3rd)
21599,mouen_tw
21600,mouhantain
21601,mountain_han
21602,moupii_(hitsuji_no_ki)
21603,moura_(kenyuugetu)
21604,mouri
21605,mouri_kazuaki
21606,moursho
21607,mousou_(mousou_temporary)
21608,mouyi
21609,movik
21610,mowang_yu
21611,moxue_qianxi
21612,moxydraws
21613,moy64904958
21614,moya_(toatomoot)
21615,moyachii
21616,moyahara
21617,moyamu
21618,moyan
21619,moyanwxy
21620,moyashi_(momoyashi_321)
21621,moyashi_(oekaki_touhou)
21622,moyashi_baasuto
21623,moyashi_koubou
21624,moyashi_mou2
21625,moyashi_san4
21626,moyashi_toufu
21627,moyasiwhite
21628,moyatarou
21629,moyazou_(kitaguni_moyashi_seizoujo)
21630,moyna
21631,moyo_(amaniwa)
21632,moyo_(moyo_4)
21633,moyomo
21634,moyori
21635,moyoron
21636,moyui_(myi_005)
21637,moyuru
21638,mozu_(modagoro)
21639,mozu_(peth)
21640,mozu_suka
21641,mozuku_(iiiiiiimomo)
21642,mozuku_(mozuuru0323)
21643,mozukun43
21644,mozukuzu_(manukedori)
21645,mozuno_(mozya_7)
21646,mozuwaka
21647,mozuya_murasaki
21648,mo~zu
21649,mp100days
21650,mp150_plus
21651,mpien
21652,mprichin
21653,mr-poritan
21654,mr._j.w
21655,mr.blackcat666
21656,mr.canaryy
21657,mr.lime
21658,mr.milk_caramel
21659,mr.romance
21660,mr.takealook
21661,mr.thunderigor
21662,mr.turtle_head
21663,mr.zhuo
21664,mr2d
21665,mr_bowater
21666,mr_h.l.
21667,mr_tangsuyuk
21668,mr_thecatman
21669,mrdotd
21670,mrg2by
21671,mrhunking
21672,mri
21673,mrjieshisu
21674,mrkg_(arsfatuus)
21675,mrnn
21676,mrpeanut_88
21677,mrpotatoparty
21678,mrr_05
21679,mrxinom
21680,ms._tsu
21681,msa_(fary_white)
21682,msp_sammy
21683,mstm
21684,msx_(mis4xi)
21685,mt.somo
21686,mt5_014
21687,mt_(ringofive)
21688,mtk_(souko)
21689,mtkignsn
21690,mtkpasta
21691,mtmy
21692,mtoan
21693,mtu_(orewamuzituda)
21694,mtyy
21695,mu-pyon
21696,mu-to
21697,mu46016419
21698,mu_mashu
21699,mu_tu_bu
21700,mua_(mua_pb)
21701,muaooooo
21702,mubai_jiang
21703,mubo
21704,mubouou_aasaa
21705,mucha_(muchakai)
21706,muchabou
21707,muchi_maro
21708,muchin_jousha
21709,mud_(artist)
21710,mudo_(saji)
21711,mudou_eichi
21712,muds
21713,mueririko
21714,muffin_(sirumeria)
21715,mufksin
21716,mugcup
21717,mugen_kageno
21718,mugensaku
21719,mugenshiki
21720,mugetsu2501
21721,mugglesix
21722,mugi-co
21723,mugi062
21724,mugi0913
21725,mugi_(banban53)
21726,mugi_(iccomae)
21727,mugi_(mugimugi_9kv)
21728,mugi_(mugit49)
21729,mugi_kosuta
21730,mugi_maccha
21731,mugi_no_hikyaku
21732,mugiccha2
21733,mugicha_(mugicha0929)
21734,mugicha_(sukimachaya)
21735,mugicha_(zoro1132)
21736,mugichoko_(mugi_no_choko)
21737,mugika
21738,mugikoma
21739,mugime_(oretekisunshine)
21740,mugimugigo
21741,mugimugis
21742,mugino0515
21743,muginosa
21744,mugiotoko
21745,mugipot
21746,mugisepa
21747,mugishima_orie
21748,mugita_(mokankan)
21749,mugita_konomi
21750,mugitarou
21751,mugitoro_(dsfv2277)
21752,mugiusagi
21753,mugon
21754,mugripley
21755,muguet
21756,mugupo
21757,mugura
21758,muhamado
21759,muhamaru_yuni
21760,muhi11234
21761,muhogame
21762,muhut
21763,mui_maru
21764,muichimon
21765,muimui
21766,muji_(uimss)
21767,mujib
21768,mujiha
21769,mujin_(mujinzairaisen)
21770,mujinbensin
21771,mujintou_png
21772,muju
21773,muk_(monsieur)
21774,muka_tsuku
21775,mukade_(siieregannsu)
21776,mukae_gou
21777,mukago_(mukagomumumu)
21778,mukai
21779,mukaibi_aoi
21780,mukakin
21781,mukamo_(inujita)
21782,mukanata
21783,mukashino
21784,muke_(fz064)
21785,mukenkairou
21786,muki_(muki_kunxd)
21787,muki_(munikichan)
21788,mukiguri
21789,mukiki
21790,mukiriyokubato
21791,mukka
21792,mukkun
21793,mukkushi
21794,mukouhara_shiryuu
21795,mukoujima_tenro
21796,mukouyama_mu
21797,muksal
21798,muku_(apupop)
21799,muku_(muku-coffee)
21800,muku_jirushi
21801,mukuba
21802,mukunoki_nanatsu
21803,mukunokino_isshiki
21804,mukuroi
21805,mulihaohao
21806,mullmull02
21807,muloli
21808,multico
21809,mumaya
21810,mumechi
21811,mumistar
21812,mummeemeemama
21813,mumu
21814,mumu123
21815,mumu_vosp
21816,mumu_yu_mu
21817,mumulatte
21818,mumumu
21819,mumumu_(ahomoidasuyo)
21820,mumumu_(road)
21821,mumumu_(three_emu)
21822,mumumu_hoshibito
21823,mumyou_ishi
21824,mumyuu
21825,munaage
21826,munakata_(hisahige)
21827,munakata_(sekimizu_kazuki)
21828,munashi_mujou
21829,munashichi
21830,munbato_(watari_megumi)
21831,mune
21832,munehiro_(21plus)
21833,muneneko
21834,muneomon_(takomon)
21835,muneshiro_(hitsuji_kikaku)
21836,muneta_(ntani_2)
21837,mung_(larnec)
21838,mungduck
21839,muni_(fdrk)
21840,munjiduck
21841,munlu_(wolupus)
21842,munmu
21843,munmu-san
21844,munseonghwa
21845,munuko
21846,munuu
21847,munyuu
21848,muo_(muojjang_0929)
21849,muon
21850,muonrei00
21851,muoto
21852,mura_(kiyohime)
21853,mura_karuki
21854,mura_kuroe
21855,murabana44
21856,murabatodenki
21857,murabito
21858,murabito_c
21859,murai_shinobu
21860,muraicchi_(momocchi)
21861,muraichi
21862,murairamuraiari
21863,muraji0419
21864,murakami_hisashi
21865,murakami_kou_(raye)
21866,murakami_meishi
21867,murakami_suigun
21868,murakami_teruaki
21869,murakami_yuichi
21870,murakumo1987
21871,muramasa_mikado
21872,muramitsu_(d3jgv)
21873,muramura_hito
21874,murani
21875,muranisaki
21876,muraryo
21877,murasaki-sin
21878,murasaki-yuri
21879,murasaki_(fioletovyy)
21880,murasaki_(murasakiiro_no_yoru)
21881,murasaki_atsushi
21882,murasaki_himuro
21883,murasaki_hisato
21884,murasaki_iro
21885,murasaki_kajima
21886,murasaki_nyaa
21887,murasaki_saki
21888,murasaki_tsutsuji
21889,murasaki_yuna
21890,murasakio
21891,murasame_(sword_of_nmkr)
21892,murasame_shia
21893,murase48
21894,murata_(acid-head)
21895,murata_(igaratara)
21896,murata_isshin
21897,murata_mine
21898,murata_range
21899,murata_ryou
21900,murata_taichi
21901,murata_tefu
21902,murata_yuusuke
21903,murayama_ryota
21904,murayamawataru
21905,murazo_(0606)
21906,murazono
21907,murdermuffinloki
21908,murding
21909,murechika
21910,murgoten
21911,muri_(pan'ichi_murimuri_geinin)
21912,murio
21913,muririn
21914,murji1996
21915,murmoruno
21916,muro
21917,muroku_(aimichiyo0526)
21918,muromaki
21919,murota_yuuhei
21920,murumuru_(pixiv51689952)
21921,muryo
21922,muryuuin_tayun
21923,musaki_(msaki666)
21924,musan_(mu34mi)
21925,musanix
21926,musasabiop
21927,musashimaru
21928,musashino_sekai
21929,musashiya_chougenbou
21930,musco
21931,muse_(rainforest)
21932,musen-shiki_sanhankikan
21933,mush
21934,mush820823
21935,mush_(mushlicious)
21936,musha_no_kozi
21937,musha_sabu
21938,mushi024
21939,mushi_aoi
21940,mushi_baibai
21941,mushi_gyouza
21942,mushi_kei
21943,mushi_mushi_ex
21944,mushi_rags
21945,mushiao
21946,mushiboy
21947,mushiro_(nijie728995)
21948,mushoku_loli
21949,mushoku_no_hourousha
21950,mushpz
21951,mushroom_(artist)
21952,mushroom_(osh320)
21953,musicatopos
21954,musicccc
21955,musihara
21956,musou_(asatomjj)
21957,musou_yuchi
21958,musouzuki
21959,musshu_(omu001)
21960,mussyu_danachan
21961,mustblove
21962,mustee
21963,musteflott419
21964,musubi_(livnehe)
21965,musuka_(muska)
21966,musukichi
21967,musunde_hiraite_(mh5jta)
21968,musyne_xsk
21969,muta_poo
21970,mutang
21971,muteki_soda
21972,mutenka_(plfgb)
21973,muteppona_hito
21974,muto_(n0sug4r)
21975,muto_dt
21976,mutomorokoshi
21977,mutou_(wanniya88414)
21978,mutou_keiji
21979,mutou_kurihito
21980,mutou_mame
21981,mutou_mato
21982,mutou_youshun
21983,mutsu_(layergreen)
21984,mutsu_6256
21985,mutsu_aya
21986,mutsuba_fumi
21987,mutsuki_(ama245)
21988,mutsuki_(moonknives)
21989,mutsuki_(mutsuki0110)
21990,mutsuki_(tsugaidanuki)
21991,mutsuki_albino
21992,mutsuki_ginji
21993,mutsuki_kaya
21994,mutsuki_riichi
21995,mutsumi_masato
21996,mutsumura_ryuuichi
21997,mutsuno_hekisa
21998,mutsuse
21999,mutsutake
22000,mutugorou_u
22001,muu1519
22002,muu_(mumumer)
22003,muu_037
22004,muu_rian
22005,muuba
22006,muumuu_(sirufuruteienn)
22007,muunai
22008,muunyan_(yumenekoya)
22009,muuran
22010,muusn
22011,muusu
22012,muuta04
22013,muuten
22014,muutsu_(maxwell0916)
22015,muutsuki
22016,muuyiie
22017,muwa12
22018,muwon
22019,muya_(uyamuya_jj)
22020,muyamii
22021,muyihui
22022,muyoshito
22023,muzinneki
22024,muzuki_uruu
22025,mvv
22026,mx._moz
22027,mx2j
22028,mxkjxm_(nhss2337)
22029,mxsoundtube
22030,mxx33
22031,mxxu_box
22032,my700
22033,my_(iuogn4yu)
22034,my_(my_6633)
22035,my_eight
22036,my_nameisyoon
22037,my_pet_tentacle_monster
22038,mya-zawa
22039,myaaco
22040,myabit
22041,myaco9
22042,myakuro
22043,myam_(123ab456c)
22044,myama
22045,myango_(applemangocrape)
22046,myanyuki_h
22047,myao_(o3o333)
22048,myb52
22049,mycrys
22050,myeolchi
22051,myero
22052,myeu
22053,mygiorni
22054,mygod55555
22055,myht
22056,mykokampfwagen
22057,myless
22058,myluche
22059,mymzi
22060,mynare
22061,myomuron
22062,myon_(tokipi)
22063,myon_rio
22064,myonde
22065,myong8_0
22066,myonmukyuu
22067,myouan
22068,myouga_teien
22069,myoushun
22070,myowa
22071,myoya
22072,myrain56991013
22073,myria_(7855)
22074,myske_(myst34415756)
22075,mysteryctu
22076,mystic-san
22077,mystical_(plantpenetrator)
22078,mystra77
22079,mystyhw
22080,mytea_(soso)
22081,myth1carts
22082,mytyl
22083,myu-po
22084,myu_(neorosi)
22085,myuga66666
22086,myuhuaki
22087,myui17901139
22088,myumi
22089,myung_yi
22090,myurumyuru
22091,myusha
22092,myuto_(advent_retribution)
22093,myuton
22094,myuu1995
22095,myuu_(arisumeria)
22096,myuutau_tadakichi
22097,mzet
22098,mzh
22099,mzrz
22100,mzyk
22101,n-bata
22102,n-mix
22103,n-mori
22104,n.a.
22105,n.s.egg
22106,n0een
22107,n0r0
22108,n2ewu
22109,n2midori
22110,n36hoko
22111,n3moni
22112,n40a1
22113,n4391
22114,n4gare_b0shi
22115,n7grey
22116,n9+
22117,n9at
22118,n_(dai_n_honpo)
22119,n_(m_ohkamotoh)
22120,n_(nauki_11)
22121,n_54
22122,n_go
22123,n_gyou
22124,n_sol
22125,na!_(na'mr)
22126,na-code_(gurich)
22127,na-ga
22128,na-gyou_(nunumaru)
22129,na2
22130,na222222
22131,na53
22132,na_(oagenosuke)
22133,na_(sodium)
22134,na_bia
22135,na_kyo
22136,na_tarapisu153
22137,naaga_sonomono
22138,naarann
22139,naarsann
22140,naavs
22141,naba_(take_tonbo)
22142,nababa
22143,nabana
22144,nabana_(bnnbnn)
22145,nabe-box
22146,nabe0721
22147,nabe_(crow's_head)
22148,nabe_(ingenmame)
22149,nabe_(nabe_otome)
22150,nabe_puyo
22151,nabeiro_kin
22152,nabenko
22153,nabeshima_tetsuhiro
22154,nabeya_sakihana
22155,nabeyu
22156,nabi_(uz02)
22157,nabiyan
22158,nablange
22159,nabu_(d4ng4nn6bu12)
22160,nabunabu
22161,nac000
22162,nacaji
22163,nachiru
22164,nachisuke
22165,nacho_(nacho_1103)
22166,nachos_(chos_na)
22167,nachoz_(nachozart)
22168,nacht_musik
22169,nada_haruka
22170,nada_namie
22171,nadainishi
22172,nadaka_harutsugu
22173,nadayui
22174,nadeara_bukichi
22175,nadia_kim
22176,nae-nae
22177,nae_(rno)
22178,naegi_(naegidokoro)
22179,naegi_happy
22180,naemperor
22181,nafta
22182,naftosaur
22183,naga-agan
22184,naga-no
22185,naga_(pixiv70891418)
22186,naga_u
22187,nagabe
22188,nagaburo_imoni
22189,nagae_yama
22190,nagahama_megumi
22191,nagai_wataru
22192,nagainegi
22193,nagainosfw
22194,nagakiras2
22195,nagakura_(seven_walkers)
22196,nagamerin
22197,nagami_tami
22198,nagami_yuu
22199,nagamo_sakana
22200,nagana_sayui
22201,nagano_mamoru
22202,nagano_rira
22203,nagao_uka
22204,nagare
22205,nagare750
22206,nagare_(flow)
22207,nagare_hyougo
22208,nagare_seiya
22209,nagare_yoshimi
22210,nagareboshi
22211,nagaro
22212,nagasaki_wonderful
22213,nagasawa_(tthnhk)
22214,nagasawa_tougo
22215,nagase_haruhito
22216,nagase_takeshi
22217,nagase_yuuki
22218,nagashii_kouhei
22219,nagashiro_rouge
22220,nagasioo
22221,nagata_gata
22222,nagata_nagato
22223,nagata_ozu
22224,nagatani_(nagata2)
22225,nagatani_(ngt_926)
22226,nagato-chan
22227,nagato_mikasa
22228,nagatsukiariake
22229,nagatsukiin
22230,nagayama_momo
22231,nagayama_yuunon
22232,nagayo
22233,nagayori
22234,nage_(sacosui_ng)
22235,nagehazushi
22236,nagesuteaka
22237,nagi_(exsit00)
22238,nagi_(nagito)
22239,nagi_(pickles_pipipi)
22240,nagi_(shunsuke-manage)
22241,nagi_aoi
22242,nagi_itsuki
22243,nagi_kantai114
22244,nagi_mkrnpn
22245,nagi_ryou
22246,nagi_to_(kennkenn)
22247,nagian
22248,nagidango
22249,nagiha_kuten
22250,nagihaha
22251,nagihashi_koko
22252,nagihoko
22253,nagii_yuki
22254,nagiichi
22255,nagikiho
22256,nagiko_(mangalove1111)
22257,nagimiso
22258,naginami
22259,nagioka
22260,nagiriku912
22261,nagiru
22262,nagisa_(cxcx5235)
22263,nagisa_(imizogami)
22264,nagisa_honoka
22265,nagisa_iori
22266,nagisa_nagi
22267,nagisawa_yuu
22268,nagishiro_mito
22269,nagishy
22270,nagitofuu
22271,nagmilk
22272,nago_celica
22273,nago_purin
22274,nagomi_(_nagomi_)
22275,nagomi_(mokatitk)
22276,nagomi_tozakura
22277,nagomi_yayado
22278,nagomian
22279,nagomiya_(shousha)
22280,nagomu_7_56
22281,nagomurasan
22282,nagoooon_114
22283,nagoshi
22284,nagu
22285,nagul
22286,nagumo_(nagumon)
22287,nagumo_kuu
22288,naguno-0713
22289,nagura_shiro
22290,naguramu
22291,naguru_(cyoroama)
22292,nagute
22293,nagy
22294,naha78
22295,nahaki
22296,nahanmin
22297,nahara_saki
22298,naharyou
22299,naho_(pi988y)
22300,naho_graphics
22301,nahonanaho
22302,nahori_(hotbeans)
22303,nahu
22304,nai_(cnoadi8)
22305,nai_(daiduolaoge)
22306,nai_bu_shang_a
22307,nai_ga
22308,nai_gai_hongcha
22309,naijarski
22310,naijiaer
22311,naik
22312,naikon
22313,nainainainainaiya
22314,naingnaing
22315,nair_(mindcreator)
22316,nairisa
22317,nairobi_song
22318,naisu_(nai_su01)
22319,naitou_kirara
22320,naitou_kouse
22321,naitou_ryuu
22322,naizo_(kimosugimasu)
22323,najashi
22324,naji_yanagida
22325,najimi_shin
22326,najo
22327,najuco_(naju0517)
22328,naka1379
22329,naka_(buttergirl_02)
22330,naka_(cheeseyeast)
22331,naka_(nicovideo14185763)
22332,naka_akira
22333,nakaaki_masashi
22334,nakaba
22335,nakaba_(mode)
22336,nakabayashi_reimei
22337,nakabayashi_zun
22338,nakachiruno
22339,nakada_rumi
22340,nakadori_(movgnsk)
22341,nakaga_eri
22342,nakagami_takashi
22343,nakagawa_kanon_(pixiv32798535)
22344,nakagawa_waka
22345,nakagomiyuki415
22346,nakahara_(fukufuku)
22347,nakahara_(mu_tation)
22348,nakahara_kaihei
22349,nakahara_roku
22350,nakahira_guy
22351,nakaichi_(ridil)
22352,nakaishow
22353,nakaji_(user_snap3353)
22354,nakajima_atsuko
22355,nakajima_konta
22356,nakajima_lupus
22357,nakajima_rei
22358,nakajima_ryou
22359,nakajima_yuka
22360,nakajou
22361,nakame77
22362,nakami_chihiro
22363,nakamori_kemuri
22364,nakamu_405
22365,nakamura_3sou
22366,nakamura_eight
22367,nakamura_hinata
22368,nakamura_hinato
22369,nakamura_hirofumi
22370,nakamura_kanko
22371,nakamura_kumarin
22372,nakamura_kusata
22373,nakamura_kuzuyu
22374,nakamura_nagare
22375,nakamura_naoto
22376,nakamura_regura
22377,nakamura_rohane
22378,nakamura_sandayo
22379,nakamura_sumikage
22380,nakamura_takeshi
22381,nakamura_tetsuya
22382,nakamura_yukihiro
22383,nakamura_yukitoshi
22384,nakane_nata
22385,nakaneabura8623
22386,nakanishi_tatsuya
22387,nakano_(2_mannaka)
22388,nakano_haito
22389,nakano_kura
22390,nakano_maru
22391,nakano_sora
22392,nakano_tomokazu
22393,nakarai_takumi
22394,nakare2845
22395,nakareki
22396,nakasaki_hydra
22397,nakasaku-p
22398,nakasawa_kei
22399,nakashi_masakumi
22400,nakashima_(pluscolor)
22401,nakasone_haiji
22402,nakatama_kyou
22403,nakatani_nio
22404,nakatokung
22405,nakaya_106
22406,nakaya_rei
22407,nakayama_miyuki
22408,nakayama_tooru
22409,nakayama_yukiji
22410,nakazawa_aki
22411,nakbe
22412,naked_cat
22413,naki_ringo
22414,nakichi_n
22415,nakiusagi
22416,nakiyande
22417,nakkar
22418,nakkasu
22419,nako775
22420,nako_(nekono_shippo75)
22421,nako_(nonrain)
22422,nako_(unclebanana)
22423,nakonako
22424,nakonbu
22425,nakony
22426,nakta
22427,naku_(naku999ziye)
22428,nakukoroni
22429,nakumonaga_uma
22430,nakura_hakuto
22431,nakura_haru
22432,nakuta
22433,nal_(nal's_pudding)
22434,nalphanne
22435,naltal
22436,nalu
22437,nam_(nam990902)
22438,nam_(valckiry)
22439,nama_shirasu
22440,nama_udon
22441,namaata
22442,namacha
22443,namagaki_yukina
22444,namagome_negi
22445,namahamu913
22446,namahamu_(hmhm_81)
22447,namaitachi
22448,namakawa
22449,namakemono_(u446644k)
22450,namako_(namacotan)
22451,namako_daibakuhatsu
22452,namako_mikan
22453,namakuby
22454,namakura_neo
22455,namama_(namama82)
22456,namamake
22457,namamii
22458,namamo_(kura)
22459,namamo_nanase
22460,namanie
22461,namaniku_(nmnk2020)
22462,namaniku_atk
22463,namaonpa
22464,namari_siro
22465,namaru_(summer_dandy)
22466,namataro
22467,namatarou
22468,namatyoco
22469,namauni
22470,namazakana_kuenai
22471,namazu_(yamasonson)
22472,namazuoku
22473,name_(oiuio)
22474,name_john
22475,nameco_(nameco_h)
22476,namekaho
22477,nameko_houshi
22478,namekuji_(namekuzu)
22479,nameless_(rynono09)
22480,nameneko_(124)
22481,nameno92372763
22482,nameo_(judgemasterkou)
22483,namerakaweb
22484,namespace
22485,nameta_neko
22486,nametake
22487,nametakeko
22488,nametakenoko
22489,nametarou_(meron)
22490,namgic
22491,nami_(nyaa)
22492,nami_(tznami)
22493,nami_harakamiaka
22494,nami_makoto
22495,nami_nami_(belphegor-5812)
22496,nami_qi
22497,namida_a2
22498,namidako
22499,namidame
22500,namidate
22501,namihaya
22502,namikare
22503,namikawa_kuroha
22504,namikaze_(dobbyka)
22505,namiki_(remiter00)
22506,namiki_itsuki
22507,namiko817
22508,namine0079
22509,namiorii
22510,namisaki_yuka
22511,namisonpictures
22512,namiura
22513,namjak
22514,namo
22515,namo_(goodbyetears)
22516,namoku_(namottttt)
22517,namonashi
22518,namori
22519,namu76
22520,namu_(112namu)
22521,namu_(nurui_cha)
22522,namuhanka_tart
22523,namuko
22524,namukot
22525,namuro
22526,namuru
22527,namyo
22528,nan7719318
22529,nan_(gokurou)
22530,nana895
22531,nana_(732_kaiten)
22532,nana_(manaita_koumuten)
22533,nana_(mizukas)
22534,nana_(nanalog76)
22535,nana_(raiupika)
22536,nana_0253
22537,nana_g
22538,nana_illust
22539,nana_kagura
22540,nana_kusun
22541,nana_mikoto
22542,nana_nakano
22543,nana_tetra
22544,nanaasuzy_pk
22545,nanabuluku
22546,nanachides
22547,nanachise7
22548,nanae
22549,nanaeljustice
22550,nanafuton
22551,nanahachi_77889
22552,nanahamu
22553,nanahara_fuyuki
22554,nanahara_shie
22555,nanaheibei_3
22556,nanahi_toshi
22557,nanahi_tsubaki
22558,nanahime
22559,nanahoshi_kou
22560,nanai
22561,nanaichi
22562,nanaii_desu
22563,nanairo
22564,nanairo_(nanairo227)
22565,nanairo_souga
22566,nanaironokabi
22567,nanaisan_(713)
22568,nanaka_mai
22569,nanakaku
22570,nanakami_mana
22571,nanakawa_(nanasoon)
22572,nanaken_nana
22573,nanaki_(mkmk_915)
22574,nanakichi
22575,nanako94418108
22576,nanakorobi_yaoki
22577,nanaku_teiru
22578,nanakura_nanane
22579,nanakusa
22580,nanakusa_amane
22581,nanakusa_ayame
22582,nanakusa_suzuna
22583,nanakusa_yomogi
22584,nanam_(nanam_sk)
22585,nanamatsu_kenji
22586,naname_(7name)
22587,naname_(danbooru_maker)
22588,naname_(fossama1)
22589,nanameda_kei
22590,nanamesohuutei
22591,nanami_(nanami811)
22592,nanami_(nunnun_0410)
22593,nanami_ayane
22594,nanami_ayane_(kusunoki5050)
22595,nanami_kazusa
22596,nanami_neru
22597,nanami_sano
22598,nanami_tomorou
22599,nanami_yuki_(yuki77mi)
22600,nanaminn
22601,nanamiya_natsumi
22602,nanamiyuki
22603,nanamo_(002a)
22604,nanamo_yado
22605,nanamomo_rio
22606,nanamura
22607,nanana_(chicken_union)
22608,nanana_(nanana_iz)
22609,nanana_(syoki0916)
22610,nanana_narang
22611,nananana_nanana
22612,nanananana
22613,nanananananasea
22614,nanao_(aoyamahikari)
22615,nanao_(mahaya)
22616,nanao_(naoekaki25)
22617,nanao_(skb48_n)
22618,nanao_futaba
22619,nanao_naru
22620,nanao_parakeet
22621,nanaran
22622,nanaroba_hana
22623,nanaroku_(fortress76)
22624,nanase_(nanataroo_7)
22625,nanase_(nns_6077)
22626,nanase_(ribonshitoron)
22627,nanase_aoi
22628,nanase_kokono
22629,nanase_meruchi
22630,nanase_miori
22631,nanase_miri
22632,nanase_nanami
22633,nanase_nao
22634,nanase_young
22635,nanashi_(74_nanashi)
22636,nanashi_(nlo)
22637,nanashi_(soregashi)
22638,nanashi_maru
22639,nanashi_mushi
22640,nanashi_nasi
22641,nanashi_noiji
22642,nanashiba_(banntlla)
22643,nanashii_(soregasisan)
22644,nanashiki_fuuka
22645,nanashin_naomi
22646,nanashinayuzu_mochi
22647,nanashino
22648,nanashnojo
22649,nanasuke
22650,nanasumi_(pantie_party_project)
22651,nanasuou
22652,nanataru10
22653,nanateru
22654,nanatsu_(na_na_tsu)
22655,nanatsu_fuji
22656,nanatsu_no_umi
22657,nanatsuka
22658,nanatsuki_(arca-nize)
22659,nanatsuki_sousuke
22660,nanatsuta
22661,nanatuki13
22662,nanaume_(shichimi_tougarashi)
22663,nanaushi
22664,nanbo_ataru_(attall)
22665,nanboku
22666,nanceee_305
22667,nancou_(nankou)
22668,nancy1209
22669,nancy_teeple
22670,nandemotokasu
22671,nandz
22672,nang_z1
22673,nanika_(nnkgh)
22674,nanikairu
22675,nanimonothing
22676,nanin
22677,nanja
22678,nanjou_(sumeragimishiro)
22679,nanjou_akimasa
22680,nanju_bami
22681,nankanashi
22682,nankotsu
22683,nannachu7
22684,nannacy7
22685,nannaru_(nananana)
22686,nannaspad
22687,nanni_jjang
22688,nanno_koto
22689,nannung
22690,nano_(blueoekaki)
22691,nano_(c175311)
22692,nano_(mianhua_maoqiu)
22693,nano_(nanojyaa)
22694,nano_(nanolovesyou)
22695,nano_(nanosize)
22696,nano_(syoutamho)
22697,nano_mochi
22698,nano_popo02
22699,nanoda002_(saber427)
22700,nanoder
22701,nanohana_(november.)
22702,nanohana_kohina
22703,nanoja_(haigototta)
22704,nanoko
22705,nanoless
22706,nanome_to
22707,nanonin
22708,nanoningen_(anapoko)
22709,nanonome
22710,nanop38
22711,nanopai_kakumeikokonoyu
22712,nanora
22713,nanostar
22714,nanotaro
22715,nanotsuki
22716,nanozenzen
22717,nanpou_(nanpou0021)
22718,nanpuu
22719,nantoka_maru
22720,nao-08
22721,nao97122
22722,nao_(bestrollever)
22723,nao_(doublexdutch)
22724,nao_(naaa_195)
22725,nao_(nao_eg)
22726,nao_(naobinarydigit)
22727,nao_(okt8538)
22728,nao_(syn_eaa)
22729,nao_salad
22730,nao_suke
22731,naoel_(naoel_art)
22732,naohiro
22733,naohiro_ito
22734,naoillus
22735,naokado
22736,naoki_(2rzmcaizerails6)
22737,naoki_(endofcentury102)
22738,naoki_(oosuko)
22739,naoki_(xhju8282)
22740,naoki_eguchi
22741,naoko_(artist)
22742,naoko_(juvenile)
22743,naoko_(naonocoto)
22744,naokomama
22745,naomasap
22746,naomi_(fantasia)
22747,naonakamura
22748,naora_yusuke
22749,naosuke_(morioka_shachuu)
22750,naotan
22751,naotin3333
22752,naoto_(96neko96)
22753,naoto_(tulip)
22754,naoto_(yandereheaven)
22755,naoton
22756,naotosi
22757,naoya_(naoya_ee)
22758,naoya_come
22759,naoyama_masaru
22760,naozi
22761,naozuri
22762,nap_on_a_cloud
22763,napal_(ve_xillum)
22764,napata
22765,napenasupe
22766,napo
22767,napo8593
22768,napopo
22769,nappii_(nappy_happy)
22770,nara_nakiri
22771,nara_watercolor
22772,narae
22773,narahazime
22774,narakuuu
22775,narashika_asuka
22776,nardack
22777,nari_(nari149528)
22778,nari_(narikashi)
22779,naridon
22780,nariie_shin'ichirou
22781,narijade
22782,nariku
22783,narin70
22784,narinn
22785,narisokonai
22786,narita_imomushi
22787,narita_rumi
22788,narita_tamezou
22789,narodenden
22790,narongchai_singhapand
22791,naru_(ul)
22792,naru_(wish_field)
22793,naru_0
22794,naruchisukisuki
22795,narue
22796,naruka_(ynarukay)
22797,narukahana
22798,narukami_ginryuu
22799,narukan
22800,naruki
22801,naruko_(nalcoro)
22802,naruko_hanaharu
22803,narumame
22804,narume
22805,narumi_arata
22806,narumi_hyou
22807,narumi_nanami
22808,narumi_yuu_(bunbukudou)
22809,narumi_yuu_(imitmoon)
22810,narumi_yuzurai
22811,narumiya_(empty_cafe)
22812,narumiya_(narumiya)
22813,narumizg
22814,narurun_(final123)
22815,narusan_beam2
22816,narusawa_(njzc2582)
22817,narusawa_sora
22818,naruse
22819,naruse_(nal1525)
22820,naruse_chisato
22821,naruse_hirofumi
22822,naruse_ill
22823,naruse_mai
22824,naruse_mamoru
22825,naruse_nagi
22826,naruse_u
22827,narusegawa_riko
22828,narushima_kanna
22829,naruta_iyo
22830,narutaki_shin
22831,naruto_maki_(naruto05)
22832,naruuuuuu9
22833,naruysae
22834,narynn
22835,nas-o
22836,nasa_yu
22837,nasakene
22838,nasakixoc
22839,nasan_(coldtime)
22840,nasaniliu
22841,nase
22842,naseul_777
22843,nash_(na-si)
22844,nashi_juni
22845,nashi_y
22846,nashida_bell
22847,nashidrop
22848,nashigaya_koyomi
22849,nashimochi_4
22850,nashirasauce
22851,nashoki
22852,nashubi_(to_infinity_wow)
22853,nashuhentai
22854,nasii
22855,nasipasuta
22856,naso4
22857,nassss
22858,nassukun
22859,nastacic
22860,nastar_r0
22861,nasu_bacon
22862,nasubi_(1ra1ri1ko2cho1mi2na)
22863,nasubi_illust
22864,nasubin_(nasubisamurai15)
22865,nasuka_gee
22866,nasuna
22867,nasuno_(nasuno42)
22868,nasuno_posi
22869,nasunoko
22870,nat_latework
22871,nat_the_lich
22872,nata_ichio
22873,nata_kokone
22874,natari
22875,nataro_1116
22876,natasha_(pommier)
22877,natch_imaycz
22878,nathaniel_pennel
22879,natie
22880,natori_(natorism)
22881,natori_youkai
22882,natoriusu_sansei
22883,nats_(d0ughnats)
22884,natsu-no-kamisama
22885,natsu_(927013)
22886,natsu_(anta_tte_hitoha)
22887,natsu_(natsukikenken)
22888,natsu_(nattiyann)
22889,natsu_(rodysanp)
22890,natsu_(sinker8c)
22891,natsu_hotaru
22892,natsu_narumi
22893,natsu_no_koucha
22894,natsu_yasai
22895,natsuba002
22896,natsugou_shinogi
22897,natsugu72
22898,natsuhachi
22899,natsuhara
22900,natsuhiko
22901,natsui_tuna
22902,natsuiro_xx
22903,natsuishi_nana
22904,natsujiru
22905,natsuk
22906,natsukari_na
22907,natsukawa_sarasa
22908,natsukaze_shigure
22909,natsuki_(2917)
22910,natsuki_(gedo)
22911,natsuki_(natsu_1936)
22912,natsuki_(natukituki)
22913,natsuki_(silent_selena)
22914,natsuki_(ukiwakudasai)
22915,natsuki_coco
22916,natsuki_marina
22917,natsuki_nori
22918,natsuki_shio
22919,natsuki_shuri
22920,natsuki_teru
22921,natsuki_yuu_(amemizu)
22922,natsuki_yuu_(minamino_tsuki)
22923,natsukimonou
22924,natsukko_0606
22925,natsuko_(bluecandy)
22926,natsuko_(summer_525528)
22927,natsukon
22928,natsume_(menthol)
22929,natsume_(natsume_melio)
22930,natsume_eri
22931,natsume_hinako
22932,natsume_k
22933,natsume_koji
22934,natsume_mina
22935,natsume_nadeshiko
22936,natsume_suzuri
22937,natsume_yuji
22938,natsumekan
22939,natsumekinoko
22940,natsumi_(natumi06)
22941,natsumi_(ragtime)
22942,natsumi_akira
22943,natsumi_chorisuke
22944,natsumi_hajime
22945,natsumi_kei
22946,natsumikan
22947,natsumiya_kuina
22948,natsumiya_yuzu
22949,natsunagi_takaki
22950,natsuneco_02
22951,natsuno_kanasemi
22952,natsuno_riku
22953,natsuno_suika
22954,natsuoto_rito
22955,natsupa
22956,natsusechoco
22957,natsushi
22958,natsushima_memo
22959,natsushiro
22960,natsuya_(kuttuki)
22961,natsuya_(natuya777)
22962,natsuyon
22963,natsuyuki
22964,natsuzakura_yuuki
22965,natto_soup
22966,nattororo
22967,nattou_mazeo
22968,nattukre
22969,natu_zame
22970,natuna_natu
22971,natupath_summer
22972,natural_virtue
22973,natural_wind
22974,natuumi_(jmwy5354)
22975,nauchi
22976,naughty_0b
22977,naui_kudan
22978,nauribon
22979,nauvvii
22980,nav_(itsnav)
22981,navy_(navy.blue)
22982,navybluesparrow
22983,nawakena
22984,nawo_(peace)
22985,nawohata
22986,naxius_noxy
22987,nay
22988,nayaase_beleguii
22989,nayamy
22990,nayannayan
22991,naye
22992,nayoshi_(r-744)
22993,nayoung_wooh
22994,nayozane_(worker7)
22995,naysucc
22996,nayt_layt
22997,nayu
22998,nayu_tundora
22999,nayuhi_(yukimuu14)
23000,nayuko
23001,nayuta-kanata
23002,nayuta69
23003,nayuta_(una)
23004,nayuta_ggg
23005,nayuyu1105
23006,naz_(garyuuya)
23007,nazal
23008,nazawa_(nother)
23009,naze
23010,nazmocha
23011,nazo_(mystery)
23012,nazo_kichi
23013,nazo_no_anime-dan
23014,nazo_no_diaboro
23015,nazo_no_hito
23016,nazo_no_murasame_chiaki
23017,nazoko
23018,nazono77
23019,nazono_neko
23020,nazu-na
23021,nazuka_(mikkamisaki)
23022,nazuki_nazu
23023,nazuna_shizuku
23024,nazunakku
23025,nb8c
23026,nb_(pixiv594732)
23027,nbb3
23028,nbo
23029,nc731
23030,nc_empire_(circle)
23031,ncontrail_(mgax7527)
23032,ncww_rinichi
23033,nd_(nuuchadon10)
23034,ndanddokutokage
23035,ndgd
23036,ndsoda
23037,ndtwofives
23038,ne-on
23039,ne_a2
23040,ne_an_ito
23041,nea_(nea_77)
23042,neal_d._anderson
23043,neamosub
23044,nean
23045,neats
23046,nebukuro
23047,nebusoku
23048,neco
23049,neco_meito
23050,necocafe_lili
23051,necojishi
23052,necomi
23053,necono_(nyu6poko)
23054,necro_(nekurodayo)
23055,nectar_(fujiya)
23056,nedia_(nedia_region)
23057,nedoco
23058,needbee_r
23059,needle_(needlebomb)
23060,needless_(toyaco)
23061,neee-t
23062,neekosiah
23063,neetsr
23064,nefarian
23065,neferkitty
23066,nefrubi
23067,neg_(101neg)
23068,neg_50asu
23069,negahami
23070,negamaro
23071,negativezero
23072,neggoartz
23073,negi_(ulog'be)
23074,negi_mugiya
23075,negija
23076,negiko
23077,negimapurinn
23078,negimiso1989
23079,neginoki
23080,negipon
23081,negiuma
23082,negiwo
23083,negoya
23084,negresco
23085,negu_(pixiv_6519140)
23086,negura_meru
23087,negy
23088,nehitsuji_(syatihokoga)
23089,neichii
23090,neichiru
23091,neige_(pixiv6850453)
23092,neiigal
23093,neil_(neil_nim)
23094,neilos
23095,neinlol
23096,neit_ni_sei
23097,neji_(ultramarinesunset)
23098,nejikirio
23099,nejikyuu
23100,nejime
23101,nejime_(nejimeinu)
23102,nejiresyake
23103,neki-t
23104,neki_(wakiko)
23105,nekkeau
23106,nekkikamille
23107,neko-hime_(neko-hime)
23108,neko-san_(dim.dream)
23109,neko7
23110,neko_(ganecooo)
23111,neko_(pixiv28238559)
23112,neko_(yanshoujie)
23113,neko_danshaku
23114,neko_daruma
23115,neko_gokoro
23116,neko_gyoza
23117,neko_lu_(wofud453)
23118,neko_majin
23119,neko_mantis
23120,neko_mata
23121,neko_nadeshiko
23122,neko_neko_koneko
23123,neko_neneko
23124,neko_ni_chikyuu
23125,neko_no_hige
23126,neko_no_youchuu
23127,neko_pan
23128,neko_punch_(user_hddm3373)
23129,neko_raa_men
23130,neko_sensha
23131,neko_senshi
23132,neko_yume
23133,neko_zukin
23134,nekobaka
23135,nekobao
23136,nekobatake
23137,nekobayashi
23138,nekobayashi_(nekoforest)
23139,nekobell
23140,nekobox
23141,nekobungi_sumire
23142,nekoda_(maoda)
23143,nekoda_kuro
23144,nekodama2000
23145,nekodayo22
23146,nekodou_(yukatin1000)
23147,nekoemonn
23148,nekofish666
23149,nekoge
23150,nekoguchi
23151,nekoguruma
23152,nekohane_ryou
23153,nekohanemocha
23154,nekohige
23155,nekohuman221_(tsun221)
23156,nekoi_(nekoi_0116)
23157,nekoi_hikaru
23158,nekoi_mie
23159,nekoinu_bamboo
23160,nekoita
23161,nekojarashi_(yuuga)
23162,nekojima
23163,nekojinnyart
23164,nekojira
23165,nekojiri
23166,nekojita_(ika_neko46)
23167,nekokan-nekokan
23168,nekokan_masshigura
23169,nekokat42
23170,nekoko_(nekonekonya)
23171,nekokobushi
23172,nekokokazuma
23173,nekokotei
23174,nekokun
23175,nekokurage_(gen'eikai_tsuushin)
23176,nekokuro_(geja5355)
23177,nekokyun
23178,nekolina
23179,nekolook
23180,nekoma_hikaru
23181,nekoma_kotomitsu
23182,nekomamire
23183,nekoman_(nukomann)
23184,nekomanma_(byougatei)
23185,nekomaru
23186,nekomaru0817
23187,nekomarunisei
23188,nekomata_naomi
23189,nekomatamago
23190,nekome_toworu
23191,nekomeen
23192,nekomegane
23193,nekometaru
23194,nekomi_0
23195,nekomimi_kanon
23196,nekomimi_sukinosuke
23197,nekomimipunks
23198,nekominase
23199,nekomitei
23200,nekomo
23201,nekomu
23202,nekomugiharu
23203,nekomura_otako
23204,nekomura_yuyuko
23205,nekomushi
23206,nekonabe_ao
23207,nekoneko
23208,nekonekosan_(kemushima3)
23209,nekonetoru_take
23210,nekonii
23211,nekonika_(e102k)
23212,nekono
23213,nekono_matatabi
23214,nekono_osero
23215,nekono_rin
23216,nekonosuke
23217,nekonote_(nekono_paraiso)
23218,nekonyan
23219,nekonyan_(inaba31415)
23220,nekopantsu_(blt)
23221,nekoplanetouo
23222,nekopote
23223,nekopuchi
23224,nekopurin_(nyanko_prin)
23225,nekoreito
23226,nekorin
23227,nekorin_chu
23228,nekoro_(nekokabuto)
23229,nekoromancer
23230,nekorune_(bukubuku_awai)
23231,nekosaki
23232,nekosama_shugyouchuu
23233,nekoshima_kaede
23234,nekoshin_kagari
23235,nekoshoko
23236,nekosination
23237,nekosoul
23238,nekosugi_(hoshi)
23239,nekosuke_(oxo)
23240,nekosuzu_an
23241,nekota_min
23242,nekota_susumu
23243,nekotaririn
23244,nekotarou_(nktr299)
23245,nekotawawa
23246,nekotemari
23247,nekotewi
23248,nekoto_maruta
23249,nekoto_rina
23250,nekotokage
23251,nekotoufu
23252,nekou_izuru
23253,nekoume
23254,nekoya_(liu)
23255,nekoya_minamo
23256,nekoyama
23257,nekoyama_iori
23258,nekoyanagi_(azelsynn)
23259,nekoyanagi_matasaburou
23260,nekoyanagi_reo
23261,nekoyanaginekoko
23262,nekoyashiki_pushio
23263,nekoyasiki33
23264,nekoyaso
23265,nekoyuu
23266,nekozawa_yukari
23267,nekozuki_yuki
23268,neku01n
23269,neku_(neku_draw)
23270,nel-c
23271,nel-zel_formula
23272,nel_dcm
23273,nelnal
23274,nelta_rene
23275,nem_graphics
23276,nemachi
23277,nemari_(nemaru_0907)
23278,neme
23279,nemeneko_6
23280,nemigi_tsukasa
23281,nemo_(leafnight)
23282,nemo_(nameless920)
23283,nemo_(piisukun)
23284,nemo_ringo
23285,nemoga
23286,nemoto_yuuma
23287,nemu_(isaya)
23288,nemu_(nebusokugimi)
23289,nemu_(nemurakka)
23290,nemu_(nora)
23291,nemu_(ut_kakinotane)
23292,nemu_kotatsu
23293,nemu_mohu
23294,nemuaki
23295,nemubusoku
23296,nemui333
23297,nemui_(nemui)
23298,nemui_(nemuriyagi)
23299,nemun_(tamizzz)
23300,nemunemu_(candy_paddle)
23301,nemunemu_semi
23302,nemuri_nemu
23303,nemurimangetsu
23304,nemuro_nao
23305,nemusuke
23306,nemuta_muu
23307,nenashibito
23308,nenbuta
23309,nenbutsu_0416
23310,nenchi
23311,nendo23
23312,nendoroya
23313,nene_(10575936)
23314,nene_man
23315,nenehotoso
23316,neneko-n
23317,neneko_sleep
23318,nenem_(kimnenemmm_art)
23319,neneneji
23320,neneru
23321,nengoro
23322,nenight
23323,nenkou-san
23324,nennen
23325,nennen_(nene19515)
23326,nenobi_(nenorium)
23327,nenosame
23328,neo_(neorarty3)
23329,neo_(tyottama)
23330,neoartcore
23331,neocoill
23332,neoki_ohae
23333,neoko
23334,neold
23335,neon-tetora
23336,neon_(co2co8)
23337,neon_(hhs9444)
23338,neon_(pixiv_31150749)
23339,neon_ui
23340,neonbeat
23341,neone
23342,neonfloyd
23343,neongun
23344,neonneon321
23345,neopara
23346,neopure
23347,neota
23348,nep_(nep_76)
23349,nephila_clavata
23350,nephlite
23351,nephthys2356
23352,nepodayo
23353,nepperoni
23354,neps-l
23355,nepty_(silkey_vod)
23356,neqo_(neneneqo)
23357,neranainerune
23358,nerdyart1
23359,neri_sachiko
23360,neriash
23361,nerimono_(nekokoban22)
23362,nerinn_(artist)
23363,nerio_(neri_akira)
23364,neritch
23365,neriwasabi
23366,nerizou
23367,nero_(nilu)
23368,nero_augustus
23369,nero_hanken
23370,nero_watch
23371,neroma_shin
23372,neropaso
23373,nerorigogo
23374,neroshi
23375,nerotarou
23376,neru5
23377,neru_(flareuptf1)
23378,neru_(neruneruru)
23379,nerukichikatafukuma
23380,nerunnn
23381,nerutora
23382,neruzou
23383,nesaki
23384,neshia_(tsaqif0309)
23385,ness_(pjw0168)
23386,nesskain
23387,nestea
23388,nestkeeper
23389,nesz_r
23390,netachou
23391,netamaru
23392,netapai1
23393,netarou
23394,netarou_(netarou_25)
23395,netarou_(shinra)
23396,neti_(cpu11151)
23397,nettian51
23398,nettsuu
23399,netural
23400,neu_(musyoku-neet)
23401,neukkom
23402,neumo
23403,neuron_(exceed)
23404,nev_(nevblindarts)
23405,neva
23406,nevakuma_(fanfanas)
23407,neve_(morris-minicooper)
23408,nevercrymoon
23409,neverland+
23410,nevin_(flyskying)
23411,new_(new21u)
23412,new_(new_gnsn)
23413,newey
23414,newflame
23415,newmoonshira
23416,newo_(shinra-p)
23417,newon
23418,nexas
23419,nextoad
23420,neyti_(neytirv)
23421,neytirix
23422,neyuki_rei
23423,nez-box
23424,nez_n
23425,neziren14
23426,nezo
23427,nezuko
23428,nezulet
23429,nezumi_(09261377)
23430,nezumidoshi
23431,nezunezu
23432,nfb-zmc
23433,ng_(kimjae737)
23434,nga_(ray_ray)
23435,ngancurindunia
23436,ngayope
23437,ngc20701
23438,ngetyan
23439,ngkhyn
23440,ngo_(ngo_dandelion)
23441,ngop
23442,nguyen_tam_lee
23443,nhaliz
23444,nhim
23445,ni02_(asahi_nini)
23446,ni_(221)
23447,ni_(2shi)
23448,ni_(ippozenshin)
23449,ni_celery_pk
23450,ni_piao_xiancai
23451,ni_re
23452,ni_tamago_sando
23453,nia_(0122)
23454,nia_(nia4294)
23455,nia_(x_x02)
23456,niaa
23457,niac
23458,nial
23459,nian962464
23460,nianbingzi
23461,niandni
23462,niarss
23463,niaru_(r2pi)
23464,nibelart
23465,nibiiro_shizuka
23466,nibo_(att_130)
23467,nibosi
23468,nicca_(kid_nicca)
23469,nicchi
23470,nice_(artist)
23471,nicecream
23472,nicel
23473,nicetack
23474,nicetea_(tsurishi)
23475,nichaku
23476,nichibotsu_(kitaziman)
23477,nichigeckoh
23478,nichijo
23479,nichiju_(you)
23480,nichika_(nitikapo)
23481,nichimatsu_seri
23482,nichiru
23483,nickel_nike
23484,nicky_w
23485,nico-mo
23486,nico-neko
23487,nico-tine
23488,nico_(hero300)
23489,nico_(nico_alice)
23490,nico_jiang
23491,nico_o0
23492,nicoby
23493,nicohi
23494,nicole_(lion)
23495,nicole_(usako)
23496,nicole_pmonachi
23497,nicomi-chan
23498,nicorima
23499,nicporim
23500,nicutoka
23501,nid417
23502,nidaime_(doronbo)
23503,nideaneng
23504,nidhoggn
23505,nido_celisius
23506,nidoro
23507,nidou
23508,niduannowu
23509,nidy
23510,niea
23511,nier_(l215)
23512,nieto_tokage
23513,nifast_(greentail)
23514,nifffi
23515,nifu
23516,nig_18
23517,nigane
23518,nigari_(ngari_0115)
23519,nigatsumikka
23520,nigelungdayo
23521,night_known
23522,nightcat
23523,nightcrow
23524,nightea
23525,nightmare-doom
23526,nightmare-kck
23527,nightmare77zx
23528,nighttsound
23529,nigi_(ngmnoym)
23530,nigiri
23531,nigiri_(ngr24)
23532,nigirimeshi
23533,nigo_(aozoragarou)
23534,nigori_(keydoor)
23535,nigou
23536,nihakusanren
23537,nihei_tsutomu
23538,nihimaru
23539,nihiro_(erxun11)
23540,nihiru0513
23541,nihnfinite8
23542,nihohohi
23543,nihoshi_(bipedal_s)
23544,nihudau
23545,nii-san
23546,nii_manabu
23547,niichi_(komorebi-palette)
23548,niichi_(niichi21)
23549,niii
23550,niii_(memstapak)
23551,niiko_(gonnzou)
23552,niimura_(csnel)
23553,niina_ryou
23554,niio_(niiochi)
23555,niiya
23556,niiyan
23557,niizuka_(c-drop)
23558,niji_(nijioki)
23559,niji_(rudduf232)
23560,nijihashi_sora
23561,nijihayashi
23562,nijiko_(c2cs4q)
23563,nijimaarc
23564,nijimoto_hirok
23565,nijiomu
23566,nijitama_shiyushiyu
23567,nijou_katame
23568,nijou_makoto
23569,nik_ibi
23570,nika_(nikasa_an)
23571,nikai_kara_momoshio
23572,nikaidou_kou
23573,nikame
23574,nikamoka
23575,nikayu
23576,nike_(0306)
23577,nike_(nike1060)
23578,niki_(nikism1987)
23579,nikichen
23580,niking
23581,nikishiko
23582,nikism
23583,nikitan_(niki)
23584,nikka_(cryptomeria)
23585,nikke_(cherish)
23586,nikki_kyousuke
23587,nikku_(nzaf5832)
23588,nikku_(ra)
23589,nikku_hikikomori
23590,niko_(aiai03012)
23591,niko_(nikooo2016)
23592,niko_(silent.whitesnow)
23593,niko_(tama)
23594,niko_kusa
23595,niko_p
23596,nikohada_fuguri
23597,nikomi_(nikomix)
23598,nikon_(user_aznh7528)
23599,nikoo
23600,nikorashi-ka
23601,nikov
23602,niku-name
23603,niku114514810
23604,niku_(hamuchang)
23605,niku_(ni23ku)
23606,niku_0000
23607,niku_harumaki
23608,nikuatsu_magician_shinbo
23609,nikubanare
23610,nikubou_maranoshin
23611,nikuji-kun
23612,nikukabe
23613,nikukaiq
23614,nikuku_(kazedesune)
23615,nikulas_cage
23616,nikumaki43
23617,nikuman_(samara)
23618,nikumanman
23619,nikumaru
23620,nikumeron
23621,nikumocchi
23622,nikunopengin
23623,nikuoji
23624,nikuromuline
23625,nikusenpai
23626,nikusho
23627,nikuya_(nikuniku_nikuya)
23628,nikyuppa
23629,nil_(pixiv_53614557)
23630,nilan_1999
23631,nilitsu
23632,niliu_chahui
23633,nills
23634,nima_(nimamann)
23635,nima_(niru54)
23636,nimbus_goldbrum
23637,nimingduz
23638,nimirom
23639,nimo_(b45ui)
23640,nimu
23641,nimura_yuuji
23642,nin10ja
23643,nin_(lion)
23644,nin_(niyuu_mo9)
23645,nin_fake
23646,nina_(maurururoa)
23647,nina_(ninageya)
23648,nina_(pastime)
23649,ninahachi
23650,ninai
23651,ninamo
23652,ninchan
23653,nine_(kanine41)
23654,nine_(liuyuhao1992)
23655,ninebell
23656,nineo
23657,ningen3333
23658,ningen_(ningen96)
23659,ningen_gokko
23660,ningen_mame
23661,ningmeng_jing_jing_jing_jing
23662,ningmeng_manyou
23663,ningre_huahe
23664,ningri_(lianyungangwyz)
23665,ningzzz
23666,nini3piyo
23667,nini_tw99
23668,niniidawns
23669,ninimo_nimo
23670,nininikal
23671,nininininil
23672,nininiwa2
23673,ninjaham
23674,ninjin_(ne_f_g_o)
23675,ninjin_nouka
23676,ninjinshiru
23677,ninkou_tan
23678,ninniku_(mfu7324)
23679,ninniku_(ninnniku105)
23680,ninniku_mashimashi
23681,ninnin5tora
23682,ninnin_(shishitou)
23683,ninnzinn
23684,nino_(ninouchi_irazu)
23685,nino_(shira)
23686,ninoko
23687,ninomae_ina'nis_(artist)
23688,ninomotonino
23689,ninonuko
23690,ninopal
23691,ninoude_(ninoude44)
23692,ninozen
23693,ninsaki_(9saki)
23694,ninto
23695,nioti
23696,nip_to_chip
23697,nipa_(graf_xsr900)
23698,nipi27
23699,nipio
23700,nippori
23701,nippori_honsha
23702,nipye
23703,nira_(nira_box)
23704,nira_(vira)
23705,niradama_(nira2ratama)
23706,nirade44
23707,nirak
23708,nirako_mona
23709,nirap
23710,nirareba
23711,niratama-don
23712,niri_(eunhaha02)
23713,niro_(sikabanekurui)
23714,nironiro
23715,niroxin
23716,niru_(ka_k_0517)
23717,niruanu_(nitayam)
23718,nirvelia
23719,nisanka_futon
23720,nisanrei121
23721,nise6
23722,nise_(basilsis)
23723,nise_nanatsura
23724,nise_pakuman-san
23725,nisego
23726,niseneko_(mofumofu_ga_ienai)
23727,nisetanaka
23728,nishi_(count2.4)
23729,nishi_iori
23730,nishi_itsumi
23731,nishi_juuji
23732,nishi_koutarou
23733,nishi_masakazu
23734,nishi_tanuki
23735,nishi_yasuaki
23736,nishibi_mitsuba
23737,nishida_(pixiv_50671594)
23738,nishida_asako
23739,nishida_megane
23740,nishieda
23741,nishigori_atsushi
23742,nishihara_isao
23743,nishii_(damnedrive)
23744,nishiide_kengorou
23745,nishiii26miii
23746,nishiirei9522
23747,nishijou_myu
23748,nishikasai_munieru
23749,nishikawa_(fe)
23750,nishikawa_ari
23751,nishiki_areku
23752,nishiki_kazue
23753,nishiki_koi
23754,nishiki_yuno
23755,nishikikope
23756,nishikino_kee
23757,nishikiori_jin
23758,nishikujic
23759,nishikuromori
23760,nishimata_aoi
23761,nishimawari_kouro
23762,nishimi_shin
23763,nishimiya_aki
23764,nishimuku_meri
23765,nishimura_(prism_engine)
23766,nishimura_(shinchinagachi)
23767,nishimura_eri
23768,nishimura_kinu
23769,nishin_(nsn_0822)
23770,nishina_masato
23771,nishino_eri
23772,nishino_hikoji
23773,nishino_miyuki
23774,nishinomiya_suzu
23775,nishioki_tama
23776,nishiro_hato
23777,nishiro_ryoujin
23778,nishisan_(mikurosu)
23779,nishishi
23780,nishita
23781,nishitin
23782,nishitsuki_tsutomu
23783,nishiumi_yuuta
23784,nishiuri
23785,nishiuri_warito
23786,nishiwaki_yuuri
23787,nishiya_futoshi
23788,nishiyama_(whatsoy)
23789,nishiyama_maruta
23790,nishizaki_eimu
23791,nishizawa
23792,nishizuki_shino
23793,nishuu_miri
23794,nisi_ki_no
23795,nisikm
23796,nisina
23797,nisino2222
23798,niso
23799,nisp_art
23800,nisshisshi
23801,nita_(onakatohoppe)
23802,nitaimoimo
23803,nitaka_(fujikichi)
23804,nitako
23805,nitamago
23806,nitamako_(sakamalh)
23807,nitanda_cona
23808,nitefise
23809,nitenmanten0
23810,nithros
23811,nitijoy2
23812,nitizyo
23813,nito
23814,nito_(nshtntr)
23815,nito_(siccarol)
23816,nito_minatsuki
23817,nitogebeto
23818,nitoridio
23819,nitoron
23820,nitoya_00630a
23821,nitro_(mugityaoisii)
23822,nitta_hiroto
23823,niu_illuminator
23824,niu_ju_(orange_bull)
23825,niu_tata
23826,niui_(user_afvr8485)
23827,niukou_kouzi
23828,niur
23829,niwa_haruki
23830,niwa_toriko
23831,niwabuki
23832,niwaikanai
23833,niwaka_potato
23834,niwaka_yuan
23835,niwakaame_(amayadori)
23836,niwako
23837,niwarhythm
23838,niwasane_(saneatsu03)
23839,niwashi_(yuyu)
23840,niwata0
23841,niwatazumi
23842,niwatori5948
23843,niwatori_(akira_207)
23844,niwatori_(satoru0201)
23845,niwatori_gunsou
23846,niwatori_kokezou
23847,niwatori_panda
23848,niwatoriya
23849,nixeu
23850,nixour
23851,nixtutyannh
23852,niy_(nenenoa)
23853,niyadepa
23854,niyasuke_(yama)
23855,niyororinpayamaru
23856,niyun_(n_niyu)
23857,nizitaro
23858,njaja_kanja
23859,njike
23860,nk-43g
23861,nkonya
23862,nkraae
23863,nksk
23864,nkwtsrsk_hh
23865,nkymyura
23866,nlitz
23867,nm222
23868,nm222hz
23869,nm_(blue-rapid)
23870,nm_(tshell2761)
23871,nmi
23872,nmnm2332chan
23873,nmz_(namazu)
23874,nn11
23875,nn_(eogks)
23876,nnicoinu
23877,nnikko
23878,nnmbpx
23879,nnn-ollll
23880,nnn_yryr
23881,nnnmmg0725
23882,nnnn
23883,nnnnnova
23884,nns_(sobchan)
23885,nnsee_d
23886,nnyara
23887,nnyu
23888,no+bi=
23889,no-kan
23890,no.6_(numberr_6)
23891,no.aei
23892,no.gomesu
23893,no10
23894,no31990
23895,no6_gnsn
23896,no_(13_10_1230)
23897,no_(xpxz7347)
23898,no_710
23899,no_name_ninja
23900,no_uwazumi
23901,noa_(nagareboshi)
23902,noa_(noa01010)
23903,noa_(skae3323)
23904,noa_ikeda
23905,noa_pisces
23906,noah12
23907,noah_(0noah)
23908,noah_(livas)
23909,noah_(tettsui-sole)
23910,noai_nioshi
23911,noako
23912,noamem
23913,noaqin
23914,nob1109
23915,noba
23916,noba_(veronicanoha)
23917,nobamo_pieruda
23918,nobell_(bell_no5)
23919,nobicco
23920,nobile1031
23921,nobita_(makoto7060355)
23922,nobita_(nbnobita)
23923,noblood_(ryandomonica)
23924,nobori_ranzu
23925,noboru_(kamine204136)
23926,nobu_(25mark)
23927,nobu_baka
23928,nobuchi
23929,nobusawa_osamu
23930,nobusnow
23931,nobutake_(nobu0)
23932,nobuya
23933,nobuyoshi-zamurai
23934,nobuyu_(77yusei)
23935,nocchi_(r_ws2l)
23936,noccu
23937,nochatea
23938,nochita_shin
23939,noco_(adamas)
23940,noco_(pixiv14976070)
23941,noconcession
23942,nocopyrightgirl
23943,nocoyaki
23944,nocta_felis
23945,nod
23946,noda_(yncoon)
23947,noda_shuha
23948,noda_yasuyuki
23949,nodachi_(artist)
23950,nodoameyatou
23951,nodoguro_(phi-tan)
23952,nodori710
23953,noe_(ppppriver)
23954,noe_8ban
23955,noe_aoikaba
23956,noe_noel
23957,noe_yuuhi
23958,noel_(nnoelllll)
23959,noel_(noel-gunso)
23960,noeomi
23961,noeru
23962,noeru_(noellemonade)
23963,noeru_(putty)
23964,noes
23965,noeunjung93
23966,noeyebrow_(mauve)
23967,nofuture
23968,nogami_(minamiituki)
23969,nogami_takeshi
23970,nogi_(acclima)
23971,nogi_lief
23972,nogi_momoko
23973,nogi_takayoshi
23974,nogi_yasuhito
23975,nogiguchi_kohiro
23976,nogisaka_kushio
23977,nogiwa_kaede
23978,nogong
23979,nogoodlife
23980,nogreen
23981,noguchi_takayuki
23982,nohhun
23983,nohito
23984,nohohon_neko
23985,nohtuy
23986,noi_(noi_2y)
23987,noi_(noi_pk27)
23988,noi_mine
23989,noie_(neunteedelstein)
23990,noii
23991,noill
23992,noinoichebura
23993,noir39
23994,noir_(4chan)
23995,noir_(ibaraki)
23996,noir_(nowaru)
23997,noir_eku
23998,noir_illust
23999,noiretox
24000,noiriririri
24001,noirly
24002,noise_(hakusen)
24003,noise_(lesion949)
24004,noise_(tsuzuki)
24005,noise_paper
24006,noise_pp
24007,noise_tanker
24008,noixen
24009,noja
24010,nojikorirakkusu
24011,nojima_minami
24012,nok_(nok_1)
24013,noka_(blackheart1118)
24014,noka_(noka8103)
24015,nokaa_aru
24016,nokachoco114
24017,nokataro
24018,nokchamint
24019,nokemono-san_(bocchi_friend)
24020,noki_(affabile)
24021,nokishita
24022,nokishita_kumoemon
24023,nokita_(pinmisil)
24024,nokke_o
24025,nokkusuart
24026,noko_(nco029685627)
24027,noko_morokoshi
24028,nokonata
24029,nokoppa
24030,nokora_(otonarinoco)
24031,nokoru_sora
24032,nokoya
24033,nokuhashi
24034,noland
24035,nolia
24036,nollety
24037,nolma7
24038,nolmo
24039,noma_(noma3g)
24040,nomal
24041,nomalman
24042,nomanota
24043,nomayo
24044,nome_(nnoommee)
24045,nomeazog
24046,nomi_(nomi0926)
24047,nomikata
24048,nomio
24049,nomiya37564
24050,nomiya_(no_38)
24051,nomoc
24052,nompang
24053,nomu_(29_nom)
24054,nomuo_(shiromi)
24055,nomura_(buroriidesu)
24056,nomura_kitan
24057,nomura_teruya
24058,nomura_tetsuya
24059,nomuraumu
24060,non_(kumakawayusu)
24061,non_(mangaka)
24062,non_(nobu)
24063,non_(nonzile)
24064,non_(nuebako)
24065,non_(wednesday-classic)
24066,non_(z-art)
24067,non_tarou
24068,nona
24069,nona_(goodboy)
24070,nona_moth
24071,nonaka
24072,nonaka_ritsu
24073,noname_(nowhere)
24074,nonamejd
24075,nonana_(galaxycat89p13)
24076,nonana_(mikudrop)
24077,nonbire
24078,nonco
24079,nonddu
24080,nonderi
24081,none_(kameko227)
24082,noneon319
24083,nong_345
24084,nongxy_nonshi
24085,nonh_(wormoftank)
24086,nonhaaa
24087,noniha
24088,nonji_(sayglo_halo)
24089,nonkomu_(furiten5553)
24090,nono_(norabi)
24091,nono_i831
24092,nonoa
24093,nonoa-cg
24094,nonohachi
24095,nonohara_miki
24096,nonohara_nyorai
24097,nonoka7221
24098,nonoka917
24099,nonokusu_(no2xnox)
24100,nonomaro
24101,nonon_(xenonbot)
24102,nonone_(the9thxsheep)
24103,nonono_(1399900)
24104,nonono_(nononotea)
24105,nonono_mino
24106,nonono_nagata
24107,nonons
24108,nonoririn
24109,nonosaki
24110,nonoworks
24111,nonoyama
24112,nonsensemanna
24113,nontao
24114,nooca
24115,noochan_chonoda
24116,noodlenood
24117,noodychaan
24118,noomaru_(nomorepeople)
24119,noonnoon531
24120,noonvincent
24121,noorung
24122,nootomo
24123,nopepe
24124,noperori
24125,nopetroto
24126,nopeys
24127,nopinzo
24128,noppe
24129,noppo
24130,noppo-san
24131,noppo_(tarstation)
24132,nora-toro
24133,nora_(salatto)
24134,nora_higuma
24135,nora_ichigo
24136,nora_shinji
24137,nora_wanko
24138,norada
24139,noragami_sota
24140,noraico
24141,norakura_(nr_kura)
24142,norakuro_nero
24143,noranekogahara
24144,norapeko
24145,norari_kuno
24146,norasame_(dagako)
24147,norasuko
24148,norato
24149,norazura
24150,nord_(expc4752)
24151,nordic_niku
24152,nore_(boosuke)
24153,nori02222
24154,nori20170709
24155,nori_(akusei_shinseibutsu)
24156,nori_(arara105)
24157,nori_(cheiwbciwkxbdjr)
24158,nori_(norimakigumo)
24159,nori_(norinori_yrl)
24160,nori_aji
24161,nori_chazuke
24162,nori_gorou
24163,nori_senbei
24164,nori_tamago
24165,noria
24166,norigure18
24167,noriheita
24168,noriko_(ni_noriko)
24169,norikoi
24170,norimaki_(haru_koubou)
24171,norimaki_(nrmk_norinori)
24172,norimori
24173,norinco
24174,norio_(norio386)
24175,norio_(noriosub)
24176,noripachi
24177,noripote_(noripote831)
24178,noririn
24179,norisukep
24180,norisukexxy
24181,norita
24182,noritama_(gozen)
24183,noriuma
24184,norixio
24185,norizc
24186,norizou_type-r
24187,normaland
24188,norman_maggot
24189,noroi_(rnatataki)
24190,norori
24191,north_abyssor
24192,northkiyou
24193,northman
24194,nortuet
24195,norue
24196,norun
24197,norunollu
24198,noruren
24199,norza
24200,nos_(nos_tsn)
24201,nosa
24202,nosada
24203,noshima
24204,noshimasa
24205,noshimurin
24206,nosir_onadat
24207,nosuku
24208,not_forever2w
24209,not_nodu
24210,not_on_shana
24211,nota_ika
24212,nota_sayaka
24213,notaventura
24214,note2000
24215,note_nii
24216,notgustiarp
24217,nothingblues_yuki
24218,notinversion
24219,notnoe_(dxcl)
24220,noto_(soranoto)
24221,noto_kurumi
24222,notora
24223,notori_d
24224,notoro
24225,notte
24226,nottytiffy
24227,notyu_maru
24228,nou_(nounknown)
24229,noubin
24230,nougat_(73r1r1)
24231,nouka
24232,noukatu
24233,noumen
24234,noumin
24235,noumiso
24236,noumu_(pixiv)
24237,noush
24238,nova_1810
24239,novadada
24240,novady
24241,novcel
24242,nove_(legge)
24243,novelance
24244,novenine
24245,noveske_n4
24246,novi_visual
24247,novika
24248,novus_rue
24249,nowoka
24250,noxcuro
24251,noy
24252,noya_makoto
24253,noyama_(noyama8888)
24254,noyama_takenoko
24255,noyk_iv
24256,noyomidx
24257,noyu_(noyu23386566)
24258,noyuki1204
24259,noz_2to
24260,nozaki_tsubata
24261,nozarashi_satoru
24262,nozawa_noko
24263,nozawa_yukiko
24264,nozo_(hitomiz)
24265,nozomi_fuuten
24266,nozomi_tsubame
24267,nozora_yuzu
24268,nozu_(thukuhuku)
24269,nozz177
24270,np_(1231_0720)
24271,np_eny
24272,npa_(sirokurokuma)
24273,npcpepper
24274,nploser
24275,npn
24276,nprmtp
24277,nq_(nnq_q)
24278,nr_(cmnrr)
24279,nr_noir
24280,nradiowave
24281,nrnmarie
24282,nrnroooo
24283,ns.x
24284,ns1123
24285,nsb36046_(na)
24286,nse
24287,nsfwolf
24288,nsgw
24289,nshi
24290,nsio
24291,nslacka
24292,nspa_(spa-jcs)
24293,nstime23
24294,nt00
24295,nt50
24296,nt_26
24297,nthndn
24298,ntk_(7t5)
24299,ntm
24300,ntny
24301,nu_(plastic_eraser)
24302,nu_(qjqmfqjqmf02)
24303,nuancho
24304,nubezon
24305,nuclear_wasabi
24306,nucomas
24307,nuda
24308,nudiedoodles
24309,nuebunny
24310,nueco
24311,nueegochi
24312,nuenue
24313,nuezou
24314,nufucha
24315,nugaa
24316,nuggetkouhai
24317,nugi_(armenci)
24318,nuguri444
24319,nui_(nuinui0300)
24320,nui_gurumi
24321,nuime
24322,nujii
24323,nujima
24324,nuka_(nukamochi)
24325,nuka_(nvkka)
24326,nuka_cola06
24327,nukaduke000
24328,nukaji_(kuromahou_kenkyuujo)
24329,nukegara102
24330,nukekip
24331,nukkoru
24332,nuko-d
24333,nuko_(mikupantu)
24334,nuko_0108
24335,nuko_miruku
24336,nukogami_(minniecatlove21)
24337,nukoosama
24338,nukosann
24339,nukoyarou
24340,nukunuku
24341,nukunuku_(hinataboltuko)
24342,nul
24343,null-ghost
24344,null_(chronix)
24345,null_(nyanpyoun)
24346,null_(skev7724)
24347,null_maru
24348,null_suke
24349,nullhachi
24350,nullken
24351,nullma
24352,nullpooo
24353,nullq_(nullqllun)
24354,numa_(minus_4k)
24355,numachi_doromaru
24356,numae_kaeru
24357,numaguro_(tomokun0808)
24358,numahana
24359,numahata_tofu.
24360,numako
24361,numanoan
24362,numata_(oioioioiai)
24363,numata_seiya
24364,numata_zombie
24365,numazoko_namazu
24366,numazume
24367,number10_(hagakure)
24368,numbers_(pigpenandpaper)
24369,numenoko
24370,numenume_(powa-ogutyogutyo)
24371,numpopo
24372,numuhe
24373,nuneno
24374,nunnun_(shunka_shuutou)
24375,nuno_(pppompon)
24376,nuno_kire
24377,nunosei
24378,nuntarou_(niudon_kajika)
24379,nunu_(pixiv69145027)
24380,nunucco
24381,nunun
24382,nununu_(nununu386)
24383,nunusayu
24384,nuo_(fttv3255)
24385,nuppehofu_(nibuta)
24386,nuppunuppu
24387,nuqura
24388,nura_(oaaaaaa)
24389,nurami_(shouji)
24390,nuri_kazuya
24391,nurikabe_(mictlan-tecuhtli)
24392,nuriko-kun
24393,nurugamer-kouyouju
24394,nuruko_(nuru55555)
24395,nurumi_p
24396,nurupo_(abooon)
24397,nuruponnu
24398,nushi_ma
24399,nushiya_(ayihsem)
24400,nut_megu
24401,nutkingcall
24402,nuts_(hazel-nuts)
24403,nutthanunkhomk1
24404,nuu_(liebe_sk)
24405,nuu_(nu-nyu)
24406,nuudoru
24407,nuurise2023
24408,nuwanko
24409,nuwara_eliya
24410,nvl
24411,nwon'yo_pasun
24412,nxhqt
24413,nya_deko
24414,nyaa28
24415,nyaa_(nnekoron)
24416,nyaasechan
24417,nyagakiya
24418,nyahpa20
24419,nyahu_(nyahu_77)
24420,nyaivie
24421,nyakelap
24422,nyako_(lhq3p)
24423,nyako_(utaneko31)
24424,nyakonro_(nekonro)
24425,nyala_(nyala_766)
24426,nyama
24427,nyamaso
24428,nyami
24429,nyamnyam0502
24430,nyamo
24431,nyamo-lv0
24432,nyamota
24433,nyamunyamu
24434,nyan5000
24435,nyan_(reinyan_007)
24436,nyanbutter
24437,nyang-kaz
24438,nyanmaru
24439,nyanmaru_(ememing)
24440,nyanmilla
24441,nyano21
24442,nyansan_oekaki
24443,nyansky
24444,nyantcha
24445,nyantiu
24446,nyanya
24447,nyanyanoruru
24448,nyanzai-sensei
24449,nyaon_oekaki
24450,nyaou
24451,nyaph
24452,nyarimia
24453,nyaring943
24454,nyarocks
24455,nyaroon
24456,nyaru_(nyaru_4126)
24457,nyaruin
24458,nyarumi
24459,nyas0123
24460,nyasa
24461,nyashiro_(sgylk)
24462,nyasunyadoora
24463,nyatabe
24464,nyatrix
24465,nyaxxy
24466,nyazui
24467,nycnouu
24468,nyeigneous
24469,nyeppu
24470,nyifu
24471,nylon_(nylon_100%)
24472,nymph_rhythm
24473,nyoijizai
24474,nyome991
24475,nyong_nyong
24476,nyonn24
24477,nyonyonba_tarou
24478,nyoomcat
24479,nyoon
24480,nyori
24481,nyoriko
24482,nyoripoke
24483,nyoro_(nyoronyoro000)
24484,nyoron_(fudegatana)
24485,nyororiso_(muyaa)
24486,nyorotono
24487,nyorotono_(amafurashi)
24488,nypaon
24489,nys
24490,nyu-tan94
24491,nyucha
24492,nyum
24493,nyuu_(manekin-eko)
24494,nyuu_(pixiv12143565)
24495,nyuudles
24496,nyuukazai
24497,nyuunzi
24498,nyuusai
24499,nyuyosuke_o_shigoto_boshuuchu
24500,nywlub_(bulwyn)
24501,nyxerebos
24502,nyxkz
24503,nyxview
24504,nzeneee
24505,nzuwaiganin
24506,nzz
24507,o-ishi
24508,o-los
24509,o-minato
24510,o-nashi_neko
24511,o-sirius
24512,o-yatsu
24513,o-yuki
24514,o0oherb
24515,o1118
24516,o22no
24517,o2_(o2mm)
24518,o2h2_oh4
24519,o_(_oomua)
24520,o_(crazyoton46)
24521,o_(rakkasei)
24522,o_bianyi_didi_shu_o
24523,o_c_x
24524,o_den
24525,o_natsuo88
24526,o_o307
24527,o_p.com
24528,o_ssion
24529,oa_(or_12o)
24530,oas
24531,oasis_(magnitude711)
24532,oastlv
24533,oba-min
24534,obakelope0530
24535,obanyaki
24536,obaoba_(monkeyix)
24537,obata_takeshi
24538,obazzotto
24539,obi3
24540,obiwan
24541,obj_shep
24542,obmas
24543,obniermarbiss
24544,obobkkp
24545,oboro_keisuke
24546,oboro_neko
24547,oborofu
24548,oborogumo_takamitsu
24549,oborotsuki_kakeru
24550,obosounds
24551,observerz
24552,obui
24553,oburaato
24554,obushideian
24555,oca
24556,ocarino
24557,occhan_(11715)
24558,occoon
24559,oceaninspace
24560,ocha_(hutuumikan)
24561,ocha_(ochappie)
24562,ocha_(oteaaa)
24563,ocha_(popopogg)
24564,ochakai_shin'ya
24565,ochano
24566,ochanoko_(get9-sac)
24567,ochappa
24568,ochazuke
24569,ochi_marco
24570,ochiai_miyabi
24571,ochiaki
24572,ochikata_kage
24573,ochinsama
24574,ochocho2828
24575,octahooves
24576,octavius_(octavius_dp)
24577,octodeco
24578,octosoup
24579,ocza
24580,oda32t
24581,oda_(101511a)
24582,oda_eiichirou
24583,oda_ken'ichi
24584,oda_koziki
24585,oda_masaki_(b-minor)
24586,oda_mifuu
24587,oda_non
24588,oda_takayuki
24589,oda_ya_ka
24590,odachu
24591,odagiri_sakura
24592,odaneru_apart
24593,odaodaoaoda
24594,odashi_(namiri)
24595,odawara_hakone
24596,odayaka
24597,odayan
24598,odd_(hin_yari)
24599,oddman1234
24600,oddsnail
24601,odeclea
24602,odecono3
24603,odeko_yma
24604,oden_(odenzzi)
24605,oden_(th-inaba)
24606,odeyama
24607,odjisanhonpo
24608,odmised
24609,odmk_(jinnta4014)
24610,odo_7ta
24611,odoc
24612,odochi_(1or8)
24613,odore_(suzukisakana001)
24614,odoriyama_gorou
24615,odoro_(nicoseiga81184094)
24616,odorukaminoke
24617,odyssey_21
24618,oeillet_vie
24619,oekaki_aoba
24620,oekaki_machine
24621,oekaki_taro
24622,oekakiboya
24623,oekakiism
24624,oekakimannga
24625,oekakizuki
24626,oetaro
24627,oeuia
24628,oeyama
24629,offbeat
24630,ofgwr
24631,oftooon
24632,ofuro_mantarou
24633,ofuton_zeb
24634,oga_raito
24635,ogadenmon
24636,ogakuru
24637,ogami
24638,ogami_kazuki
24639,ogami_ren
24640,ogarasu
24641,ogasawara
24642,ogata
24643,ogata_kouji
24644,ogata_mamimi
24645,ogata_tei
24646,ogata_tomio
24647,ogata_zen
24648,ogawa_hidari
24649,ogawa_maiko
24650,ogawa_shou
24651,ogenki_shrimp
24652,ogera_okera
24653,oggu_(neoguloliko)
24654,oggy_(oggyoggy)
24655,ogi_(sham00)
24656,ogi_(torikari)
24657,ogi_non
24658,ogino_(oginogino)
24659,ogino_jun
24660,ogipote
24661,ogiyuki
24662,ogre_(illustogre)
24663,ogros
24664,ogry_ching
24665,ogu
24666,oguchi
24667,oguma_shiro
24668,ogura_(sao_no)
24669,ogura_eisuke
24670,ogura_toast
24671,ogura_tubuan
24672,oguraponti
24673,oguro_(moyashi_2-hon)
24674,oh_(aung_ae)
24675,oha_(oha_h22)
24676,ohagetty
24677,ohagi1010
24678,ohagi_(ymnky)
24679,ohagi_0909
24680,ohagi_umeume
24681,ohako
24682,ohako_(ohako1818)
24683,ohara_hiroki
24684,ohara_tometa
24685,oharu
24686,oharu-chan
24687,ohashi_(hashidate)
24688,ohasi
24689,ohayashi55
24690,ohayosayonara
24691,ohayousan_084
24692,ohbuya
24693,ohc.
24694,ohgi910
24695,ohguro_mariya
24696,ohhhhhhtsu
24697,ohichi16
24698,ohiensis
24699,ohigetan
24700,ohihil
24701,ohil_(ohil822)
24702,ohisashiburi
24703,ohitashi_netsurou
24704,ohiya
24705,ohizumi_daisaku
24706,ohji130
24707,ohland
24708,ohlia
24709,ohn_pkmn
24710,ohoho
24711,ohse
24712,ohshioyou
24713,ohta_guk_hip
24714,ohta_yuichi
24715,ohtagaki_yasuo
24716,ohthicc
24717,ohyo
24718,oi_shibako
24719,oimanji
24720,oimari
24721,oimo_(14sainobba)
24722,oimo_(imoyoukan)
24723,oimo_(oimkimn)
24724,oimo_0imo
24725,oimo_imoo
24726,oimo_kenpi
24727,oimoto_jirou
24728,oinari_(koheihei1109)
24729,oinari_(tensaizoku)
24730,oioi_ainomo
24731,oirin
24732,oiru_(613)
24733,oishii_ishiwata
24734,oishii_sasa
24735,oisiimizu
24736,oisin
24737,oissu_tiwassu
24738,oito_(bowstringsmall)
24739,oitsuki_(getsumen_diver)
24740,oiun
24741,ojay_tkym
24742,oji-sama_(ochi4t)
24743,ojipon
24744,ojiri_shin'ya
24745,ojisan_kamo_shiremasen
24746,ojisanevolution
24747,ojo_(dfreak)
24748,ojo_aa
24749,ojyomu
24750,ojyou
24751,ok-ray
24752,ok_ko19
24753,ok_o_o
24754,oka_(bananashoe)
24755,oka_(umanihiki)
24756,oka_3776
24757,oka_kojiro
24758,oka_mochi
24759,oka_yuuichi
24760,okabe_gyoza
24761,okachi
24762,okada_(hoooojicha)
24763,okada_manabi
24764,okai
24765,okai_(pixiv6333)
24766,okajamira
24767,okakan
24768,okakasushi
24769,okama
24770,okame_nin
24771,okamori_kuo
24772,okamura_(okamura086)
24773,okamura_hijiki
24774,okannigeru
24775,okano_hajime
24776,okano_yuuto
24777,okanoyuno
24778,okaohito1
24779,okara
24780,okari
24781,okashira_moppu
24782,okatora
24783,okawa_friend
24784,okaya_(blackjokecompany)
24785,okayado
24786,okayashi
24787,okayparium
24788,okayu_(headless)
24789,okayusonmu
24790,okazaki_oka
24791,okazaki_takeshi
24792,okazu2010015
24793,okazuwa_shake
24794,oke_(okeya)
24795,okemai
24796,okeno_kamoku
24797,okepi
24798,okera
24799,okey
24800,oki_(koi0koi)
24801,oki_kuro
24802,okiha18
24803,okii
24804,okii_(oh_ki_ik)
24805,okina_(805197)
24806,okina_ika
24807,okingjo
24808,okino_ryuuto
24809,okiq
24810,okiraku_boy
24811,okiraku_nikku
24812,okiru
24813,okishiji_en
24814,okita
24815,okita_(sukult_4)
24816,okita_ababa
24817,okitafuji
24818,okitaima
24819,okitakung
24820,okitarou_(okiyo)
24821,okitsugu
24822,okitsune_(okitsune-sama)
24823,okiura
24824,okiyumi_kase
24825,okiza_yuuri
24826,okkimon
24827,okkobc
24828,okku
24829,okoge_(simokaji)
24830,okojo
24831,okokorika
24832,okome2028
24833,okome_(kome_kuma)
24834,okome_(minagisama)
24835,okome_(okome_l_l)
24836,okome_(ricecandy)
24837,okome_0628
24838,okome_2g2g
24839,okomeillust
24840,okomeuma
24841,okonon_(kado_colda)
24842,okoru_ringo
24843,okosama_lunch_(sendan)
24844,okota_mikan
24845,okotan_(dewdrops)
24846,okpriko
24847,oku_(2964_okn)
24848,oku_(okumen)
24849,oku_1225
24850,oku_hideki
24851,oku_no_shi
24852,oku_tamamushi
24853,okuba
24854,okubyou_yuuki
24855,okuda_yasuhiro
24856,okuma707
24857,okuma_mai
24858,okuma_yuugo
24859,okumari
24860,okumori_boy
24861,okunin
24862,okuno_naru_(exoprsa)
24863,okura-chan_(at_nya5)
24864,okura_lino
24865,okurabaakaa
24866,okuragon
24867,okurarebito
24868,okurase
24869,okuri_banto
24870,okuri_ookami
24871,okutama_tarou
24872,okuto
24873,okutomi_fumi
24874,okuva
24875,okyao
24876,okyou
24877,okyurita
24878,ol_mahonanoka
24879,olchas
24880,old-night
24881,old_metal_666
24882,oldkin
24883,oldlim
24884,oldsickkim
24885,olecafe2
24886,olena_minko
24887,olga_korezky
24888,oli_o_o
24889,oligarchomp
24890,olive_(laai)
24891,olivia_(yh)
24892,olly_(ollycrescent)
24893,olmatown
24894,olopheris
24895,oluha
24896,olys
24897,om3632f
24898,om_(carbohydratism)
24899,om_(nk2007)
24900,om_rm1101
24901,omachi_(slabco)
24902,omaehadareda-uso
24903,oman_(evld)
24904,omanjuu_(tamppcn)
24905,omao
24906,omar_dogan
24907,omaru_(0marufestival)
24908,omaru_gyuunyuu
24909,omarumaru
24910,omeehayo
24911,omega.ep
24912,omega_2-d
24913,omegiricecake
24914,omegu
24915,omeki
24916,omelet_tomato
24917,omen_hohoho
24918,omeno_(digitalome)
24919,omi_(tyx77pb_r2)
24920,omichi_1219
24921,omikami
24922,ominaeshi_(takenoko)
24923,omiso_(omiso)
24924,omiya_(louise-louis-lucille)
24925,omiyacha
24926,omiza_somi
24927,omizu_(h2o)
24928,omizu_(omz)
24929,omizu_chihiro
24930,omlililimo
24931,ommmyoh
24932,omnisucker
24933,omo_chi2
24934,omocat
24935,omochi_(mochi_skymega)
24936,omochi_(omotimotittona3)
24937,omochi_kuitai
24938,omochi_monaka
24939,omochi_noa
24940,omochiarts
24941,omochichi96
24942,omochishiki
24943,omochiutyu
24944,omodaka_romu
24945,omomomizu
24946,omone_hokoma_agm
24947,omoomomo
24948,omoti_(1201208)
24949,omoyu_(nakyu715)
24950,ompf
24951,omucchan_(omutyuan)
24952,omuni
24953,omura06
24954,omuraisu_echizen
24955,omuretsu
24956,omurice_(304975636)
24957,omurice_(roza4957)
24958,omutatsu
24959,omy-chan
24960,omyo_(myomyomyo22)
24961,on0n
24962,on_(_l0_)
24963,on_(isk1812)
24964,on_(onon2659)
24965,onabe_no_shime
24966,onaho_(otayoku)
24967,onaji_(sokudo_seigen)
24968,onaka_sukisuki
24969,onamuzi_illust
24970,onao
24971,onasu_(sawagani)
24972,onasuba
24973,onaya_masakazu
24974,onbin_ha
24975,once_11h
24976,onceskylark
24977,onda_naoyuki
24978,onda_takeshi
24979,onecata11
24980,onecolo133
24981,onedoo
24982,onegingek
24983,oneirio
24984,onene
24985,oneroom-disco
24986,onguuchi
24987,oni-_-on
24988,oni-noboru
24989,oni0417
24990,oni_gini
24991,oni_kanzei
24992,oni_tama
24993,onibi_(foxhound4185)
24994,onibi_(will_o_wisp24)
24995,onigensou
24996,onigiri-kun_(demmy)
24997,onigiri_(ginseitou)
24998,onigiri_(ocelot)
24999,onigiri_noe
25000,onigiri_noka
25001,onigiri_yumi09
25002,onigunsou
25003,oniheya_53
25004,oniilus
25005,onija_tarou
25006,oniken
25007,onikobe_rin
25008,onikokko
25009,onikoroshi
25010,oniku_(o29sukizero)
25011,oniku_(oishii_oniku)
25012,oniku_(oniku029029mm)
25013,oniku_(shimofuri-ke)
25014,onimaru_(onimal7802)
25015,onimaru_gonpei
25016,onimiere
25017,onimoti
25018,onimushi_hyogo
25019,oninaart
25020,oninamako
25021,onineko
25022,onineko-chan
25023,oninuer
25024,onio
25025,onion_(lemlaml)
25026,onion_(onion_and_pi-natto)
25027,onion_holic
25028,onion_maru
25029,onionmay
25030,onionsketch
25031,onionworkshop
25032,onitobico
25033,oniyama831
25034,oniyanna
25035,oniyuru
25036,onizuka_takuto
25037,onkn_sxkn
25038,onko
25039,online_neet
25040,onmoynn
25041,onnaski
25042,onnomono
25043,ono_(0_no)
25044,ono_(ohno_ha)
25045,ono_itaru
25046,ono_misao
25047,ono_mochiko
25048,ono_tako
25049,ono_tomohiro
25050,ono_toshihiro
25051,onoconokoko0625
25052,onodera_(einsatz)
25053,onodera_nire
25054,onoe
25055,onomekaman
25056,onomeshin
25057,onomiya
25058,ononaka_akihiro
25059,onono_imoko
25060,ononotsu
25061,onotsuki_w2
25062,onsen_mikan
25063,onsen_nakaya
25064,onsen_tamago_(hs_egg)
25065,onsen_tamago_(nurumayu_onsen)
25066,onshigou
25067,onsoku_inu
25068,ontama
25069,ontaros
25070,onuma_kuma
25071,onyang
25072,onyhakase
25073,onyuuuu
25074,oo_gata_ken
25075,ooba
25076,ooba_jun
25077,ooba_kagerou
25078,ooba_wakako
25079,oobako
25080,oobari_masami
25081,oobashin
25082,oobayashi_mori
25083,ooeyama
25084,ooeyama_ken
25085,oofuji_wataru
25086,oofushi_ao
25087,oofxyphxia
25088,oogami_yuuki
25089,oogure_ito
25090,oohara_kyuutarou
25091,oohara_tetsuya
25092,oohhya
25093,oohira_sunset
25094,ooho0216
25095,ooide_chousuke
25096,ooike_teru
25097,ooishi_oil
25098,ooiwa_(irc14786149)
25099,ooji
25100,ooji_cha
25101,ooka_(rkyu)
25102,ookami_ciro
25103,ookami_maito
25104,ookami_ryousuke
25105,ookamisama
25106,ookamiuo
25107,ookashippo
25108,ookawa_wataru
25109,ookawara_kunio
25110,ooki1089
25111,ookii_yama
25112,ookiiayu
25113,ookuma_nekosuke
25114,oollnoxlloo
25115,oomabiblogo2
25116,oomasa_teikoku
25117,oomisou
25118,oomiya_io
25119,oomori_(kswmr)
25120,oomori_harusame
25121,oomsz
25122,oomura_karasu
25123,oomura_yuusuke
25124,oonaka_ito
25125,oonamazu
25126,oone0206
25127,oonishi_shunsuke
25128,oono_eiko
25129,oono_imo
25130,oono_tetsuya
25131,oono_tsutomu
25132,oonohara_kenya
25133,oooise
25134,oooomiga
25135,oooqqq
25136,oopartz_yang
25137,ooranokohaku
25138,oosaka_kanagawa
25139,oosaki_shin'ya
25140,oosaki_takahito
25141,oosawa_yayoi
25142,oosawara_sadao
25143,ooshima_aki
25144,ooshima_miwa
25145,ooshima_ryou
25146,ooshima_tomo
25147,ooshima_towa
25148,ooshio7734
25149,ooshiro_youkou
25150,oota_minoru
25151,oota_takeshi
25152,oota_youjo
25153,ootani_mikoto
25154,ootani_nonno
25155,ootato
25156,ootomo_takuji
25157,ootori_(kyoya-ohtori)
25158,ootori_mahiro
25159,ootori_subaru
25160,ootsuka_kotora
25161,ootsuka_mahiro
25162,ootsuka_shin'ichirou
25163,ootsuka_you
25164,ootsuki_momiji
25165,ootsuki_wataru
25166,oouso
25167,ooy33151086
25168,ooyama_bokuchi
25169,ooyama_imo
25170,ooyama_kina
25171,ooyun
25172,oozon_(ozon)
25173,oozora_itsuki
25174,oozumi_03
25175,op_na_yarou
25176,opagi
25177,opalis
25178,opanchu_(hakusen)
25179,openvl
25180,opi
25181,opiu
25182,opm7760
25183,opood
25184,opossumachine
25185,oppaihobby
25186,oppaiserothicc
25187,oppi_(ksop28)
25188,oprince
25189,optionaltypo
25190,oqwda
25191,ora_(oraora_oekaki)
25192,orange-bird
25193,orange-pengin
25194,orange541
25195,orange_(bibiko)
25196,orange_(meitoku)
25197,orange_(orangelv20)
25198,orange_brand
25199,orange_bullet
25200,orange_mikan
25201,orange_sekaii
25202,orcbarbies
25203,orchid_(orukido)
25204,orchid_(pixiv3730518)
25205,ore_no_kome
25206,oreazu
25207,orebalgum
25208,oregano_(olgn_eao)
25209,orein
25210,oreki_genya
25211,oren_(770len)
25212,orenji_(orenjipiiru)
25213,oreomanko
25214,oreshika
25215,oreshki
25216,oretsuu
25217,orga
25218,organ3432
25219,organ_derwald
25220,organ_rn
25221,orgoglioso_banane
25222,ori_(0rizuru)
25223,ori_(momonimo)
25224,ori_(yellow_duckling)
25225,ori_dal
25226,oridays
25227,orie_h
25228,origami_aya
25229,origami_gyokuo
25230,origami_yakko
25231,original-orange-610917
25232,origumi
25233,orihalchon
25234,orihara_(ewkkyorhr)
25235,oriharaizaya819
25236,orihi_chihiro
25237,orihira
25238,orikoshi_shino
25239,orikuchi_hirata
25240,orimiya_mai
25241,orimoto_mimana
25242,orinasu
25243,orinpachu
25244,orinte
25245,orion-m
25246,orion_(orionproject)
25247,oriori_0201
25248,orita_enpitsu
25249,oritako
25250,oriti4
25251,oritonagi
25252,oriue_wato
25253,oriuo_q
25254,orizen
25255,orlek
25256,ormille
25257,orn
25258,orniflop
25259,oro9
25260,oro_(lsg0624)
25261,oro_(sumakaita)
25262,oro_(zetsubou_girl)
25263,oroborus
25264,orobou
25265,orochi_itto
25266,orokanahime
25267,orokudesu
25268,oropi
25269,ororooops
25270,oroshipon_zu
25271,orouu
25272,orphen_(pink_seito)
25273,orqz
25274,orrdriver
25275,orry
25276,ors_anime_renders
25277,oru_2ji
25278,oruka_(kamituki0827)
25279,oruru63100814
25280,orushibu
25281,orusun
25282,oruta_(owata_saber)
25283,oruto_(ort+)
25284,orval
25285,orya_422
25286,oryo_(oryo04)
25287,oryou_gunsou
25288,oryunbunkosu
25289,orz_(kagewaka)
25290,orz_(orz57)
25291,os_(os_fresa)
25292,osa_(osaosa)
25293,osafune_kairi
25294,osage_gankyou
25295,osakana_(denpa_yun'yun)
25296,osakana_(rrg0123)
25297,osakanadream
25298,osamada_meika
25299,osame
25300,osamu18568716
25301,osamu_(jagabata)
25302,osanai
25303,osanai_shiina
25304,osaname_riku
25305,osananajimi_neko
25306,osanpo02
25307,osanpogakari
25308,osaragi_mitama
25309,osaru_(yuuen-dou)
25310,osashin_(osada)
25311,osatou_(soul_of_sugar)
25312,osen_kuiki
25313,oseto_(oxxsexxto)
25314,osg_pk
25315,oshage_(osyage921)
25316,oshake
25317,oshare_kyoushitsu
25318,oshiaki
25319,oshiba_ken
25320,oshibainoticket
25321,oshiki_hitoshi
25322,oshimaru026
25323,oshin0_(zheng)
25324,oshino_hazure
25325,oshinomiya
25326,oshioshio
25327,oshiri_(o4ritarou)
25328,oshiri_no1
25329,oshiri_seijin
25330,oshiruko_(oshiruco_212048)
25331,oshiruko_(tsume)
25332,oshiruko_(uminekotei)
25333,oshiruko_kizoku
25334,oshishan
25335,oshizu
25336,oshou_(o_shou)
25337,oshouyu_tabetai
25338,osigatoutoi_tou
25339,osiimi
25340,osisio
25341,oskar_vega
25342,oslight
25343,osmium-76
25344,osnmykk
25345,oso_(toolate)
25346,osoba_susurukun
25347,osobachan
25348,osomatsu_(nanameno)
25349,osora_(judithandlilith)
25350,osora_dao
25351,osouzai-kun
25352,ossan_zabi_190
25353,osshouri55
25354,osterei
25355,ostwindprojekt
25356,osu_(osumankokuou)
25357,osuk2
25358,osulan
25359,osuman_toruko
25360,osumi_izumi
25361,osumoto1
25362,osuzu_akiomi
25363,ota_(ota-0000)
25364,otabaaa
25365,otabe_sakura
25366,otaeriaaoba
25367,otakeyan
25368,otaku5252
25369,otakummm
25370,otakunocamp
25371,otama_(atama_ohanabatake)
25372,otamashimai
25373,otani_(gloria)
25374,otani_(kota12ro08)
25375,otemoto_(baaaaloooo)
25376,otenki93
25377,oteruko_(wanabeee)
25378,oteyawara-kani
25379,othel_(hatimorris)
25380,other5555
25381,others_(gogo-o)
25382,otimusyairoha
25383,otintin
25384,oto
25385,oto1_030
25386,oto_nagi
25387,otoboke-san
25388,otochichi
25389,otogi_kyouka
25390,otogi_tetsurou
25391,otohime_(kk23maa)
25392,otohime_(youngest_princess)
25393,otoi_rekomaru
25394,otokajife
25395,otokamu
25396,otoki_raku
25397,otokobara
25398,otokoe
25399,otokucha
25400,otokuyou
25401,otomeza_ryuseigun
25402,otomo-san
25403,otone
25404,otono_(bkt4b)
25405,otono_fei
25406,otonoha_aika
25407,otoo_(izanagi)
25408,otorigg
25409,otosama
25410,otoshiro_kosame
25411,otosume_ruiko
25412,ototobe
25413,ototoi_(eevees813)
25414,otototo
25415,ototsu_kei
25416,otou_(otou_san)
25417,otou_mamayo
25418,otoufu_(gotouhu)
25419,otoufu_(wddkq314band)
25420,otoutogimi
25421,otowa_(otoha4634)
25422,otsu_hai18
25423,otsu_natsu
25424,otsudou
25425,otsukare
25426,otsukemono
25427,otsuki38
25428,otsukimi
25429,otsumami_(02mami)
25430,otsumami_(bu-bu-heaven)
25431,otsumami_(otsu-mugi)
25432,otsunabe_(naabe_delta)
25433,otter_kawauso
25434,otton
25435,ottottouta
25436,otxoa60
25437,otyumamii
25438,ou331
25439,ou_negi
25440,oubachiago
25441,oucha_(aupt31)
25442,ouchi_kaeru
25443,oueo
25444,ouer_moyu
25445,ouga_(user_ctzw2237)
25446,ouge_dz
25447,ougi_(ihayasaka)
25448,ougi_(u_to4410)
25449,ougi_hina
25450,ougi_masahiro
25451,ougiikun
25452,ouhara_lolong
25453,ouhashi
25454,oui_zen
25455,oujima_tamaki
25456,ouka_(ra-raradan)
25457,ouka_(stan)
25458,ouka_mai
25459,oukafafafa
25460,oukama
25461,oukawa_yuu
25462,ouma_bunshichirou
25463,ouma_tokiichi
25464,oumi_(rsag)
25465,oumi_mizu
25466,oumi_neneha
25467,oumi_sanaka
25468,ouno_(nounai_disintegration)
25469,ouoxz0t881876
25470,ouran
25471,ouri_(aya_pine)
25472,ourobot
25473,oursong_(kiam_pis)
25474,ousaka_nozomi
25475,ouse_(otussger)
25476,ouse_kohime
25477,out_type_(outtypeex)
25478,outsuki
25479,ouu_min
25480,ouya_(maboroshimori)
25481,ouzisamafe
25482,ovasayuri
25483,overine19
25484,overlord_(overlord80000)
25485,overlord_jc
25486,ovoip
25487,ow12714
25488,owa_(ishtail)
25489,owada_(kousonhuchi)
25490,owafu
25491,owarine_miku
25492,owasaki
25493,oweee
25494,owler
25495,owner1657
25496,owner_bird
25497,owusyr
25498,ox_(baallore)
25499,oxcoxa
25500,oxi206
25501,oxooxo666
25502,oxxo_(dlengur)
25503,oxy_(ho2)
25504,oxygen_mask_(oxygenmask233)
25505,oyabuli
25506,oyabun_(higashi)
25507,oyadi
25508,oyaji-sou
25509,oyakorodesu
25510,oyama_yoihaya
25511,oyamada_gamata
25512,oyaman
25513,oyanaku
25514,oyari_ashito
25515,oyasumi_makura
25516,oyasuminjyutsu
25517,oyasumisuya
25518,oyatsu_(mk2)
25519,oyatsu_0
25520,oyatu55k
25521,oyatu_potage
25522,oyatu_yatu
25523,oyoneko
25524,oysi_mysi
25525,oyster_(artist)
25526,oysterfried
25527,oyu_no_kaori
25528,oyu_udon
25529,oyuki_(otozuki_mozuku)
25530,oyuwari
25531,oyuyu
25532,oyuzaki_(ayuzaki)
25533,oywj
25534,oz_sumire
25535,oza_osuwari
25536,oza_watto
25537,ozaki_(tsukiko3)
25538,ozaki_mirai
25539,ozaneko
25540,ozawa_akifumi
25541,ozawa_reido
25542,oze_(xyz_go_go11)
25543,ozeki_miyabi
25544,ozeu0916
25545,ozkh
25546,ozma_(yozakura)
25547,ozu_(agito100001)
25548,ozu_(oz_yarimasu)
25549,ozureiji
25550,ozyako
25551,ozyasadayo
25552,ozzingo
25553,ozzyart_0221
25554,p!k@ru
25555,p-40_(tukinosita-de)
25556,p-chan_(mitsuta52)
25557,p-gnesium
25558,p-nekoe
25559,p-nekor
25560,p-pepper
25561,p-tomi
25562,p.art
25563,p.i.l.
25564,p.i.t.d
25565,p.kibi
25566,p00nipooni
25567,p0ckylo
25568,p0ke_a0210
25569,p0m4_p0m4
25570,p19
25571,p2_(uxjzz)
25572,p3ta_(yio)
25573,p7ywirzyw8lesuc
25574,p9_(susisasimi)
25575,p_(flavorppp)
25576,p_(p25234112)
25577,p_(pm_611a)
25578,p_(pppppppppq)
25579,p_(tidoriashi)
25580,p_0_a
25581,p_answer
25582,p_protocoll
25583,pa_panahana
25584,pa_zi_dinglu
25585,paaru
25586,paayan_(hagakinorock54)
25587,pablo_uchida
25588,pabsmikan
25589,pachi_(sugiyama0306)
25590,pachio_(patioglass)
25591,pachix2_corgi
25592,pachpachpach
25593,packge
25594,paco
25595,paco_(eien_mikan)
25596,paddy_field
25597,padoruu
25598,pafe_yuzuran
25599,pafekui
25600,page_(page1555)
25601,pageratta
25602,pagong
25603,paguraisu
25604,pagye
25605,pai_kebon_baa
25606,paindude
25607,paingumi
25608,painnico
25609,painpa
25610,paint_musume
25611,paintale
25612,paintedmike
25613,painter-lhb
25614,painterliuhao
25615,paintrfiend
25616,pairan
25617,pajaman
25618,paji
25619,pak_ce
25620,pakapom
25621,paki2000
25622,pako_(moto_paco)
25623,pako_(pakosun)
25624,pako_(pousse-cafe)
25625,pakotaroh
25626,pakuchii
25627,palcomix
25628,paldu
25629,paleatus
25630,pallad
25631,palmeros
25632,paloma_piquet
25633,palow
25634,palulap
25635,pan-ooh
25636,pan_(mimi)
25637,pan_ff6
25638,pan_korokorosuke
25639,pan_koujou
25640,panaham
25641,panamaman
25642,panamuru
25643,panapana
25644,panasonynet
25645,panatisia
25646,panbai
25647,panco
25648,panda_(heart_sink)
25649,panda_(pandadesu)
25650,panda_0035
25651,panda_copt
25652,panda_inu
25653,pandain
25654,pandaki_(aki)
25655,pandako
25656,pandakorya
25657,pandamonium
25658,pandar_op
25659,pandarou
25660,pandinus
25661,pandoa_(mikage0495)
25662,pandora's_box
25663,pandora-ex
25664,pandramodo
25665,pang-yo
25666,pangtanto
25667,panikuru_yuuto
25668,panimiiru
25669,panipo
25670,panipuri
25671,pankichi_anko
25672,panko_(drive_co)
25673,pankona_(ubsssss)
25674,pann_(1202zzzx00)
25675,panna444
25676,panni_xing
25677,pannko6216
25678,pano_(mohayayamai)
25679,panoramango
25680,panpa
25681,panpanmc4
25682,panprika
25683,panprika11
25684,panqlao
25685,panri
25686,pantheon_eve
25687,pantie_painting
25688,panties_(pantsu-pirate)
25689,pantsu-ripper
25690,pantsu_majirou
25691,pantsu_shot
25692,panvyru
25693,panyatteria
25694,panza
25695,panzer_(p.z)
25696,panzuban
25697,paopa_ship
25698,paopao
25699,papa-kun_(destiny549-2)
25700,papa_(shimeguru)
25701,papaia_(quentingqoo)
25702,papajay_(jennygin2)
25703,papercider
25704,paperfinger
25705,paperpillar
25706,papi_(papiron100)
25707,papiko_(papiko8901)
25708,papino
25709,papiyon1297
25710,papo
25711,paprika_shikiso
25712,par0llel
25713,parabellum
25714,parabora_(nipplemokuba)
25715,paradox_(parapa)
25716,paraffin
25717,paragasu_(parags112)
25718,parai0
25719,paralier
25720,parallela66
25721,parallelrey
25722,parang_99
25723,paranoid.droid
25724,parapetto
25725,parari_(parari000)
25726,pararilla
25727,parasite_oyatsu
25728,parayang
25729,parazan_d
25730,parda_siko
25731,parfait_desu
25732,parfaitlate
25733,parijennu222
25734,parisa_reaz
25735,parisnoko
25736,park_junkyu
25737,park_ongjol
25738,parka_(summersketch)
25739,parkgee
25740,parkiranhonda
25741,parmiria
25742,parororo
25743,particle_sfs
25744,partner_(kprtnr)
25745,paru_rari
25746,parubinko
25747,parufeito
25748,parum39
25749,paruma_umu
25750,paruno
25751,parupin
25752,parusu_(ehyfhugj)
25753,paryi
25754,pas_(paxiti)
25755,pasdar
25756,pashapencil
25757,pasharuu
25758,pasikon
25759,paskmel
25760,pasoputi
25761,past_desiderium
25762,pastahands
25763,pastepiphany
25764,pastime774
25765,pasutel
25766,pat_attackerman
25767,patanda
25768,pataneet
25769,patatata
25770,patatatan
25771,patch_oxxo
25772,patchfire
25773,patdarux
25774,patipat_asavasena
25775,pato_(ptro)
25776,patori
25777,patoto
25778,patpang
25779,patricia_(stylish_marunage)
25780,pattikou
25781,patyu3
25782,patzzi
25783,paul_robertson
25784,paundo2
25785,pavapo
25786,paya_(alunair)
25787,payama
25788,payayo884
25789,payu_(pyms11)
25790,pazma
25791,pazuu
25792,pc_(z_yu)
25793,pc_fworks
25794,pcaccount13
25795,pclbang
25796,pcs_shousa
25797,pd_(pdpdlv1)
25798,pdal_(pdalhhh)
25799,pdxen
25800,pe51illust
25801,pe88y_(yu_tsugirls)
25802,pe902
25803,pe_eee00
25804,pea-bean
25805,pea_(vaultboy503)
25806,peaceablecolt
25807,peaceyj
25808,peach-cup
25809,peach-pit
25810,peach88
25811,peach_luo
25812,peach_momoko
25813,peachems_(gemu)
25814,peachpulsar
25815,peagunz
25816,peanut_(shokan)
25817,peanut_huasheng
25818,peanutc
25819,pear_sauce
25820,peargor
25821,pearjarrr
25822,pearl7
25823,pearl_seemann
25824,pearlbbbb
25825,pearlgang_e
25826,peas_(peas0125)
25827,pecchii
25828,pechi_(peeechika)
25829,pechika
25830,pechimaru
25831,peco_(pockleberry)
25832,pecohophop
25833,peconica
25834,pecopecosupipi
25835,pedocchi
25836,pee-kay
25837,pegashi
25838,pei_(sumurai)
25839,pei_iriya
25840,pekanpeka
25841,peke_(xoxo_melon)
25842,pekeheihou
25843,pekeko_(pepekekeko)
25844,pekikokko
25845,pekokota
25846,pekoneko
25847,pekoni_(peconi)
25848,pekoo_(pekota)
25849,pekopokox
25850,peku_(science_santa-san)
25851,pekuchin_(pekuchin_3)
25852,peli_cantaro
25853,pelican_(s030)
25854,pellas_(panix2383)
25855,pemojoke
25856,pemoko
25857,pemoyashi_(tianoblue)
25858,pemu
25859,pen_(pen3)
25860,pen_(steelleets)
25861,pen_guin15
25862,pencilman_draws
25863,pendora1022
25864,peneko
25865,pengin_guriko
25866,penglai_tea
25867,pengrani
25868,penguin4
25869,penguin_frontier
25870,penguin_maru_(penginmaru)
25871,penguin_uwu
25872,penguinbox
25873,penguintake
25874,penguru_086
25875,penguu_(green528)
25876,peninsula_(disappearedstump)
25877,penki
25878,pension_z
25879,pensuke
25880,penta_oekaki
25881,pentagon_(railgun_ky1206)
25882,pentagon_(uzus)
25883,penti
25884,penya
25885,penyo1989
25886,penzai_fengli
25887,peonrin
25888,pepatiku
25889,pepe_(jonasan)
25890,pepeo
25891,pepeppepe101
25892,pepero_(prprlo)
25893,peperon_(peperou)
25894,pepipopo
25895,pepoyo
25896,peppe
25897,peppedayo_ne
25898,pepper0
25899,pepper_fever
25900,pepperdevil
25901,peppermint_jet
25902,peppr_n'_salt
25903,peppsi_(saba_sabasuk0)
25904,pepq
25905,peps_art
25906,pepsi2330
25907,peptide
25908,pepushi_drow
25909,pera
25910,peragura
25911,perapera
25912,percodine
25913,perepere-kun
25914,perfellcsaiko
25915,perio_67
25916,period_(anony_83)
25917,perle_arte
25918,pero_(pero7762)
25919,pero_(peroneko0510)
25920,pero_(sabuaka_bacon)
25921,peron_(niki2ki884)
25922,peroncho
25923,peroponesosu.
25924,peroronti
25925,persimmon_(lsxh3)
25926,persocon93
25927,personal_ami
25928,pertex_777
25929,perutore
25930,peshita
25931,peso_(cheese_company)
25932,pesogin
25933,petag2
25934,petagon
25935,petako_(ptpt_k)
25936,petenshi_(dr._vermilion)
25937,peter_(gvb)
25938,peter_(peter6409)
25939,peter_chai
25940,peter_pan_(adtc7243)
25941,peter_xiao
25942,peterhl
25943,peteron
25944,petit_ramune
25945,petoka
25946,petosu_(sunoco)
25947,petra_(jgc845601)
25948,pettan_(zeez4743)
25949,pettan_p
25950,pf
25951,pfalz
25952,pg_(pege544)
25953,pg_(pgouwoderen)
25954,pgm300
25955,ph.
25956,phaethonvt
25957,pham_thai_chau
25958,phamoz
25959,phantania
25960,phantasmaliagon
25961,phantom2071
25962,phantom_ix_row
25963,phara
25964,pharamacom
25965,pharmarr
25966,phat_smash
25967,phazer
25968,phdpigeon
25969,phenne
25970,phil_dragash
25971,philiera
25972,philipp_urlich
25973,philo_324
25974,philtomato
25975,phima
25976,phino
25977,phiphi-au-thon
25978,phloxberry
25979,phossscinnn
25980,phrecklesart
25981,physisyoon
25982,pi_(p77777778)
25983,pi_(zcvj3588)
25984,pi_tayuko
25985,pia_(botamochinjufu)
25986,piaisai
25987,piaki
25988,piancaesar
25989,piano-alice
25990,piano_(agneschen)
25991,pianta_celi
25992,piao_mao
25993,piaoliu_ping_ping_ping_pingzi
25994,piaoluo_de_ying_huaban
25995,piatin
25996,pic_koiwai
25997,pic_postcard
25998,piccione
25999,picco
26000,pick'k
26001,pickieeeee
26002,picnicic
26003,pico_(p_i_c_o)
26004,pico_(picollector79)
26005,picocopi
26006,picoli1313
26007,picpicgram
26008,picter
26009,picturd
26010,pienahenggou
26011,piennamekuzi
26012,pierorabu
26013,pierre_norano
26014,pietani397
26015,pig_ggul
26016,pige_pig
26017,pigeon666
26018,pigeon_(wejil)
26019,pigone
26020,piikeisandaa
26021,piiko_(aa_doushiyou)
26022,piisu
26023,pija_(pianiishimo)
26024,pika_(kai9464)
26025,pikacchi
26026,pikachi
26027,pikao
26028,pikaole
26029,pikapika_hoppe
26030,pikara
26031,pikaremon
26032,pikaro
26033,pikat
26034,pikazo
26035,piki_(itpiki)
26036,pikiru
26037,piko_han
26038,pikomarie
26039,piku
26040,piku184
26041,piku_(another_pikuru)
26042,pikumin
26043,pikurusu
26044,pikuson
26045,pila-pela
26046,pilky
26047,pillar_buster
26048,pillo
26049,pillosopi
26050,pillow_(nutsfool)
26051,pilokey
26052,pimmy
26053,pimopi
26054,pin.s
26055,pin.x
26056,pinakes
26057,pinattsu
26058,pinb
26059,pinch_(nesume)
26060,pinchi
26061,pine_(angel4195202)
26062,pine_(pine-box)
26063,pine_(yellowpine112)
26064,pineapple_(pine)
26065,pinepin
26066,pinesphere
26067,ping_zhong_yu
26068,pingdiguo
26069,pingke_box
26070,pingo
26071,pingpangpongpang
26072,pinguinkotak
26073,pinjirooo
26074,pink.s
26075,pink_ocean
26076,pinkboy
26077,pinkcap
26078,pinkdrawz
26079,pinkgermy
26080,pinki_(shounenkakuseiya)
26081,pinki_o64
26082,pinkiepies2
26083,pinkkoffin
26084,pinkmarine
26085,pinkmill
26086,pinkmm
26087,pinktaco
26088,pinkuma
26089,pinkusan
26090,pinkwaters
26091,pinkxxxna
26092,pinky_iwata
26093,pinlin
26094,pino_(birthdayparty)
26095,pinoaisu
26096,pinocchio-p
26097,pinoko_(pnk623)
26098,pinoli_(pinoli66)
26099,pinponpaaru
26100,pinta_(ayashii_bochi)
26101,pinyata_(pinyaland)
26102,pinzu
26103,piper_thibodeau
26104,pipette1223
26105,pipi
26106,pipi20211026
26107,pipi_o_(pipioo08)
26108,pipipipyu
26109,pipita
26110,pippi_(pixiv_1922055)
26111,pippilipi
26112,pippin_(pippin_sol)
26113,pira_811
26114,pirano
26115,pirason
26116,pirata_(gailtonatiu)
26117,piratescat01
26118,piratesebine
26119,pirikara_spicy_tapioca
26120,piripun
26121,piro_(orip)
26122,piro_(piropoi)
26123,piroaki
26124,pirochi
26125,pirohi_(pirohi214)
26126,piromizu
26127,piroshiky
26128,piroya_(shabushabu)
26129,pirukusu
26130,pisagi
26131,pisapipi
26132,piscina
26133,pisoshi
26134,piston_ring
26135,pisu
26136,pisu_1107
26137,pisuke
26138,pisuke_(user_kcmh2774)
26139,pisuta_(yamashiro)
26140,pitespear
26141,pito_(sh02327)
26142,piukute062
26143,piuta
26144,pixel_(yuxian)
26145,pixelflag
26146,pixiescout
26147,piyo
26148,piyo_(kinkooo333)
26149,piyo_(ppotatto)
26150,piyo_to_game
26151,piyobomu
26152,piyoco
26153,piyodera_mucha
26154,piyodesu
26155,piyokichi
26156,piyoko9494
26157,piyokuma
26158,piyomotsu
26159,piyopiyomaru_(piyo8823)
26160,piyopoyo
26161,piyosuke_tmg
26162,piyoyanagi
26163,piza-chan
26164,piza_rokumai
26165,pizanuko
26166,pizarrokun
26167,pizza_(pizzania_company)
26168,pizza_man
26169,pizzasi
26170,pizzzica
26171,pjkka
26172,pjkuasu
26173,pjman
26174,pjmiyo
26175,pk_(mukasihasakana)
26176,pkokonatu
26177,pkpkpppk
26178,pkpokopoko3
26179,pla0658
26180,plague_of_gripes
26181,plan_(planhaplalan)
26182,planeptune
26183,plasbott
26184,plaster_(2501)
26185,plastic_moon
26186,plastick
26187,platin_(alios)
26188,platinum_(o0baijin0o)
26189,platinumcorundum
26190,playback
26191,player193
26192,playerz
26193,playzholder
26194,pldf
26195,pleasure-treasure
26196,plentyofempty
26197,pleo
26198,plico_(nicoma)
26199,plm233
26200,ploki
26201,plover
26202,plow_(witch_parfait)
26203,pltnm_ghost
26204,pltrgst
26205,plum0o0
26206,plum_(arch)
26207,plumapple3
26208,plums43
26209,plumw
26210,plus1024
26211,plus2sf
26212,plus9
26213,plus_q
26214,plus_step
26215,plushcharm
26216,plusout
26217,pluvium_grandis
26218,pmchell_04
26219,pmg
26220,pmlial
26221,pmx
26222,pn_(wnsl216)
26223,pnatsu
26224,png_pant_(bus)
26225,pnk_crow
26226,pnoji
26227,pnpk_1013
26228,pnyo_emc
26229,po-i-mu
26230,po-ju
26231,po0000000000
26232,po_(anhk5528)
26233,po_(moudameda17)
26234,po_fu
26235,po_musubi
26236,po_pooch
26237,po_ppe
26238,poa_mellhen
26239,poaro
26240,pocari66
26241,pocari_(sq551)
26242,pocari_sweat_(artist)
26243,pocchari
26244,pocche-ex
26245,poch4n
26246,pochadon
26247,pochaimo
26248,pochi-a
26249,pochi-t
26250,pochi_(askas_is_god)
26251,pochi_(pochi-goya)
26252,pochi_(poti1990)
26253,pochimaru_(marumaru_wanwan)
26254,pochincoff
26255,poco.
26256,poco24
26257,poco_(asahi_age)
26258,poco_(backboa)
26259,poco_(zdrq3)
26260,pocopoco
26261,poe_(528yuzunon)
26262,poechan_chan
26263,pof_(peuplierpof)
26264,pofu31
26265,pogeepoge
26266,poharo
26267,poho
26268,poi_poifu
26269,poin_(goruchopame)
26270,poin_(hidsuki)
26271,poinia
26272,poinikusu
26273,poipoi_purin
26274,poise
26275,poison916
26276,pokachu
26277,pokan_(xz1128)
26278,pokarii_zuu
26279,pokashi
26280,pokeeti
26281,pokemoa
26282,pokesumomo
26283,pokey
26284,poki_(j0ch3fvj6nd)
26285,pokimari
26286,pokio
26287,pokira
26288,pokiyu
26289,pokka
26290,pokki_(sue_eus)
26291,pokkora
26292,pokkuti
26293,poko050498
26294,poko_chin
26295,pokokaki
26296,pokomi
26297,pokopi
26298,pokopoko_ponzu
26299,pokoten_(pokoten718)
26300,pol_winner
26301,pola_(1021)
26302,polarityplus
26303,pole_(ppp1409)
26304,poligon_(046)
26305,polilla
26306,polina29297783
26307,polki
26308,pollity
26309,polorinken
26310,polpol
26311,polyhedron2
26312,polyle
26313,polyvora
26314,pom77
26315,pome_charo
26316,pomegranate_nana
26317,pomeko
26318,pomelomelon
26319,pomepome1207
26320,pomesaurus
26321,pomita
26322,pomki
26323,pomodorosa
26324,pomopomoinu
26325,pomp_(qhtjd0120)
26326,pomu_(joynet)
26327,pon2oo
26328,pon52io
26329,pon_(cielo)
26330,pon_(ponidrop)
26331,pon_(ponymmtknsk)
26332,pon_(shind_997)
26333,pon_sugar
26334,pon_takahanada
26335,pon_tanuki_(ga7fsrge9jxblaw)
26336,pon_yui
26337,poncho_s
26338,poncocchan
26339,pondel
26340,pondo_(peng-model)
26341,ponekusan
26342,pong2
26343,pong_(pong_o0)
26344,pong_(vndn124)
26345,pongldr
26346,poni_(poni_arknights)
26347,poni_(rito)
26348,ponimu
26349,ponita
26350,ponita-poniponi
26351,ponkan_8
26352,ponke
26353,ponkotsu_(ayarosu)
26354,ponnetsu
26355,ponnu_(nikeytina)
26356,ponnyu12
26357,pononozo
26358,ponpochi
26359,ponpoko
26360,ponpon
26361,ponpon_(ponpon62126)
26362,ponpon_(tosico)
26363,ponpon_nun
26364,ponponmaru
26365,ponpu_(pumpkinsinclair)
26366,ponsu_(ponzuxponzu)
26367,ponsuke2700
26368,ponsuke_(pon00000)
26369,ponta_(1859ysmssstsp)
26370,ponta_(matsuokazieg)
26371,ponta_(velmar)
26372,pontaro18
26373,pontasu
26374,pony_r
26375,ponyaru
26376,ponyou1030
26377,ponytail_korosuke
26378,ponzu_(catponz)
26379,ponzu_(udon)
26380,ponzu_pon9
26381,ponzu_rui
26382,ponzu_tas
26383,poo_(saku)
26384,poolpool
26385,poono
26386,poonwip
26387,pooor
26388,poopy
26389,poorgom
26390,pop_(electromagneticwave)
26391,popcorn_91
26392,popcornflakes
26393,poper_(arin_sel)
26394,popgun_(22882502)
26395,popii_(yuuta679)
26396,popman3580
26397,popo_(popopuri)
26398,popo_take
26399,popochan-f
26400,popogori
26401,popoin
26402,popoman
26403,popompon
26404,popon_ta
26405,poponpin
26406,popopoka
26407,popopon
26408,popopon26494249
26409,poporon
26410,poppoman
26411,popporunga
26412,poppu
26413,poppu_usagi
26414,poppy_(poppykakaka)
26415,poppypilf
26416,popqn
26417,poprication
26418,populamalus
26419,popupi_12
26420,popuru
26421,por_(_por_tt)
26422,pora_0918
26423,poranka_(porankaran)
26424,porary
26425,porforever
26426,pori_(kmt_pori)
26427,porikeracchou
26428,porinki
26429,poriuretan
26430,porkjinta
26431,poroi_(poro586)
26432,poronegi
26433,pororokka_(macareo)
26434,porougon
26435,poroze
26436,porqueloin
26437,poru_(tohopunk)
26438,poruhi
26439,porukima
26440,porupurucha
26441,porurin
26442,porusasu
26443,pos_(shiratama-ya)
26444,poscorn617
26445,poseich
26446,poshi_(ginmokusei)
26447,posom
26448,postalworks
26449,postblue98
26450,pot-de
26451,pot-palm
26452,pota_(bluegutty)
26453,pota_(nabrinko)
26454,potaaju
26455,potato7192
26456,potato_(oriha94)
26457,potato_house
26458,potato_pot
26459,potatomochii
26460,potatopanicking
26461,pote-mm
26462,pote0508
26463,pote_(pote_39)
26464,pote_(ptkan)
26465,potechi_norisio
26466,poteimo_(poteimo622)
26467,potekite
26468,potemki11
26469,poteo
26470,poteo_(poteo_mot)
26471,poteto_(potetosarada123)
26472,potetos7
26473,potg_(piotegu)
26474,potgit
26475,potion_(moudamepo)
26476,potion_lilac
26477,potiri02
26478,potomithu
26479,potsupo
26480,potti-p
26481,potto
26482,pottsness
26483,powder_is_kona
26484,powerlesssong
26485,powzin76
26486,poyadevil
26487,poyason
26488,poyo_(hellmayuge)
26489,poyo_(shwjdddms249)
26490,poyo_party
26491,pozesuke
26492,ppap_(11zhakdpek19)
26493,pparus
26494,pponnya
26495,ppower_(lu_power)
26496,pppppknw
26497,ppshex
26498,ppyobong11
26499,ppyong
26500,pr_(puru)
26501,pra_11
26502,prab
26503,praeto
26504,prat_rat
26505,pray_(furei)
26506,prbili
26507,pre_sktch
26508,prema-ja
26509,preste
26510,pretty-purin720
26511,pretty_mundane
26512,preview_(preview0)
26513,prickly-chan_(ycactussprout)
26514,pride_chicken
26515,priest77
26516,primamiya
26517,primary_stage
26518,prime_(prime_tw)
26519,primsla
26520,prin_dog
26521,princess_ailish
26522,princess_spirit
26523,prino_hawell
26524,printemps
26525,prixmal
26526,pro-p
26527,prock
26528,profitshame
26529,profnote
26530,prog_ares
26531,project.c.k.
26532,project_pochama
26533,projectorzero
26534,projecttiger
26535,propellercube
26536,prophecy_(rakuichimonji)
26537,prophet_chu
26538,prophosphere
26539,prossss
26540,proton
26541,proverbs_zhenyan
26542,prtn_(ttnx)
26543,prywinko
26544,psd_(psdgai)
26545,psicochurroz
26546,psidubs
26547,pspmaru
26548,psuede
26549,psyche_oreca
26550,psychic_parrot
26551,psychopath_idiot
26552,psylduck
26553,psypolo_d
26554,pt@i
26555,ptal
26556,ptrt
26557,pu-chin
26558,pu-en
26559,pu_ht
26560,pu_uq
26561,pucci-la-pucci
26562,puchidori
26563,puchiman
26564,puchimirin
26565,puchimosu_(mosu1427)
26566,puchirisu
26567,pucho
26568,puck100ml
26569,pudding_(skymint_028)
26570,pudding_cream
26571,puddinghomhom
26572,puddingx2
26573,pudelmudel
26574,pudgeruffian
26575,puffphox
26576,puffywaffles
26577,puge
26578,puk_(higanbana_doujin)
26579,pukao
26580,pukara
26581,pukonuu
26582,pulmo_(artist)
26583,pulp_piroshi
26584,pumi_puru
26585,pumiss
26586,pump_(pumpqmuq)
26587,pumpkinpaii
26588,pumpkinpan
26589,pumpkinspicelatte
26590,pumu_(pumu_co29)
26591,pun-rii
26592,pun2
26593,punbun_4fun
26594,punc_p
26595,pungson_mori
26596,pungter
26597,puni_(punycolors)
26598,punico_(punico_poke)
26599,punished_pigeon
26600,punpunn
26601,punto
26602,punyan
26603,pupa_jiang
26604,pupi_(rain_prophet)
26605,puppeteer7777
26606,puppetjackmj
26607,puppnet
26608,pupps
26609,puppypaww
26610,pura_(aiueo256375)
26611,puracotte
26612,puranetto_(vjun4748)
26613,purasu_(puni101010)
26614,purasu_no_konbu
26615,purdoy25
26616,purea
26617,pureji_oshou
26618,purelove_acc
26619,purerin
26620,puri_(wettypeach)
26621,puribate_(helgoland)
26622,puriketsu_corgy
26623,purin_(purin0)
26624,purin_234
26625,purin_a_la_mode_(popup)
26626,purin_jiisan
26627,purin_uni
26628,purinnssu
26629,purinpu
26630,purinpurin
26631,puripuri
26632,puripuri_hurai
26633,puripuri_jet
26634,puririn
26635,purobe
26636,puroteinaa
26637,purple_(jobseeking)
26638,purple_mii
26639,purple_z
26640,puru_(ex-150)
26641,purumetal
26642,purunyara
26643,pururu_ru6
26644,pururun_z
26645,purutoppu_(toranohige)
26646,pusen_(puuu_sen555)
26647,pushu
26648,putama
26649,putcher
26650,putcho
26651,puteru
26652,puti_devil
26653,putimaxi
26654,puto_trash
26655,puton
26656,putong_xiao_gou
26657,putto
26658,puu_(kari---ume)
26659,puuakachan
26660,puunyannyan
26661,puuzaki_puuna
26662,puyo_(puyotopia)
26663,puyocha
26664,puyopiku
26665,puyue
26666,puyuyan
26667,puzenketsu
26668,pvc_parfait
26669,px-tea
26670,pydiyudie
26671,pye_yyy
26672,pygrenix
26673,pyon-kichi
26674,pyongtaro
26675,pyonpyonmaru
26676,pyonsan
26677,pyonsuke_(pyon2_mfg)
26678,pyooon_pyooon
26679,pyosunyi
26680,python_octopus
26681,pyukasshori
26682,pyytato
26683,pyz_(cath_x_tech)
26684,pzgr.40
26685,pzkpfwi
26686,q-bee_(aaru)
26687,q-chan
26688,q-chiang
26689,q-gaku
26690,q-v_(levia)
26691,q18607
26692,q_(a72pgc)
26693,q_(ed69)
26694,q_(oshikuraq)
26695,q_azieru
26696,q_haoyu
26697,qaq_baiguang
26698,qb_516
26699,qblade
26700,qbspdl
26701,qc6
26702,qgkmn541
26703,qi'e_(penguin)
26704,qi2341
26705,qi7pi
26706,qi==qi
26707,qi_yuan_zhi_yu
26708,qian_hen
26709,qianben_shan
26710,qiandaiyiyu
26711,qiangzi
26712,qianlou_(qianlou12374)
26713,qianqian
26714,qianqianjie
26715,qianqiu_wanxia
26716,qianshui_baodan
26717,qianze_chia
26718,qianzhu
26719,qiao_xing
26720,qiaogun_damodao
26721,qie
26722,qihai_lunpo
26723,qin_(7833198)
26724,qing
26725,qing_(sankakuosushi)
26726,qing_wu
26727,qing_yan_xia
26728,qingchen_(694757286)
26729,qingci
26730,qingfeng_canying
26731,qingjiao_rou_si
26732,qinglai_haiji
26733,qingli_ye
26734,qingmingtongzi
26735,qingwa_chi_she
26736,qingxiao_kiyokiyo
26737,qingxin_gua_yu
26738,qingye_ling
26739,qinni
26740,qinnye
26741,qiongsheng
26742,qiqo
26743,qiqu
26744,qisu
26745,qitoli
26746,qiu_ju
26747,qiufengxiaose
26748,qiumoyixing
26749,qiuqiuku
26750,qiuzhi_huiyi
26751,qixi_cui_xing
26752,qixia
26753,qizhu
26754,qkracho_(thesdroz)
26755,qm
26756,qmiqun
26757,qmo_(chalsoma)
26758,qontamblue
26759,qoo1234
26760,qoom
26761,qoopie
26762,qoray7
26763,qosic
26764,qp_flapper
26765,qqqmei
26766,qqqne
26767,qqqrinkappp
26768,qqwan120
26769,qtarou
26770,qtian
26771,qtonagi
26772,qtori
26773,quadrastate
26774,quan_(kurisu_tina)
26775,quanero
26776,quanx70909457
26777,quarium
26778,quark196
26779,quarterlift
26780,quasarcake
26781,quasimodox
26782,quatraise
26783,quatthro
26784,queasy_s
26785,queen-chikkibug
26786,queen_complex
26787,queen_qko
26788,quezify
26789,quichi_91
26790,quick_waipa
26791,quilm
26792,quinny_il
26793,quirrel_(gharnedanshyo)
26794,qunqing
26795,qunqing123
26796,quo_(haizaraq)
26797,quraqura_nemii
26798,quro_(black_river)
26799,qusouzu_mogari
26800,qussie
26801,quuni
26802,quxiaochong
26803,qwas69
26804,qwq22565156
26805,qwq_oekaki
26806,qxq_illus
26807,qy73
26808,qys3
26809,r-binon
26810,r-e-l-o-a-d
26811,r-ex
26812,r-king
26813,r-man
26814,r-type_nirvana
26815,r-wade
26816,r.aka.
26817,r.l_(2089184064)
26818,r0g0b0
26819,r1
26820,r123
26821,r18ankou
26822,r1kuuw
26823,r1zen
26824,r2load
26825,r2sais
26826,r3dfive
26827,r_(corolla)
26828,r_(ryo)
26829,r_aeel
26830,r_bishh
26831,r_ego999
26832,r_oot
26833,r_pascal
26834,r_scrubed
26835,ra-pen
26836,ra_mun5239
26837,ra_suya
26838,ra_torens
26839,raag_jp
26840,raamen
26841,raamensusure
26842,raayu_(0u_rayu)
26843,rabb_horn
26844,rabbit_(tukenitian)
26845,rabbit_(wlsdnjs950)
26846,rabbitbrush
26847,rabbity_art
26848,rabe26k
26849,rabenga
26850,raberu_ruru
26851,rabienu
26852,rabiiandrain
26853,rabinidaddo
26854,rabittofaa
26855,rabiyamarabi
26856,rable
26857,racchi.
26858,racer_(magnet)
26859,rachip
26860,racket_ti1
26861,racoon-kun
26862,radi_(pixiv_88192217)
26863,radical_highway
26864,radio_(mei99)
26865,radioneet
26866,radiostarkiller
26867,radish_p
26868,radishkek
26869,radjeong
26870,radlionheart
26871,radoge14
26872,radoremo
26873,rae_(hexedwithluck)
26874,rae_(offrecord)
26875,raeis
26876,raenoreto
26877,rafael-m
26878,rafaelaaa
26879,rafchu
26880,raftetram
26881,rage_(rojiura)
26882,ragecndy
26883,rageman709
26884,ragho_no_erika
26885,ragi_(od6fine)
26886,ragi_san_(ononokomachiimo)
26887,ragnaveldt
26888,rahato
26889,rahime
26890,rahwia
26891,rahy
26892,rai32019
26893,rai_(newtype_xm-x1)
26894,rai_(rai-s)
26895,rai_(rai_kw)
26896,rai_(sakuranbo_sugar)
26897,raichi_(ddq0246)
26898,raichi_(litchixlitchi)
26899,raichita
26900,raichiyo
26901,raichiyo33
26902,raid_(donghyeok)
26903,raiden_(kdsn3783)
26904,raiden_(raiden_labo)
26905,raidensan
26906,raidon
26907,raifu_(rf)
26908,raigou
26909,raijin-bh
26910,raijuu_(bakanara)
26911,raika9
26912,raikkonen
26913,raikoart
26914,raikou104
26915,raikou_(gotaishu)
26916,raikou_(yorimitsu)
26917,raikun_raikun
26918,rail_(silverbow)
26919,raimone26
26920,raimu_(clanberry000)
26921,rain_(rain8649)
26922,rain_(rain910)
26923,rain_(regen)
26924,rain_(tonight_862)
26925,rain_lan
26926,rain_rkgk
26927,raina
26928,rainbowscreen
26929,rainbowsugarflower
26930,raind
26931,raindrop746079
26932,raine_(acke2445)
26933,raineemeow
26934,raineru_(gryffindor131)
26935,rainmaker
26936,rainsp
26937,rainyam6
26938,rainycoffeebean
26939,rainys_bill
26940,raion_(inoueraion)
26941,raion_(raionart)
26942,raionsan
26943,raiou
26944,rairaisuruyo
26945,rairyu_(samurai996007)
26946,raisuta
26947,raitho
26948,raito_(latek)
26949,raito_taisha
26950,raiya_atelier
26951,raiz_art_works
26952,rajah_(dajah)
26953,rajawat
26954,rakara11_(rakkarts)
26955,rakavka
26956,rakeemspoon
26957,raki_kr
26958,rakia_(ds00309)
26959,rakikoko
26960,rakinegimagi
26961,rakisuto
26962,rakkidei
26963,rakko_(r2)
26964,rakkogawa_rinro
26965,rakkou
26966,rakku_(10219563)
26967,rakku_(rkrmz0n)
26968,rakkuguy
26969,rakkyhappy
26970,rakkyo
26971,raku_rakugaki
26972,rakuchii_(rurituvo)
26973,rakuga_kiya
26974,rakugaki-biyori
26975,rakugaki_ningen
26976,rakugaki_shitagari-ya
26977,rakugaki_suruhito
26978,rakugakiraid
26979,rakuhei
26980,rakuji_tarahi
26981,rakujin
26982,rakuko
26983,rakuma_kanori
26984,rakuni
26985,rakuraku
26986,rakurakutei_ramen
26987,rakusai_(saisai_garou)
26988,rakusakugk
26989,rakusuke
26990,rakuto_mangan
26991,ram_hachimin
26992,rama_(amaru)
26993,rama_(yu-light8)
26994,ramachiru
26995,ramanda
26996,ramb_chop
26997,ramchi
26998,ramel
26999,ramen_(ooishi_kou)
27000,ramenwarwok
27001,rami_rz
27002,ramie_(ramie541)
27003,ramiica
27004,ramiki_(ramesgoag)
27005,ramiya_ryou
27006,rammionn
27007,ramnik5
27008,ramochi
27009,ramochi_(auti)
27010,ramon_nunez
27011,rampa93
27012,rampage_(leedash2)
27013,rampage_2nd
27014,rampart1028
27015,ramu-on@_shinon
27016,ramuda_(guilty931)
27017,ramudia_(lamyun)
27018,ramuneogura
27019,ramuneruko
27020,ramuri
27021,ramuya_(lamb)
27022,ran'ou_(tamago_no_kimi)
27023,ran_(9ens2000)
27024,ran_(bearsoymilk)
27025,ran_(bukeranwu)
27026,ran_(ran_0605)
27027,ran_(yamatoagu)
27028,ran_system
27029,ranan
27030,ranbu_hararin
27031,ranch_jjba
27032,ranchuu_(akamusume)
27033,rancidronin
27034,randis
27035,random_(ningen_modoki)
27036,randomboobguy
27037,randou
27038,randouworks
27039,randy_(awesomevillage)
27040,raneblu
27041,ranemu
27042,ranf
27043,rang_go
27044,rangen
27045,ranger_squirrel
27046,rangque_(user_vjjs4748)
27047,rangu
27048,rangycrow
27049,ranhatu
27050,ranju_aira
27051,rank_alee
27052,ranka_(tonbo)
27053,rankasei
27054,rankebu
27055,ranken
27056,rankiryuu
27057,ranko_no_ane
27058,ranma_(kamenrideroz)
27059,rano
27060,rano_u_rabe
27061,ranran_3939
27062,ransa
27063,ranshin
27064,ransusan
27065,ranta000
27066,rantana_(lalalalackluster)
27067,rantia
27068,ranyu
27069,raochuu
27070,raonal97
27071,raora_panthera_(artist)
27072,rapa_(heisei_strawberry)
27073,rapa_rachi
27074,rapama
27075,rapapa
27076,raplus
27077,rappa_(rappaya)
27078,rappi
27079,raps_(yohomeboyraps)
27080,raptor7
27081,raramente
27082,rarami
27083,raranokusu
27084,rarasa_(rarasa)
27085,rare_lemon
27086,rariatto_(ganguri)
27087,rariemonn
27088,rarigo
27089,raru0310
27090,raru_(nanaharararu)
27091,raruru
27092,ras_(ras33635191)
27093,rasa_k
27094,rasahan
27095,rascal_(feuille)
27096,rascal_(n119)
27097,rascala39
27098,rasen_manga
27099,raseruta
27100,rasetsu001
27101,rasha
27102,rashford
27103,rashuu
27104,rasipan
27105,raskasar
27106,rasneko
27107,rassie_s
27108,rasson
27109,rasu_(pixiv9799832)
27110,rasukaru
27111,rasukusekai
27112,rasupekuto
27113,rasusurasu
27114,rat_huang
27115,rat_nkmi
27116,rat_riot
27117,rata_(m40929)
27118,rata_(norahasu)
27119,ratana_satis
27120,ratatatat74
27121,ratatooey
27122,ratbawz
27123,rate_world_mk1
27124,rateratte
27125,rathalosx4
27126,ratifuu
27127,ratise
27128,rato
27129,ratryu
27130,ratsuku_kinoko
27131,ratto_(mobilis_1870)
27132,rau_ma_(the_rauma001)
27133,raurashun
27134,rausu_(undeadmachine)
27135,rauto
27136,ravaniz
27137,raven_mido
27138,ravenhart
27139,ravenousruss
27140,ravernclouk
27141,ravine_bells
27142,raviolimavioli
27143,rawrden
27144,ray-akila
27145,ray-k
27146,ray.s
27147,ray_(pixiv9514208)
27148,ray_(rays_26)
27149,ray_mil68
27150,ray_peng
27151,raya_(uk_0128)
27152,raya_(yuri15923)
27153,rayasi
27154,raybar
27155,raycrodu_h
27156,raydango
27157,rayleigh_scale
27158,raymie0124
27159,raymon
27160,rayn
27161,rayno
27162,raythalosm
27163,rayuse
27164,rayvon
27165,raywallin
27166,razalor
27167,razillon
27168,razu_(rus)
27169,razuzyamu
27170,razy_(skuroko)
27171,rb2
27172,rbfnrbf_(mandarin)
27173,rbx_lamen
27174,rbxlaifjzlilxep
27175,rca
27176,rchella
27177,rco_as
27178,rcs_4
27179,re-ka
27180,re0n
27181,re1kirisaki342
27182,re_(re_09)
27183,re_ankh_(mrsz4523)
27184,re_ghotion
27185,re_i
27186,re_lucy
27187,re_naya
27188,re_rin
27189,re_shimashima
27190,reagan_long
27191,reakaki
27192,realmbw
27193,reammara
27194,rean_(r_ean)
27195,reason_(ficafe)
27196,reason_(mark-of-the-unicorn)
27197,rebake
27198,rebe11
27199,rebecca_(keinelove)
27200,rebirth42000
27201,rebis
27202,reborns
27203,rebutsu
27204,recare
27205,reccu
27206,rechu2300
27207,recklessdraw
27208,reco_(fortunequest)
27209,recycled
27210,red-d
27211,red-eyes_macadamiachoco
27212,red-p
27213,red-rum
27214,red_ace
27215,red_cucumber
27216,red_disappointment
27217,red_hayao
27218,red_hod
27219,red_leopard
27220,red_medicine
27221,red_panda_waifu
27222,red_seiryu
27223,red_star_(toranecomet)
27224,redamber334
27225,redame
27226,redauto
27227,redbaron
27228,redblacktac
27229,redcomet
27230,reddizen
27231,redeye_(artist)
27232,redforge
27233,redgart
27234,redi_(rasec_asdjh)
27235,redjet
27236,redjuice
27237,redlark_(r083)
27238,redlhzz
27239,redlight
27240,rednian
27241,redol
27242,redpoke
27243,redpostit
27244,redrabbit44
27245,redrop
27246,redshark_(t373412)
27247,redum4
27248,redundant-cat
27249,ree_(re-19)
27250,reeh_(yukuri130)
27251,reel_(riru)
27252,reeya
27253,ref_(pmxt4483)
27254,refeia
27255,refisa
27256,refla
27257,refuson_man
27258,rega
27259,regain
27260,regan_(hatsumi)
27261,regdic
27262,regiana_(jubi)
27263,regition
27264,regls
27265,regu_(reg95)
27266,regua
27267,regular_mow
27268,regurusu_(nagarevosi)
27269,rehu_(astd5787)
27270,rehu_(mangyu)
27271,rei931218
27272,rei_(09991)
27273,rei_(456789io)
27274,rei_(9086)
27275,rei_(esprei96)
27276,rei_(farta_litia)
27277,rei_(ilust9999)
27278,rei_(poro06625649)
27279,rei_(rei's_room)
27280,rei_(rei_9146)
27281,rei_(rei_rr)
27282,rei_(sanbonzakura)
27283,rei_(sss35_ss3)
27284,rei_(tdn_ng)
27285,rei_(tonbo0430)
27286,rei_(usabiba)
27287,rei_hinketsu
27288,rei_kazami
27289,rei_kun
27290,rei_tuki
27291,reia
27292,reia_76
27293,reia_hana
27294,reiboubyou
27295,reibun_(raven1119)
27296,reido_(reido_c)
27297,reiei_8
27298,reiesu_(reis)
27299,reiga_(act000)
27300,reiha_(penetrate)
27301,reihou19
27302,reiji-rj
27303,reiji_tsukimi
27304,reijing_etrn
27305,reijiro
27306,reika_(clovia_studio)
27307,reikakrzk
27308,reiko_lape
27309,reiku09
27310,reimei_(1988)
27311,reimei_(r758120518)
27312,reimu_tyuki
27313,rein_creamsoda
27314,reina_(black_spider)
27315,reina_(tyty123)
27316,reinama
27317,reine_(reineko6)
27318,reinforced
27319,reinoenu_(anon)
27320,reinzwang
27321,reio
27322,reio_reio
27323,reiquant
27324,reirou_(chokoonnpu)
27325,reit
27326,reito6
27327,reitomo
27328,reitou_mikan
27329,reitou_mkn
27330,reitoubeef
27331,reityana
27332,reiwa_rerere
27333,reizo_ne
27334,reizou
27335,reizouko
27336,rejean_dubois
27337,rekaerb_maerd
27338,rekari_(rekari628)
27339,reki_(arequa)
27340,reki_(dezuko)
27341,reki_(user_rcrd4534)
27342,rekise
27343,rekka
27344,rekka_shinai
27345,rekka_yamato
27346,reku
27347,reku_hisui
27348,relaxjon
27349,relio_db318
27350,rella
27351,reload9_yohji
27352,reluvy
27353,rem_(eyes_410)
27354,rem_(tsulala)
27355,remaco
27356,reman_kamuy
27357,remapack77
27358,remedei
27359,remedy_matome
27360,remi_(mozzaremi)
27361,remiri_nicoeli
27362,remiria100
27363,remirii
27364,remon_(10112)
27365,remoooon
27366,remora180
27367,remosea
27368,remotaro
27369,remotarou
27370,remote_controller_4
27371,remoyona
27372,remsor076
27373,remsrar
27374,remu_(kudarizaka_25)
27375,remyfive
27376,ren_(733)
27377,ren_(endscape20)
27378,ren_(gh)
27379,ren_(renjiyu)
27380,ren_(zero_second)
27381,ren_huozhe
27382,ren_kon
27383,ren_kun
27384,ren_mizuha
27385,ren_san
27386,rena_(_rrena)
27387,rena_(renasight)
27388,rena_illusion
27389,renakobonb
27390,renatus.z
27391,renberry
27392,rend
27393,rendezvous
27394,reneelric
27395,renetan
27396,reneua
27397,renew_vivi
27398,renge_(730)
27399,renji_(orange_ize)
27400,renjian_shilian
27401,renka_(cloudsaikou)
27402,renka_(renkas)
27403,renka_(renxka)
27404,renka_(sutegoma25)
27405,renkkai
27406,renkonmatsuri
27407,renma_(renma_0503)
27408,renn_01
27409,rennes
27410,rennkuu
27411,renoa_yu
27412,renren
27413,renren_(ah_renren)
27414,rensei
27415,renshirenji
27416,renshiu
27417,renshu_usodayo
27418,renta_(deja-vu)
27419,rento_(rukeai)
27420,renxzd
27421,renze_l
27422,renzhi00334233
27423,renzu_(lens_02)
27424,reo-illust4696
27425,reo_(mmocc123)
27426,reoen
27427,reon_(dainagon_azuki)
27428,reon_(saikyou)
27429,reona_(mesuinupoke)
27430,reona_kfc02
27431,reowocchi
27432,repi
27433,repikinoko
27434,reptileye
27435,repu_(rep_sha)
27436,repunit
27437,repurika
27438,rere_88rere
27439,rerendi
27440,rererere_mon
27441,reri
27442,rero_(bigdoorbig2)
27443,reroi
27444,rerrere
27445,rescat
27446,reset
27447,ress
27448,ressec
27449,ressue_(gomgom)
27450,rest_in_muni
27451,restaint
27452,resuta
27453,retei
27454,rethnick
27455,reticulum
27456,retorillo
27457,retorou
27458,retri
27459,retrochaossan
27460,retsumaru
27461,retsuna
27462,retsuto
27463,retto
27464,retumihari
27465,reulem
27466,reuri_(tjux4555)
27467,rev60
27468,revebw
27469,revenantart
27470,reverinth
27471,reverse_(bluefencer)
27472,revolverwing
27473,revtilian
27474,revvie
27475,rewolf
27476,rewuyuu
27477,rexlent
27478,rezeharu
27479,rezi
27480,rezia
27481,rezodwel
27482,rezoeline
27483,rff_(3_percent)
27484,rg_(gumin)
27485,rggr
27486,rgrey00
27487,rhapsode
27488,rhea_(0u0)
27489,rheez
27490,rhemora
27491,rhine
27492,rhine_(overtonerhine)
27493,rhlatm
27494,rhtkd
27495,rhymewithray
27496,ri-ko
27497,ri-net
27498,ri_(qrcode)
27499,ri_(ri_kaos21)
27500,ri_cochet
27501,ri_o_ne_su
27502,ri_qing
27503,ri_yonn
27504,ria_(baka-neearts)
27505,ria_(rian_0210)
27506,riabels
27507,riai_(onsen)
27508,rian_(bdl)
27509,rianya07
27510,riarashu
27511,rias-coast
27512,rias-shiki_kawaii
27513,rib_(rib_delesetong)
27514,rib_y(uhki)
27515,ribahara_aki
27516,ribao
27517,ribero
27518,ribi
27519,ribiadan
27520,riboshika
27521,ribosoma_42
27522,ribu_(rv)
27523,ribucci
27524,ric._(marchen_mozuku)
27525,riccae
27526,ricci
27527,riccovich
27528,rice_(okome_no_naru_ki)
27529,rice_(rice8p)
27530,rice_rabbit22
27531,ricegnat
27532,richard-kun
27533,richard_(richaball)
27534,richard_suwono
27535,richou_(zerozero1101)
27536,rick.black
27537,ricke_2002
27538,rickert_kai
27539,ricman_rt
27540,ricochet-gou
27541,rid0922
27542,rider_(orange_couture)
27543,ridgeone
27544,rido_(ridograph)
27545,ridy_(ri_sui)
27546,rie_(reverie)
27547,riejiu
27548,riel_(ataraxia2334)
27549,riffle_hunter
27550,riffraffhellyea
27551,riflech
27552,rifleman1130
27553,rifsom
27554,riftgarret
27555,rifu002
27556,rifu_(643763873)
27557,rifu_(hunihuni1130)
27558,rifufu
27559,rifyu
27560,rightorisamraido3
27561,rigu_(what_will_be_will_be!)
27562,rihito_(usazukin)
27563,rihito_akane
27564,riho
27565,rii2a77ru
27566,rii_(mrhc7482)
27567,rii_(pixiv11152329)
27568,rii_abrego
27569,riichi_(rouchi)
27570,riichu
27571,riinu_(ir-n)
27572,riio
27573,rijjin
27574,rika_ryne
27575,rikaco1988
27576,rikadai
27577,rikaon
27578,rikatan
27579,riki-to
27580,riki6
27581,riki_(archf)
27582,riki_(riki_unc)
27583,rikiddo_(tise_00)
27584,rikihana_momo
27585,rikinako380
27586,rikizo
27587,rikka006
27588,rikki
27589,rikkii_(likito_yuzu_is)
27590,riko-m
27591,riko201008
27592,riko_(k_riko)
27593,riko_(kujira215)
27594,riko_(m_momomo28)
27595,riko_(rik0ring)
27596,rikoma
27597,rikona
27598,rikopin
27599,rikose
27600,rikotan
27601,riku_(melty_drop)
27602,riku_(rikkuru)
27603,riku_(ururi7610)
27604,riku_(wana)
27605,riku_yama
27606,rikudou_inuhiko
27607,rikudou_koushi
27608,rikugou_(rikugou-dou)
27609,rikuguma
27610,rikuhito_juusan
27611,rikui_(rella2930)
27612,rikumaru
27613,rikume
27614,rikumoto_yoshiyuki
27615,rikuwo
27616,rilex_lenov
27617,rim_(ririm711)
27618,rim_jims
27619,rima_(0136)
27620,rima_(rimarip)
27621,rimamo
27622,rimo
27623,rimu_(kingyo_origin)
27624,rimukoro
27625,rimuu
27626,rin-sin
27627,rin2008
27628,rin31153336
27629,rin_(fuwarin)
27630,rin_(rin7kan7)
27631,rin_(rin_illust_0805)
27632,rin_(rin_niji)
27633,rin_(yukameiko)
27634,rin_0101010
27635,rin_ateria
27636,rin_gotarou
27637,rin_lingsong
27638,rin_mokkomoko
27639,rin_yuu
27640,rinabee_(rinabele0120)
27641,rinarisa
27642,rindo
27643,rindoriko
27644,rindou_(awoshakushi)
27645,rindou_(p41neko)
27646,rindou_(radical_dream)
27647,rindou_(rindou_annon)
27648,rindou_ringdong
27649,ringeko-chan
27650,ringo_ame_no_ria
27651,ringo_komachi
27652,ringo_no_usagi_(artist)
27653,ringo_orihara
27654,ringo_sui
27655,ringo_yuyu
27656,ringoanu
27657,ringobatake
27658,ringodrawing
27659,ringopan
27660,ringouulu
27661,ringozaka_mariko
27662,ringozeri
27663,ringozuki
27664,ringpearl
27665,ringsel
27666,rinihimme
27667,rinka_(rinka0912)
27668,rinkaa_(lovelive765pro2)
27669,rinkaito1231
27670,rinki_oohen
27671,rinko_(mg54)
27672,rinku_(rin9)
27673,rinku_bny
27674,rinlaby
27675,rinmei
27676,rinmel9
27677,rinmmo
27678,rinndouk
27679,rinne_(mizunosato)
27680,rinneko_art
27681,rinner373
27682,rino99
27683,rino_cnc
27684,rinoko
27685,rinon42600
27686,rinotuna
27687,rinri4kan
27688,rinrin_(927413)
27689,rinrin_(ppnk2835)
27690,rinrin_kai
27691,rinringyo
27692,rinrinne39_(artist)
27693,rinse_7
27694,rintaro_komori
27695,rinto_(rint_rnt)
27696,rinu
27697,rinx
27698,rinyamame
27699,rinzo
27700,rio.lw
27701,rio_(lio_yuzu)
27702,rio_(rio773)
27703,rio_(rio_01)
27704,rio_(rio_067)
27705,rio_mukiniki
27706,riochan
27707,riogu7t
27708,riok_hh
27709,rioka_(southern_blue_sky)
27710,riokasen
27711,riomario
27712,rion_(glayjirobass)
27713,rion_(user_ufvg8527)
27714,rioru_(rioru_v_v)
27715,rioshi
27716,riou_(pooh920)
27717,ripe.c
27718,ripnte
27719,rippajun
27720,rippe
27721,rippootai
27722,ripu_(lipi)
27723,ripu_(sherypton)
27724,rirakukan
27725,rirene_rn
27726,riretsuto
27727,riri_(dgra3272)
27728,riri_(ri0177)
27729,riri_(ririwaldorf)
27730,riria_(happy_strawberry)
27731,riria_(liry_a_flower)
27732,ririco_(gnsn)
27733,ririfa
27734,ririfu
27735,ririi_(ai-my_talikng)
27736,ririka_(ab-yuri)
27737,ririko_(fhnngririko)
27738,ririko_(zhuoyandesailaer)
27739,ririkuto
27740,ririmon
27741,ririn_(ririn_501)
27742,ririo_(mitsumatario)
27743,ririri_(user_rkrv7838)
27744,ririsu082
27745,ririvery
27746,riro_(breakthrough_rr)
27747,riromomo
27748,riru
27749,rirua_(kjom802)
27750,riruno
27751,riry
27752,risai
27753,rise_(rise19851203)
27754,risem
27755,riseno
27756,rishaku_(user_cuwx8758)
27757,rison
27758,risshu
27759,risu_(ritharte)
27760,risui_(suzu_rks)
27761,risumi_(taka-fallcherryblossom)
27762,risuo
27763,risutaru
27764,risyo
27765,rita_ya
27766,rital
27767,ritalem
27768,ritao_kamo
27769,ritaso
27770,ritateo
27771,ritence
27772,riteral
27773,rito453
27774,rito_(ritoxiaying)
27775,ritsu_(re710pngn)
27776,ritsu_(roboroboro)
27777,ritsuki
27778,rituyama1
27779,rity
27780,ritzchrono
27781,riu_kawano
27782,riuichi
27783,riv_(rivleaf)
27784,river_(river_ga)
27785,rivershirt
27786,riya_(01214)
27787,riyo_(aokiwazumi)
27788,riyo_(lyomsnpmp)
27789,riyo_(riyontoko)
27790,riyun_(halodark)
27791,riz
27792,riz3
27793,riz_(ravel_dc)
27794,rizeass
27795,rizento
27796,rizleting
27797,rizu033
27798,rizu_(rizunm)
27799,rizuaki
27800,rizzl
27801,rizzy
27802,rj_(lingshih10)
27803,rjsn
27804,rk_(cc15915r)
27805,rk_(rktorinegi)
27806,rkin
27807,rko_(a470350510)
27808,rkp
27809,rkrk
27810,rkrk12
27811,rktlek159
27812,rktsm
27813,rkzrok
27814,rla13753
27815,rladnr6
27816,rm-parfait
27817,rncchds
27818,rnd.jpg_(artist)
27819,rnfhv
27820,rnjs4967
27821,rnkgmn
27822,rnna
27823,rnuyvm
27824,ro-a
27825,ro-ichi
27826,ro.ro
27827,ro96cu
27828,ro_(igris-geo)
27829,ro_g_(oowack)
27830,ro_ku
27831,ro_risu
27832,road_233
27833,roadi3
27834,roah
27835,roamu_65
27836,roang
27837,roarke_(lavenderincubus)
27838,roaru_(gyuren)
27839,roas01b
27840,rob_ishi
27841,robaato
27842,robaco
27843,robert_j_case
27844,robert_kim
27845,robert_knight
27846,robina
27847,robinexile
27848,robinson_(day_l_full)
27849,robo8
27850,robodumpling
27851,robographer
27852,robokeh
27853,robomito
27854,roborobocap
27855,robot_cat_(robotcatart)
27856,robou_no_stone
27857,robusta_mania
27858,rocb
27859,roccamoya
27860,rocha_(aloha_ro_cha)
27861,rocher-hd
27862,rochiko_(bgl6751010)
27863,rock-bomber
27864,rock_zinc
27865,rockthebull
27866,rocky-ace
27867,rockyroo
27868,rocner
27869,rocni
27870,roco_(katsuya1011)
27871,roco_(rocoroco1115)
27872,rococolove
27873,rococomm123
27874,rocohisaya
27875,rocomani
27876,rod_(rod4817)
27877,rodney_(melagal)
27878,rodong8
27879,rodrigo_yoshimiya
27880,rodriguez_(kamwing)
27881,rods
27882,rodway
27883,rody_(hayama_yuu)
27884,roena
27885,rog_rockbe
27886,roh_nam_kyung
27887,roha
27888,rohitsuka
27889,roi_(liu_tian)
27890,roido_(taniko-t-1218)
27891,roier
27892,roin
27893,roina_(effj7473)
27894,roitz_(_roitz_)
27895,roivas
27896,rojen
27897,roji_(rozio)
27898,rojiko
27899,roke_(taikodon)
27900,roki_(0214278)
27901,roki_(hirokix)
27902,roki_(shouka65)
27903,rokico
27904,rokita
27905,rokka_(rokka937)
27906,rokki_hero
27907,rokko
27908,rokkotsu
27909,roko_(pe0e07)
27910,roko_roko_(doradorazz)
27911,rokochandayo
27912,rokoroko_65
27913,rokosu_(isibasi403)
27914,roku_(gansuns)
27915,roku_(ntbr_fate)
27916,roku_(rokkrn)
27917,roku_(roku_0141)
27918,roku_(tsua-kihuyu)
27919,roku_(warrock)
27920,roku_6
27921,roku_aya_fuyu
27922,roku_kyuu
27923,roku_no_hito
27924,roku_s3
27925,rokuba
27926,rokudou_itsuki
27927,rokuen_skd
27928,rokugatsu_t
27929,rokugou_(tokiwa_rokugou)
27930,rokugou_daisuke
27931,rokuichi
27932,rokukarashi
27933,rokunen
27934,rokuon
27935,rokushaku_neko
27936,rokushiru_(muzai-p)
27937,rokushou
27938,rokushou_kokuu
27939,rokusketch
27940,rokuwata_tomoe
27941,rokuya_(68_zusao)
27942,rokuzukeita
27943,roll_out_road
27944,rollingstonex6
27945,rollo_(kuyuen1)
27946,rolua
27947,rom_(20)
27948,rom_(rommmoon)
27949,roman_imperial
27950,romana
27951,romayasu
27952,rome35793562
27953,rome_romedo
27954,romi
27955,romi_(346_ura)
27956,romiy
27957,romo827
27958,romulproduce
27959,ron_(pixiv83091338)
27960,roncele
27961,rondo_bell
27962,rondo_umigame
27963,ronen
27964,rong_hui
27965,rong_yi_tan
27966,rongai28
27967,ronguuta
27968,ronindude
27969,ronisuke
27970,rono_(lethys)
27971,ronopu
27972,ronpaxronpa
27973,ronpu_cooing
27974,ronununn
27975,rooibos
27976,room603
27977,roonhee
27978,rooru_kyaabetsu
27979,rooseputo_02
27980,root_(1732050807point)
27981,ropeperson
27982,ropi_(yyuichi29)
27983,roppaku
27984,ropu_(ropu_10)
27985,roresu
27986,rori82li
27987,rori_chuushin
27988,roro_(sghona10)
27989,roro_(tpghksdlzpq)
27990,roroichi
27991,rorokonaa
27992,rorol7865
27993,roropull
27994,rororo
27995,rororogi_mogera
27996,rorosuke
27997,rorretsim
27998,roru_(lol_dessin)
27999,rosa_(hoshino)
28000,rose_neru
28001,rosebell
28002,rosehip_t72
28003,rosem_lin
28004,rosettastone
28005,rosette_(yankaixuan)
28006,roshiakouji-chan
28007,roshin
28008,rosie_rosie
28009,rosmino
28010,ross_(clumzero)
28011,ross_tran
28012,rossciaco
28013,rossy_(yowayowachimpo)
28014,rostina-pason
28015,rosu_1109
28016,rosumerii
28017,rosumini
28018,roswell_ss
28019,rotan
28020,rotarran
28021,rotatwo
28022,roten_(rotenburo)
28023,roteri_(roteri_69)
28024,rotix
28025,rotomdocs
28026,rototika
28027,rotroto
28028,rott_ur
28029,rotte_(1109)
28030,rottencrow
28031,rottenpizza
28032,rottenweiler
28033,rou_(rou22)
28034,rouge_(my_rouge)
28035,rougetsu
28036,rougetsu_(eclipse)
28037,rouka_(akatyann)
28038,rouko605
28039,roundschen
28040,rounin_(amuza)
28041,rounizm
28042,roupo99
28043,roura
28044,rourou_(been)
28045,rourou_ill
28046,rourouki
28047,routo
28048,rouwan
28049,rouzille
28050,rovintus
28051,rowdon
28052,rowkiba
28053,rownou
28054,rowya
28055,roxxxan
28056,roxy_rex
28057,royalwatts
28058,royboy
28059,royl
28060,rozarin
28061,rozea_(graphmelt)
28062,rozer
28063,rozu_ki
28064,rozuberry
28065,rozugadena
28066,rpameri
28067,rqm55
28068,rr_(suisse200)
28069,rra_(yj)
28070,rroar8
28071,rrr_(reason)
28072,rrr_gns_(riuriu_1212)
28073,rrrssr
28074,rrtp
28075,rryiup
28076,rs40uchiha
28077,rsef
28078,rsk_(tbhono)
28079,rtari
28080,rtil
28081,ru-ha
28082,ru-pe_(gstm_0915)
28083,ru2n131
28084,ru_(famia)
28085,ru_zhai
28086,ruan_chen_yue
28087,ruben_menzel
28088,ruberule
28089,rubi-sama
28090,rubii
28091,ruby_suguri
28092,rubyaano_(ducl323)
28093,rucaco
28094,rucchiifu
28095,rucha_(dokkanhanabi)
28096,ruchi
28097,ruda_(ruda_e)
28098,rudang
28099,rudeus_(steban_sharnak)
28100,rudia
28101,rudo_(rudorudo0917)
28102,rudoni
28103,ruebird
28104,ruei_(chicking)
28105,rugo
28106,ruhee
28107,ruhika
28108,rui_(gsr1982)
28109,rui_(hershe)
28110,rui_(o-rui)
28111,rui_(rei_leyi)
28112,rui_(sugar3)
28113,rui_li
28114,rui_rubellent
28115,rui_shi_(rayze_ray)
28116,ruien_(wu_jui-en)
28117,ruin_re_birth
28118,ruinique
28119,ruint
28120,ruisselait
28121,ruisuke
28122,ruiten
28123,ruiuncle
28124,ruizu_(takakisan503)
28125,ruka_(blueplus84)
28126,ruka_(piyopiyopu)
28127,ruka_tou
28128,rukashio
28129,ruki_(ruki6248ta)
28130,rukialice
28131,rukiana
28132,rukimi
28133,rukinya_(nyanko_mogumogu)
28134,rukito
28135,rukitsura
28136,rukotaro
28137,ruku_(alicecreation)
28138,ruku_(ruku_5050)
28139,rukuriritea
28140,rum_raisin_(chihiromakita19)
28141,ruma_imaginary
28142,rumaki
28143,rumenia_(ao2is)
28144,rumford
28145,rumi_(rarumi11)
28146,rumi_(rumigawa31)
28147,rumia_(compacthuman)
28148,rumiak
28149,rumic_0620
28150,rumie
28151,rumiko_(rmeco)
28152,rumine_(yoshi1234567)
28153,rumiya9i
28154,rummy_73
28155,rumo
28156,rumoon
28157,rumple_tumple
28158,run_p_(aveton)
28159,run_rotary
28160,run_sho
28161,run_the_9tails
28162,runa7
28163,runa_(nori31291404)
28164,runa_(runa7733)
28165,runa_(user_guwn7382)
28166,runachikku
28167,runako
28168,runamonet
28169,runapiero
28170,runaru
28171,runastark
28172,runawate56
28173,rune_(dualhart)
28174,rune_(rne_at)
28175,rune_(ru-nn)
28176,rune_(ruupokesmash54)
28177,rune_xiao
28178,runemill
28179,runep
28180,runfufu
28181,runia
28182,runlan_0329
28183,runta
28184,runyo_(yale12312)
28185,ruo19
28186,ruo_(cruzada)
28187,ruo_(tariki_hongan)
28188,ruo_zhishi_chu_jian
28189,ruochongsang
28190,ruoganzhao
28191,ruohire9
28192,ruoruoqiu
28193,rupe_paperu
28194,rupinesu
28195,rur_(ml_ruru)
28196,ruri_rarako
28197,rurie_(lourie)
28198,rurikoke
28199,ruriruno
28200,rurisakura
28201,ruriwo_(ruriwo1894)
28202,ruroo
28203,ruru_(gi_xxy)
28204,ruru_(lulubuu)
28205,ruru_(ruru_nnnn)
28206,ruru_(rurumagi)
28207,ruru_ashihara
28208,ruruepa
28209,rurukichi
28210,rururaroru
28211,rururiaru
28212,rururu_(pyrk8855)
28213,ruschuto
28214,rusellunt
28215,rushian
28216,rusky
28217,ruslorc
28218,rustle
28219,rutarou
28220,ruteko_(ruko220)
28221,ruten_(onakasukusuku)
28222,rutiwa
28223,ruto830
28224,ruto_(petatann)
28225,ruton-niki
28226,rutorifuki
28227,rutsubo
28228,ruu47
28229,ruu_(tksymkw)
28230,ruuen_rouga
28231,ruukii_drift
28232,ruuku_(azukieru)
28233,ruushii_(lucy_steel6969)
28234,ruuto_(ruto3)
28235,ruuto_(sorufu)
28236,ruwoka
28237,rw0419
28238,rwael
28239,rx7649
28240,rx_hts
28241,rxjx
28242,ry-spirit
28243,ry_(yagoyago)
28244,ry_thae
28245,ryairyai
28246,ryakusun
28247,ryan_greythorn
28248,ryan_jampole
28249,ryan_tien
28250,ryanreos
28251,ryans
28252,ryao
28253,ryara
28254,ryaru_ryaru
28255,ryat
28256,rybiok
28257,rye_(hyn_uka)
28258,ryein
28259,ryeon_(bluetom1)
28260,ryh4
28261,ryker
28262,rylaera
28263,ryle
28264,ryn_(rinorea)
28265,ryncka
28266,ryne_25
28267,ryness
28268,rynn_(darknescorez)
28269,rynn_(rynn_cube)
28270,rynzfrancis
28271,ryo-suzuki
28272,ryo_(botugo)
28273,ryo_(liver_sashi_daisuki!)
28274,ryo_(piggerworld)
28275,ryo_(ryo_skrdi)
28276,ryo_(sora-ryu)
28277,ryo_(tg290)
28278,ryo_chimo
28279,ryochan96154
28280,ryochapu
28281,ryofuhiko
28282,ryogo
28283,ryoha_kosako
28284,ryoi
28285,ryoji_(nomura_ryouji)
28286,ryoku_sui
28287,ryokucha_(i_cobalt)
28288,ryokucha_manma
28289,ryokucha_michi
28290,ryokuchabushi
28291,ryokukablog
28292,ryokuno_green
28293,ryokushiki_(midori-ya)
28294,ryokuyuu
28295,ryoma_(rym_369)
28296,ryon_(ryonhei)
28297,ryon_y0421
28298,ryopa
28299,ryopie
28300,ryosios
28301,ryota_(ry_o_ta)
28302,ryota_tentei
28303,ryoto_soukyuu
28304,ryou-san
28305,ryou@ryou
28306,ryou_(kimagure)
28307,ryou_(ponpgo)
28308,ryou_(ryoutarou)
28309,ryou_(shirotsumesou)
28310,ryou_sakai
28311,ryouka_(suzuya)
28312,ryouki_(ryoki_215)
28313,ryouko_(lovelovela)
28314,ryouku
28315,ryouma_(galley)
28316,ryoumoto_ken
28317,ryouryou
28318,ryousuke_(tukr5384)
28319,ryouta_(ryouta335)
28320,ryoutan
28321,ryouto
28322,ryoutsu
28323,ryouya
28324,ryouzou
28325,ryoya
28326,ryp
28327,ryrmcher
28328,ryu-akt
28329,ryu160303
28330,ryu3224
28331,ryu_(17569823)
28332,ryu_(masu_nantoka-san)
28333,ryu_(ryu's_form_site)
28334,ryu_genshin77
28335,ryu_o
28336,ryu_seung
28337,ryu_shou
28338,ryuda
28339,ryudraw
28340,ryuga_(balius)
28341,ryuh_(asahina_neru)
28342,ryuhirohumi
28343,ryuinu
28344,ryuji_(ikeriu)
28345,ryuji_(red-truth)
28346,ryuki@maguro-ex
28347,ryuki_(ryukisukune)
28348,ryuko_azuma
28349,ryumage
28350,ryuna_(inc_moon)
28351,ryunnu
28352,ryuno
28353,ryuntack
28354,ryura_(negi-mamire)
28355,ryuryu_mt
28356,ryusa_(gjgd7445)
28357,ryusei2u
28358,ryusei_(ryusei_b)
28359,ryusei_hashida
28360,ryushin
28361,ryuu-tan_(miuron)
28362,ryuu.
28363,ryuu32
28364,ryuu_(multitask)
28365,ryuu_(ryuraconis)
28366,ryuu_(tsukinoyuki)
28367,ryuu_ryuu
28368,ryuu_tou
28369,ryuuforkaf
28370,ryuuga_shou
28371,ryuuichi_(f_dragon)
28372,ryuuji_teitoku
28373,ryuuka_sane
28374,ryuuki_(hydrangea)
28375,ryuuki_garyuu
28376,ryuuneart
28377,ryuuno6
28378,ryuuno_stadtfeld
28379,ryuunosuke_(luckyneco)
28380,ryuusaki_rei
28381,ryuusama
28382,ryuusei_(mark_ii)
28383,ryuushou
28384,ryuusui_arumo
28385,ryuuta_(akatukiryoka)
28386,ryuuta_(cure_ryuuta)
28387,ryuuta_(msxtr)
28388,ryuutetsu
28389,ryuuzaki_ichi
28390,ryuuzouji_usagi
28391,ryuya
28392,ryxxxxx
28393,s-a-murai
28394,s-goon
28395,s-m-53413
28396,s-now
28397,s-yin
28398,s.h.v
28399,s.hasegawa
28400,s.w
28401,s0104y
28402,s040784
28403,s10021
28404,s1ho_(ukiy0u0)
28405,s7nsles
28406,s_(happycolor_329)
28407,s_(hdru2332)
28408,s_(olath)
28409,s_(y7555128265305)
28410,s_4ik4
28411,s_gentian
28412,s_ibane
28413,s_k_(shiro_karasu)
28414,s_o_i
28415,s_ryouchi
28416,s_sasaki_09140
28417,s_sho_mkrn
28418,s_vileblood
28419,s_xing_guowang
28420,s_zenith_lee
28421,sa'yuki
28422,sa-dui
28423,sa-fu_(sfmk39)
28424,sa-ya2
28425,sa1k0p
28426,sa_(h28085)
28427,sa_(nax49)
28428,sa_ioio
28429,sa_jitsu
28430,sa_tsuko
28431,saaal653
28432,saadiya74
28433,saamon_(salmonkomaku)
28434,saane
28435,saano_chia
28436,saba_chimera
28437,sabachiyo_land
28438,sabakan_(iizuka48)
28439,sabaku_(saba9)
28440,sabaku_chitai
28441,sabakuomoto
28442,sabamen
28443,sabamiso_taro
28444,sabamori
28445,sabamu
28446,saban
28447,sabana
28448,sabatuki
28449,saber_01
28450,saberiii
28451,saberrung
28452,sabi11riw
28453,sabi1234
28454,sabi_wasabi
28455,sabiirodoramu
28456,sabita_kan
28457,sabo_(12454861)
28458,saboten
28459,saboten7
28460,saboten_mushi
28461,saboten_teishoku
28462,sabotensuteeki
28463,sabou_san-shitsu_kokoro
28464,sabu_(sabudenego)
28465,sabujiroko
28466,sabuneko2645
28467,saburou_(326xxx1)
28468,saburou_(hgmg)
28469,saburou_(jako)
28470,saburou_03
28471,saburou_hiji
28472,saburouta
28473,sabusupi
28474,sacanahen
28475,sacchi
28476,sach56000
28477,sacha
28478,sachi_(yumemayoi)
28479,sachichuu
28480,sachico66
28481,sachiko_(omame)
28482,sachiko_shirayuki
28483,sachinyopo
28484,sachishiro_pengin
28485,sachisudesu
28486,sachito
28487,saco_(cgmore)
28488,sacra_(sacrabokuyaba)
28489,sacraneco
28490,sada_(sadahalu)
28491,sada_noriko
28492,sadahara_inako
28493,sadahiro_(chicken_nugget_gyuuniku_aji)
28494,sadakage
28495,sadamatsu_ryuuichi
28496,sadamoto_hokuto
28497,sadamoto_yoshiyuki
28498,sadan1317
28499,sade_abyss
28500,sadiwosan
28501,sae_(renkyuuake)
28502,saebashi
28503,saejin_oh
28504,saeki_hokuto
28505,saeki_nao
28506,saeki_shun
28507,saeki_sora
28508,saeki_tatsuya
28509,saeki_touma
28510,saekiya_sabou
28511,saekiyahiro
28512,saeldam
28513,saemon_(tonpura)
28514,saetusum
28515,saeuchobab
28516,safai
28517,safaia
28518,safi
28519,safutsuguon
28520,sag_(karehabase)
28521,saga_inu
28522,sagace
28523,sagami_jon
28524,sagami_rin
28525,sagamihara_sakyou
28526,sagamimok
28527,sagamiso
28528,sagano_aoi
28529,sagano_yuuji
28530,sagara_riri
28531,sagas293
28532,sagatsune
28533,sagattoru
28534,sage_(mami1210)
28535,sage_joh
28536,sagemaru-br
28537,sageo_yn
28538,sagiri_(ulpha220)
28539,sagoromo_04
28540,sagta_panggang
28541,sahara1127
28542,sahara386
28543,sahau228
28544,saho_4545
28545,sahuyaiya
28546,sai-go
28547,sai_(bankoru)
28548,sai_(saikun)
28549,sai_(saipoko)
28550,sai_ichirou
28551,sai_koro
28552,saiba_(henrietta)
28553,saibashi
28554,saibashi_(develop_komono)
28555,saibe
28556,saichi_(meme+)
28557,saichuu_(more1208)
28558,saico_isshin
28559,saida_kazuaki
28560,saida_nika
28561,saifu_(sisutakh)
28562,saiga_tokihito
28563,saigado
28564,saigalisk
28565,saigi
28566,saiguchi_otoufu
28567,saihara
28568,saihate_(d3)
28569,saijo1201
28570,saijou_haruki
28571,saijou_k
28572,saijou_karin
28573,saijou_satoru
28574,saijou_yurika
28575,saika_(pixiv43370196)
28576,saika_ryougi
28577,saikachi_(ogre_tree)
28578,saikawa_yusa
28579,saiki_komari
28580,saiki_rider
28581,saiki_yuzuri
28582,saikisaika
28583,saiko67
28584,saiko_(saisaka)
28585,saiko_aida_(pkmn_soda)
28586,saiko_dagashi
28587,saikou-iro_aurora
28588,saikre
28589,saiku_(zvlku)
28590,saikunartworks
28591,saikuu
28592,sail_(sail-away)
28593,sailen0
28594,sailorclef
28595,saimu_taju
28596,saine
28597,sainker
28598,saino_misaki
28599,sainome_(imveryfinethx)
28600,saintshiro
28601,sainttufa
28602,sainty
28603,saipaco
28604,saipin
28605,saisho_(qpoujr)
28606,saishosaisekojo
28607,saisoku_no_yukkuri
28608,saisou_(2ndere)
28609,saiste
28610,saitama_(antitankromeo)
28611,saitani_umetarou
28612,saitaniya_ryouichi
28613,saitogiulio
28614,saitou_(lynx-shrike)
28615,saitou_atsushi_(kamatamanankotu)
28616,saitou_gabio
28617,saitou_kakkou
28618,saitou_kengo
28619,saitou_masatsugu
28620,saitou_naoki
28621,saitou_natsuki
28622,saitou_nekoichi
28623,saitou_piyoko
28624,saitou_rokuro
28625,saitou_sakae
28626,saitou_shiori_(pixiv14549321)
28627,saitou_shouki
28628,saitou_shunsuke
28629,saitou_teikoku
28630,saitou_touko
28631,saitou_yahu
28632,saitou_yoshiko
28633,saitou_yuu
28634,saiun_sigma
28635,saival_cat
28636,saiwo_(saiwoproject)
28637,saiykik
28638,saizu_nitou_gunsou
28639,saja_(166j357)
28640,sajin_(user_pvrm4582)
28641,sajipen
28642,sajittari
28643,sak1_01
28644,sak_(lemondisk)
28645,saka_i_hirokadu
28646,sakagami_umi
28647,sakai_(motomei)
28648,sakai_eri_(illustratoreri)
28649,sakai_hamachi
28650,sakai_kyuuta
28651,sakai_waka
28652,sakai_yume
28653,sakake_asobi
28654,sakaki_(noi-gren)
28655,sakaki_(utigi)
28656,sakaki_imasato
28657,sakaki_maki
28658,sakaki_rin
28659,sakaki_soshi
28660,sakaki_tsui
28661,sakaki_youma
28662,sakakiba_misogi
28663,sakakidani
28664,sakakura_(sariri)
28665,sakamata_(sakamata4)
28666,sakamina
28667,sakamiya_tsuto
28668,sakamoto_(ojiojiojisanda)
28669,sakamoto_ahiru
28670,sakamoto_akira
28671,sakamoto_atsumu
28672,sakamoto_bin
28673,sakamoto_giulietta
28674,sakamoto_himemi
28675,sakamoto_kazuya
28676,sakamoto_kengo
28677,sakamoto_masaru
28678,sakamoto_mineji
28679,sakamuke
28680,sakana-ko
28681,sakana_(fishchunk)
28682,sakana_(flame_sakana)
28683,sakana_(packetsjp)
28684,sakana_(ryuusui-tei)
28685,sakana_(saka11205)
28686,sakana_2-gou
28687,sakanafish
28688,sakanaokashi
28689,sakanasoko
28690,sakanaya_(sakanaya952)
28691,sakano_machi
28692,sakanomachico
28693,sakaokasan
28694,sakaralalala
28695,sakari_(pear_8_ll)
28696,sakasa_(guranyto)
28697,sakasana_(kaisen_teikoku)
28698,sakashima_0822
28699,sakata_s2023
28700,sakatsuki
28701,sakatsuki_yakumo
28702,sakauchi_waka
28703,sakaue111
28704,sakaumi
28705,sakaya313
28706,sakayaki_(burning_soul)
28707,sakayama_shinta
28708,sakayaya
28709,sakazaki_freddy
28710,sakazakinchan
28711,sakazu_mekasuke
28712,sakazuki_sudama
28713,sake_(kadai)
28714,sake_goroke
28715,sakebuotoko
28716,sakeharasu
28717,sakeno_rarukan
28718,sakenomi_akane
28719,sakesakana_(korezyanai)
28720,sakgi
28721,saki_(hxaxcxk)
28722,saki_(remainaddd)
28723,saki_(saki_paint)
28724,saki_chisuzu
28725,saki_hajime
28726,saki_pokeoekaki
28727,saki_usagi
28728,sakic43899
28729,sakichka
28730,sakifox
28731,sakiika0513
28732,sakiko_(gekiama)
28733,sakikumo_(sakumo)
28734,sakimiya_(inschool)
28735,sakimiya_mafu
28736,sakimori_(hououbds)
28737,sakimori_dan
28738,sakino_saku
28739,sakino_shingetsu
28740,sakippo_(sakippo0)
28741,sakiroll
28742,sakiryo_kanna
28743,sakisato_kiriko
28744,sakishimadara
28745,sakita_pani
28746,sakiyamama
28747,sakiyo_cake
28748,sakizaki_saki-p
28749,sakizou
28750,sakkama
28751,sakkan
28752,saklo
28753,sako_(35s_00)
28754,sako_(bosscoffee)
28755,sako_(namocake)
28756,sakofu
28757,sakoku_(oyatsu3ji_)
28758,sakon04
28759,sakotach
28760,sakou_yukie
28761,saku_(kudrove)
28762,saku_(osake_love)
28763,saku_(saku1151)
28764,saku_(soreca49)
28765,saku_anna
28766,saku_ff11
28767,saku_no_14
28768,saku_nosuke
28769,saku_usako_(rabbit)
28770,sakuama
28771,sakuba_nao
28772,sakuhiko
28773,sakula
28774,sakuma
28775,sakuma_hiragi
28776,sakuma_masanori
28777,sakuma_sanosuke
28778,sakuma_shiki
28779,sakuma_tsukasa
28780,sakumichi
28781,sakumo_(karatama)
28782,sakunagita
28783,sakura11587158
28784,sakura_(39ra)
28785,sakura_(doors)
28786,sakura_(lilak_a)
28787,sakura_(medilore)
28788,sakura_(superbunnys)
28789,sakura_0270
28790,sakura_1110ssmm
28791,sakura_ab
28792,sakura_ai_ke
28793,sakura_akami
28794,sakura_aki
28795,sakura_ani
28796,sakura_chiyo_(konachi000)
28797,sakura_hanatsumi
28798,sakura_hanpen
28799,sakura_hitsuji
28800,sakura_hiyori
28801,sakura_honoka_(srhk0623)
28802,sakura_inu
28803,sakura_inu_(itoyatomo)
28804,sakura_kanawo
28805,sakura_koharu
28806,sakura_kotetsu
28807,sakura_mafumi
28808,sakura_mikan_(chirizakura)
28809,sakura_misaki_(sakura_densetsu)
28810,sakura_mochiko
28811,sakura_moyon
28812,sakura_nekko
28813,sakura_nitouhei
28814,sakura_no_tomoru_hi_e
28815,sakura_no_yoru
28816,sakura_oriko
28817,sakura_puchirou
28818,sakura_ran
28819,sakura_rock
28820,sakura_romu
28821,sakura_ryuuken
28822,sakura_shiho
28823,sakura_shiori
28824,sakura_sora
28825,sakura_szm
28826,sakura_tsubame
28827,sakura_yoru
28828,sakura_yuki_(clochette)
28829,sakura_yuu
28830,sakura_yuu_(hzjy8485)
28831,sakura_yuuya
28832,sakuraba_(cerisier_x)
28833,sakuraba_hikaru_(loveindog)
28834,sakuraba_hinano
28835,sakuraba_tsukasa
28836,sakuraba_yuuki
28837,sakurabe_notos
28838,sakurada_chihiro
28839,sakurada_en
28840,sakurada_nana
28841,sakuradamanga
28842,sakuradou
28843,sakuragi_akira
28844,sakuragi_kei
28845,sakuragi_raia
28846,sakuragi_ren
28847,sakuragi_rian
28848,sakurahuji-iro
28849,sakurai_energy
28850,sakurai_haruto
28851,sakurai_kouji
28852,sakurai_makoto_(custom_size)
28853,sakurai_nana_(moshichi)
28854,sakurai_norio
28855,sakurai_tamako
28856,sakurai_unan
28857,sakuraidai
28858,sakuraihum
28859,sakurajima_saromako
28860,sakurajyousui_nami
28861,sakuraki_riichi
28862,sakuramarusan
28863,sakurame
28864,sakurami_sumi
28865,sakuramochi1003
28866,sakuramochi_(sakura_frappe)
28867,sakuramochi_n
28868,sakuramochi_usa
28869,sakuramori_sumomo
28870,sakuramotikun
28871,sakuraniku_umatarou
28872,sakurano
28873,sakurano_miya
28874,sakurano_rocco
28875,sakurano_ru
28876,sakurano_yukke
28877,sakurapochi
28878,sakurasaka
28879,sakurasawa_yukino
28880,sakurato_ototo_shizuku
28881,sakurato_remi
28882,sakurato_tsuguhi
28883,sakuratoru
28884,sakuratsuki
28885,sakuraume
28886,sakurayashiki_nisei
28887,sakurayu_haru
28888,sakurazari_hotori
28889,sakurazawa_izumi
28890,sakurea
28891,sakurein
28892,sakuremi
28893,sakuria
28894,sakuro
28895,sakuru
28896,sakusaku
28897,sakusakufugashi
28898,sakusakumonoka
28899,sakusakusakurai
28900,sakusan_(ss-awesome)
28901,sakusan_yousoeki
28902,sakushin
28903,sakusya2honda
28904,sakusyo
28905,sakutaishi
28906,sakutake_(ue3sayu)
28907,sakutsuki
28908,sakuya_(liao_kj)
28909,sakuya_(saqu09307728)
28910,sakuya_tsuitachi
28911,sakuyabm
28912,sakuyu
28913,sal_gun
28914,salamander_(hop-step)
28915,salamander_(jonbonjovi82)
28916,salanchu
28917,sally_(allogkk)
28918,sally_(luna-arts)
28919,sally_(pacch0614)
28920,salmon88
28921,salmon_(657931354)
28922,salmon_knight
28923,salovesy
28924,salpin
28925,salt66666
28926,salt_(salty)
28927,salt_(seasoning)
28928,salted_whale
28929,saltlaver
28930,saltnvalk
28931,salty_(cherrypie)
28932,salty_gana
28933,saltycaramel
28934,saltydanshark
28935,saltyicecream
28936,saltypoundcake
28937,saltyxodium
28938,salvamakoto
28939,sam_ashton
28940,sam_desu
28941,sam_yang
28942,sama_(sama24654684)
28943,sama_samasa
28944,samacho
28945,samael_(5211)
28946,samail
28947,samako
28948,samanator_club
28949,samart
28950,samaru_(seiga)
28951,samazuka_mashiro
28952,sambel_kacang1
28953,same_(g_shark)
28954,same_(samefgo)
28955,same_(sendai623)
28956,same_2009
28957,same_anko
28958,same_jarashi
28959,same_kujira_(challenger_310)
28960,same_no_fukahire
28961,sameda_koban
28962,samedonburi
28963,samegami
28964,sameha_ikuya
28965,samei_ikusa
28966,samejima_minoru
28967,samekun_(samekun_s)
28968,samemanma
28969,samenoido
28970,sameya
28971,sameyama_jiro
28972,sami_(3a3i3a3i)
28973,sami_(object_dump)
28974,samidare_(hoshi)
28975,samimitan
28976,samip
28977,samipeko
28978,samlatte
28979,sammohung
28980,samneco
28981,samo_(shichun_samo)
28982,samo_cha
28983,samochau
28984,samonasu17
28985,samoore
28986,samsam_s2s
28987,samsara_(shuukeura)
28988,samu_(sam_deg369)
28989,samuimu
28990,samurai_(movemusic)
28991,samuraig
28992,samuraisamurai
28993,samusara
28994,san-pon
28995,san_(harutuki_3)
28996,san_mamiya
28997,san_mon
28998,san_sami
28999,san_sheng_wan
29000,sana!rpg
29001,sana.c
29002,sana423
29003,sana_(37pisana)
29004,sana_(sanaa653)
29005,sana_(sanamaru_0w0)
29006,sanada_(teketo)
29007,sanada_ikki
29008,sanada_ina
29009,sanada_keisui
29010,sanada_nagi
29011,sanada_nako
29012,sanada_taketo
29013,sanae_(satansanae)
29014,sanagi_(diohazard)
29015,sanagi_torajirou
29016,sanamaru_(sana79261827)
29017,sanami_(sanami_t_38)
29018,sanamisa
29019,sanari_(quarter_iceshop)
29020,sanasanayukikuni
29021,sanasedayo
29022,sanazura_hiroyuki
29023,sanbasou
29024,sancking_(fatekl)
29025,sanctuary-of-apricot
29026,sandansu
29027,sandara
29028,sandcasks
29029,sanderson
29030,sandman_(gm4zfijcwbz3g4y)
29031,sando_(dukedevil)
29032,sandragh
29033,sane-person
29034,sanegesan
29035,sanemichi_hajime
29036,sangdingting
29037,sango_(53box)
29038,sangobob
29039,sangrde
29040,sangria_(sangria69)
29041,sangsoo_jeong
29042,sangue_llia
29043,sangyou_haikibutsu_(turnamoonright)
29044,sangyou_haikibutsu_a
29045,sanhon
29046,sanii
29047,sanjiro_(tenshin_anman)
29048,sanjuqing'an
29049,sankaku
29050,sankakukin_gear
29051,sankakusui
29052,sankichi_(croquette_crab)
29053,sankomichi
29054,sankuma
29055,sankuro_(agoitei)
29056,sankyaku_tako
29057,sankyo_(821-scoville)
29058,sanma_(tabet_)
29059,sanmen
29060,sanmi_tenten
29061,sanmian_(chidarakeno)
29062,sanmoto_gorouzaemon
29063,sanninme_no_haru
29064,sannota272
29065,sannsogyoraikai
29066,sanntouhei
29067,sano_(hospital_0434)
29068,sano_(merrymerry)
29069,sano_br
29070,sano_keiichi
29071,sano_maru
29072,sano_naoi
29073,sano_sanoko
29074,sano_sho
29075,sano_souichi
29076,sano_toshihide
29077,sanom
29078,sanotsuki
29079,sanpachishiki_(gyokusai-jima)
29080,sanpati
29081,sanpeita
29082,sanpo_(sanpo_1027)
29083,sanroku_3
29084,sanseling
29085,sansensui
29086,sanshita
29087,sanshoku_amido
29088,sanshouuo
29089,sanshui_guantang
29090,sansintei_auto
29091,sanso
29092,santa_(sunflower)
29093,santa_matsuri
29094,santafe99
29095,santagawa
29096,santos
29097,santouka
29098,sanuki_(kyoudashya)
29099,sanuki_(zigzagflamberge)
29100,sanukinuki
29101,sanukiske
29102,sanuo
29103,sanvicept
29104,sanwari_(aruji_yume)
29105,sanya_(sanya_lox228)
29106,sanyang003
29107,sanz_zzz
29108,sao7
29109,sao_(0060)
29110,sao_(saowee)
29111,sao_satoru
29112,saolin_(wudangx)
29113,saon101
29114,saotome_hiyori
29115,saotome_nanda
29116,sape_(saperon_black)
29117,saple
29118,sappazell
29119,sapphi_(sky_dreamsky)
29120,sapphire_(nine)
29121,sapphire_(sapphire25252)
29122,sapphire_satou
29123,sapysha
29124,sara666
29125,sara_(kurome1127)
29126,sara_bon
29127,sarachi_(sara_dayluv)
29128,sarah_stone
29129,saraki
29130,sarami_(sa_rami30)
29131,saramiao-chan
29132,sarara_(yoasobi)
29133,sarasa_(kanbi)
29134,sarasa_misa
29135,sarasadou_dan
29136,sarasara_shoyu
29137,sarashina_kau
29138,sarasuty
29139,sarcophage
29140,sardine_(kjr0313)
29141,sarea_(sarea2020)
29142,sarekoube
29143,sarfata
29144,sarhce
29145,sarin_(seoling)
29146,sarina_(tosiyukiryousuke)
29147,sarmat
29148,sarnath
29149,saro_(rotsw_00022)
29150,saru
29151,saru_(monkey_magic3)
29152,saru_000
29153,saruanu
29154,saruchitan
29155,sarujie_(broken_monky)
29156,sarukaiwolf
29157,sarukana
29158,sarulart
29159,saruno_(eyesonly712)
29160,saruton
29161,sarutori
29162,saruyama_ushirou
29163,saryuu_(iriomote)
29164,sas_(ls08b)
29165,sasa6666s
29166,sasa_(sa1008va)
29167,sasa_(sasa_ekakiman)
29168,sasa_fune
29169,sasa_ichi
29170,sasa_kichi
29171,sasa_onigiri
29172,sasa_tseng
29173,sasaame
29174,sasabunecafe
29175,sasachin_(k+w)
29176,sasagawa_(haikaiki)
29177,sasagi_koushi
29178,sasago_kaze
29179,sasahara_natsuki_(val_bi_ole)
29180,sasahara_wakaba
29181,sasahara_yuuki
29182,sasahiro
29183,sasai_saji
29184,sasai_saki
29185,sasai_tuki
29186,sasairebun
29187,sasakama_(sasagaki01)
29188,sasakamakue
29189,sasakawa_arumi
29190,sasaki_(dkenpisss)
29191,sasaki_(glass1138)
29192,sasaki_(ssk8083)
29193,sasaki_(ssk_p3)
29194,sasaki_akira_(ugc)
29195,sasaki_fumi
29196,sasaki_ikuya
29197,sasaki_kouhei
29198,sasaki_masakatsu
29199,sasaki_mutsumi
29200,sasaki_rindou
29201,sasaki_ryou
29202,sasaki_sakichi
29203,sasaki_sakiko
29204,sasaki_shou
29205,sasaki_shounen
29206,sasaki_tatsuya
29207,sasaki_tomomi
29208,sasaki_yukinojou
29209,sasakichi_(ssk_chi)
29210,sasakuma_kyouta
29211,sasakura
29212,sasakura34
29213,sasakura_(calicchio)
29214,sasakura_momiji
29215,sasakure_(mogunonbi)
29216,sasamaru_chimaki
29217,sasamashin
29218,sasami_(ki)
29219,sasami_(shiroi_fuwafuwa)
29220,sasamori_tomoe
29221,sasana
29222,sasane
29223,sasano-01
29224,sasano_shiki
29225,sasanoha_(sasanoha0712)
29226,sasanoha_toro
29227,sasanomesi
29228,sasanon_(sasapoliton)
29229,sasanoneko
29230,sasaoka_gungu
29231,sasaoka_tatsu
29232,sasasa_(nashi)
29233,sasasa_r_23
29234,sasasasa
29235,sasasi
29236,sasatabekung
29237,sasatake_(sasatakebe)
29238,sasayuki
29239,sasebono_mari
29240,sasetsu
29241,sasha_chii
29242,sasha_khmel
29243,sasha_shkret
29244,sashacall
29245,sashima
29246,sashimi_(sasihmi)
29247,sashimi_nasu
29248,sashiyu
29249,sashizume_soutarou
29250,sashu_(thershr6s)
29251,sasi_mozzi1
29252,sasorigatame
29253,sasoura
29254,sassakntm
29255,sasucchi95
29256,sasuga_kei
29257,sasuke_(sasuke_no_sato)
29258,sasumata_jirou
29259,sasurai_susuki
29260,sat-c
29261,sat_(yukipoha)
29262,sata_(sat)
29263,sataen
29264,satchely
29265,sate
29266,satellitedragon
29267,satelyte
29268,sateto_(user_knrf2332)
29269,satetsu
29270,sato-pon
29271,sato_(99yen_kin'itsu)
29272,sato_(hekiga_ni_nemuru)
29273,sato_(r017xts117)
29274,sato_(sato_1_11)
29275,sato_ame
29276,sato_art
29277,sato_iori
29278,sato_masaki_(masayakofu)
29279,sato_one1
29280,sato_zero915
29281,satobitob
29282,satodee
29283,satofuji_masato
29284,satogo
29285,satoh_vrc
29286,satoimo_(3311_mi)
29287,satoimo_chika
29288,satoimoya
29289,satolive20
29290,satom
29291,satoma_makoto
29292,satomachi
29293,satomaru31000
29294,satomatoma
29295,satome_setsuko
29296,satomi_(745684552)
29297,satomi_(black_scarecrow)
29298,satomi_(n-s_freedom)
29299,satomi_yoshitaka
29300,satomura_kyou
29301,satonishi
29302,satono_omo
29303,satori_(aosky9077)
29304,satori_(transient_wind)
29305,satori_(ymoy)
29306,satorigame
29307,satoru_wada
29308,satoshi_(peso727)
29309,satosi
29310,satou_(3366_s)
29311,satou_(kuso-neet)
29312,satou_(su9arsatou)
29313,satou_aji
29314,satou_aoi
29315,satou_asuka
29316,satou_atsuki
29317,satou_chagashi
29318,satou_daiji
29319,satou_kibi
29320,satou_kivi
29321,satou_kuuki
29322,satou_makura
29323,satou_memeko
29324,satou_nui
29325,satou_odori
29326,satou_pikuta
29327,satou_ramune
29328,satou_rin_(gobugabuge)
29329,satou_samu
29330,satou_saori
29331,satou_satoru
29332,satou_saya
29333,satou_shouji
29334,satou_t
29335,satou_takeshi
29336,satou_takumi
29337,satou_toshiyuki
29338,satou_usuzuku
29339,satou_yasu
29340,satou_yuuki
29341,satoupote
29342,satoyama_meu
29343,satoyasu
29344,satoyukitowa
29345,satsu-strive
29346,satsuki_(chaosmode)
29347,satsuki_(gogotaru)
29348,satsuki_(miicat)
29349,satsuki_(pixiv_742410)
29350,satsuki_harunobu
29351,satsuki_imonet
29352,satsuki_inari
29353,satsuki_kei
29354,satsuki_mayuri
29355,satsuki_misuzu
29356,satsuki_neko
29357,satsuki_suzuran
29358,satsuki_tooka
29359,satsuki_yukimi
29360,satsuki_yuu_(awairo)
29361,satsuma_age
29362,satsumaimo_pai
29363,satsumapotato
29364,satsumi
29365,satsuya
29366,satsuyo
29367,sattinittas
29368,saturday_(hokawazu)
29369,saturn-freak
29370,saturn_(satscarlet)
29371,saturndxy
29372,satyuas
29373,sauce_darusungi
29374,saucer_(saucer752)
29375,sava_(sava_023)
29376,savadava
29377,savan
29378,savankov
29379,saver_(artbysaver)
29380,savi_(byakushimc)
29381,saw272
29382,sawa2
29383,sawa_(sawasaku)
29384,sawa_(snack_yoshie)
29385,sawa_(soranosawa)
29386,sawa_d
29387,sawa_jaaji
29388,sawada_kou
29389,sawada_yuusuke
29390,sawaki_(2d1ty)
29391,sawaki_ken
29392,sawamaharu
29393,sawamaru30
29394,sawamin
29395,sawamura_aoi
29396,sawamura_hikaru
29397,sawan_cutman
29398,sawana
29399,sawano_akira
29400,sawao
29401,sawara65
29402,sawara_(starligtvision)
29403,sawara_noa
29404,sawarabi_(sawarabi725)
29405,sawaragi
29406,sawarakajin
29407,sawararado
29408,sawasa
29409,sawashi_(ur-sawasi)
29410,sawatani_(chevalier_04056)
29411,sawatari_(sado)
29412,sawatari_kazuma
29413,sawatarou_(roto)
29414,sawati
29415,sawawse
29416,sawaya_(mizukazu)
29417,sawayaka_samehada
29418,sawayuzu
29419,sawch_cls
29420,sawitou_mizuki
29421,sawkm
29422,sawwei005
29423,saxasa_kisuk
29424,saxyun
29425,say0ran
29426,say_hana
29427,saya_(mychristian2)
29428,saya_(sayaya)
29429,saya_atang
29430,saya_pr
29431,sayaka_ikku
29432,sayakata_katsumi
29433,sayama_yoshiki
29434,sayamai_miyabi
29435,sayan
29436,sayanestia
29437,sayashi_(type5_labyrith)
29438,sayika
29439,saylamars
29440,sayo_tanku
29441,sayoko_(sayosny2)
29442,sayonaka_megumo
29443,sayonara444
29444,sayori_(neko_works)
29445,sayosayo-0
29446,sayossa_(pak-front)
29447,sayousuke
29448,sayoyonsayoyo
29449,sayu030b
29450,sayu_(mio-mosa)
29451,sayuu_hanten
29452,sayuuiede
29453,sayuumigi
29454,sayuwan
29455,saz_(sazin764)
29456,sazaki_hiyoru
29457,sazaki_ichiri
29458,sazamiso_rx
29459,sazanami_(re_n_rentaro)
29460,sazanami_(ripple1996)
29461,sazanami_konami
29462,sazanami_mio
29463,sazanami_shione
29464,sazanami_tarou
29465,sazanka
29466,sb_(akagikeai)
29467,sb_lama
29468,sbbs
29469,sbel02
29470,sbgpand
29471,sbgu
29472,sbql_(niaunclefan)
29473,sbs
29474,sc_naru
29475,scal2let
29476,scalizo
29477,scanning
29478,scarf_(50464982)
29479,scarlet23i0
29480,scarlet_(studioscr)
29481,scarlet_(wv0102)
29482,scarlet_dango
29483,scarlet_zel
29484,scarletsky
29485,scarlett_(artist)
29486,scathegrapes
29487,scatter_milk
29488,scavia10
29489,scbstella
29490,sch
29491,scharfschutze
29492,schatten
29493,schelz
29494,schizoid
29495,schreibe_shura
29496,schwarz_rubin
29497,sciamano240
29498,scocks4you
29499,scorpion5050
29500,scotch_(cookie)
29501,scott_malin
29502,scottie_(phantom2)
29503,scr.e
29504,scrap_iron
29505,scrapy
29506,scruffyturtles
29507,sculp2
29508,scup
29509,sd_bigpie
29510,sdwing
29511,sdz_(inazuma)
29512,se-u-ra
29513,se.a
29514,sea_foam
29515,sea_nami
29516,sea_scorpion_(umisasori)
29517,seabread
29518,seal_007
29519,seallllion
29520,seamonsterping
29521,seanji_sariel
29522,seapall
29523,seasideiiii
29524,seasonanimes
29525,sebakanken
29526,sebas_murasaki
29527,sebijy
29528,sebin_13
29529,sebire
29530,sebon_(sebochin)
29531,seboneko
29532,sebu_illust
29533,sebunsu
29534,sebychu
29535,sechi_(sechihyeo)
29536,sechi_(stst1850)
29537,sechin
29538,sechka
29539,secon
29540,second_heaven
29541,secretbusiness
29542,secretfj520
29543,sedai
29544,seedark
29545,seedflare
29546,seedkeng
29547,seeds328
29548,seeker
29549,seele0907
29550,seero
29551,seeshin_see
29552,segamark
29553,segami
29554,segami_daisuke
29555,segawa_haruna
29556,segawa_luna
29557,segaxtu
29558,sei000
29559,sei5osuzuki
29560,sei_(0724sei6)
29561,sei_(bigaa)
29562,sei_(kaien_kien)
29563,sei_(seiryuuden)
29564,sei_8220
29565,sei_shoujo
29566,seicoh
29567,seidou_(tukinomiyako)
29568,seigetsu_kotaku
29569,seihekiog
29570,seiji_(artman)
29571,seijousai
29572,seijun
29573,seijun_(seijun01)
29574,seijyohu
29575,seika_(osbuzr)
29576,seika_okawari
29577,seikatsu
29578,seikonsuco2
29579,seilidare
29580,seilindekos
29581,seimannu
29582,seina1211
29583,seinen
29584,seinikuten
29585,seio_(nao_miragggcc45)
29586,seion
29587,seirakun3
29588,seiran_(mousouchiku)
29589,seirei_(mimi_toka)
29590,seireiart
29591,seirorath
29592,seiru_(prairie)
29593,seiryouinryousui
29594,seisui_bar
29595,seisyuntarotto
29596,seitei_(04seitei)
29597,seito_edaha
29598,seitsuji
29599,seityr
29600,seiun_(hoshigumo_72)
29601,seiya_(iiseven)
29602,seiya_hoshiko
29603,seizou_hidzuke
29604,sekai_saisoku_no_panda
29605,sekaihebi
29606,sekaiitinoki
29607,sekaineko_001
29608,seki_(hyokosho)
29609,seki_(l0410706268)
29610,seki_(red_shine)
29611,seki_suzume
29612,sekichuu_(unholywars12)
29613,sekiguchi_kanami
29614,sekihan
29615,sekihara_umina
29616,sekijaku
29617,sekimo
29618,sekina
29619,sekine_irie
29620,sekino_takehiro
29621,sekira_ame
29622,sekiri
29623,sekisei
29624,sekisei_(superego51)
29625,sekitaku
29626,sekitsuki_hayato
29627,sekiya_asami
29628,sekiya_kuzuyu
29629,sekiyu.
29630,sekiyu_(spartan)
29631,sekka_koyori
29632,seku_000
29633,selby
29634,selcky
29635,selkiro
29636,sellel
29637,selyg15
29638,sema_(vivaviva_02)
29639,semahiro
29640,semham
29641,semi_(p-poco)
29642,semi_colon
29643,semi_draws
29644,semidou_jun
29645,semikichi
29646,semimarusemi
29647,seminoyu
29648,sempon_(doppio_note)
29649,sen'yuu_yuuji
29650,sen-jou
29651,sen1986
29652,sen_(5710265)
29653,sen_(astronomy)
29654,sen_(aypj8447)
29655,sen_(daydream_53)
29656,sen_(sansui)
29657,sen_(sen0910)
29658,sen_(sen42724788)
29659,sen_(sennosenn1127)
29660,sen_jin_chen
29661,sen_light
29662,sen_nai
29663,sen_squid
29664,sena_(mineruba)
29665,sena_8ito
29666,sena_chifuyu
29667,sena_kizahashi
29668,sena_monaco
29669,sena_yuuta
29670,senada37
29671,senaka_look
29672,senamashiro
29673,senano-yu
29674,senasolumi
29675,senba_chidori
29676,senbei_(avocadochaya)
29677,senbei_(senbe_i)
29678,senbiki_(nonono69)
29679,senbon_tsuki
29680,senbonsang
29681,sencha_(senchat)
29682,sencha_(senta_10)
29683,senchan_7
29684,sendai_(nazonomono)
29685,sendo_(sendrawz)
29686,seneka_grafika
29687,seneto
29688,sengoku_aky
29689,sengoku_chidori
29690,senhaku
29691,senhappyaku
29692,senji_(tegone_spike)
29693,senjochi_janai
29694,senjou_no_pentsu
29695,senjouhara_nira
29696,senju_(snz0)
29697,senju_(uroakono)
29698,senju_yosiyuki
29699,senka-san
29700,senkane
29701,senkyoushi_gondolf
29702,senmen_kinuko
29703,senmu_(0107)
29704,senmu_(senmudayo)
29705,senmura
29706,sennen_suisei
29707,sennmannkai2929
29708,senno_aki
29709,sennsu
29710,seno_(senohime)
29711,senomoto_hisashi
29712,senon
29713,senoo_aoi
29714,senpaihawkkun
29715,senra_banshou
29716,senri_(hrydy_o)
29717,senri_(nazerine)
29718,senri_(senri03151221)
29719,senri_(senri_sen)
29720,senri_gan
29721,senriyama
29722,senryoko
29723,sensaki_chihiro
29724,sensen
29725,senshiya
29726,senta_(ysk_0218)
29727,sentaku-bune
29728,sentaku_nori
29729,sentape
29730,sentarou
29731,sento_(iroiro_gottani)
29732,sentou
29733,sentou_kouhei_kitsune
29734,sentouryoku_5
29735,sentter
29736,senukin
29737,senya_fuurin
29738,senzaicha_kasukadoki
29739,senzaki_makoto
29740,senzi
29741,senzo6700
29742,senzoc
29743,senzzang
29744,seo_garam
29745,seo_haruto
29746,seo_jaiil
29747,seo_kouji
29748,seo_tatsuya
29749,seoji
29750,seoki_(hi3031)
29751,seoltang_(nitro_sugar)
29752,seomouse
29753,seon_(seonon_)
29754,seorang
29755,seoyong
29756,sephikowa
29757,septet_(zrca_janne)
29758,sera_(serappi)
29759,serafineart1001
29760,serafleur
29761,serakoutarou
29762,seramikku
29763,seraphim_throne
29764,seraphina
29765,seraphitalg
29766,seraziel
29767,serebi_ryousangata
29768,serelith
29769,seren_(staphy)
29770,sereneandsilent
29771,sergei_(pattundo)
29772,seri_(vyrlw)
29773,seri_(yuukasakura)
29774,serie_niai
29775,serieru_(summertosuika)
29776,serika
29777,serike_w
29778,serin199
29779,serina_ranshi
29780,serino_itsuki
29781,serious_graphics
29782,seriponpoyon
29783,serizawa_(serizawaroom)
29784,serizawa_enono
29785,serizawa_mutsuki
29786,serjatronic
29787,sero3eta
29788,serori_(koredemoka)
29789,serota
29790,serpent_(pepepp39)
29791,servachok
29792,seryu_oekaki
29793,sese_nagi
29794,sesen2000
29795,sesena_yau
29796,seseragi_azuma
29797,seseri_aoba
29798,seshiya
29799,sesield
29800,sesmkun
29801,sessue
29802,set7
29803,setakman
29804,sethkiel
29805,sethxzoe
29806,setmen
29807,seto_(asils)
29808,seto_(harunadragon)
29809,seto_tinami
29810,setona_(daice)
29811,setou_(bpdne)
29812,setouchi_kurage
29813,setsugetsuka436
29814,setsunano
29815,setsuri_(tubaki)
29816,setta_shu
29817,settyaro
29818,setu_(shining12)
29819,setu_kurokawa
29820,setz
29821,seu_kaname
29822,seuga
29823,seum_(kao_husband)
29824,seung-aeja
29825,seungju_lee
29826,seura_isago
29827,seushiki_(ponti-ron)
29828,seven_(shijima)
29829,seven_(sixplusone)
29830,sevenchi
29831,seventeen_(st17215)
29832,seventeencrows
29833,sevi_(seviyummy)
29834,sevie
29835,sevkyi
29836,sevlhd_hero
29837,sevten_(ashkeroth)
29838,sewenan
29839,seya_(sseya33)
29840,seymour_(sai_lu_er)
29841,seyo
29842,sezok
29843,sflake_song
29844,sg_(esujii)
29845,sg_(satoumogumogu)
29846,sg_(suuchan)
29847,sg_(under_siiiiii)
29848,sgawarananto
29849,sgb
29850,sgholln
29851,sgk
29852,sgrimp
29853,sgt-jz
29854,sgt_crisis
29855,sgt_lonely
29856,sgwyi
29857,sh_(shinh)
29858,sha2mo
29859,sha_(isago)
29860,sha_(nz2)
29861,sha_(shareddelicious)
29862,sha_(siasha0104)
29863,shaa
29864,shabana_may
29865,shabi96522
29866,shabomu
29867,shachi_(d09_0rca)
29868,shachi_(kaisendon)
29869,shachi_kamaboko
29870,shacho_(ko_no_ha)
29871,shachoo.
29872,shachoo_(poco_poco)
29873,shacttainw
29874,shade_of_trees
29875,shadeofshinon
29876,shadertoons
29877,shadman
29878,shadow71580825
29879,shadow_(modeler3622)
29880,shadow_cat_(yingmiao)
29881,shadowcero
29882,shaffelli
29883,shafurakafusha
29884,shagaihi
29885,shaggy_susu
29886,shaian
29887,shailo
29888,shain
29889,shain_roki
29890,shainea
29891,shaito
29892,shaka_(staito0515)
29893,shakata_(syakatan)
29894,shake-o
29895,shake_(shyakep)
29896,shake_sawa
29897,shakeda_mamoshirou
29898,shakeko_(shake5)
29899,shakemi_(sake_mgmgmg)
29900,shaketarako
29901,shakeza
29902,shakkiyi
29903,shako_(syakoba3)
29904,shal.e
29905,shaliva
29906,shamakho
29907,shamisen_(syami_sen)
29908,shamo_(koumakantv)
29909,shamo_(ptwmjgda)
29910,shamonabe
29911,shamuichi
29912,shan
29913,shan23852196
29914,shan_(shanshankuo)
29915,shan_(ti0n)
29916,shan_far
29917,shan_grila
29918,shan_gui_yu_yao
29919,shanabi0610
29920,shanaharuhi
29921,shands
29922,shaneru
29923,shanghai_bisu
29924,shanghai_man
29925,shanghmely
29926,shanguier
29927,shangurira
29928,shano-pirika
29929,shano_hiyori
29930,shanshanziyu
29931,shant_07
29932,shanyao_jiang_tororo
29933,shanyeyuri
29934,shao_(newton)
29935,shao_(shaorouhong)
29936,shao_ziye
29937,shaojiang
29938,shaomin
29939,shaonav
29940,shapoco
29941,shara_(syara_so_ju)
29942,shararan
29943,shardanic
29944,sharekoube
29945,sharen
29946,shari_cote
29947,sharktuna
29948,sharkudon
29949,sharl0ck
29950,sharlorc
29951,sharp_to_sharp
29952,sharpffffff
29953,sharpycharot
29954,sharumon
29955,shasha_(shasha159357)
29956,shashaki
29957,shatiko
29958,shaun_healey
29959,shawn358
29960,shayoo
29961,shchrit
29962,she_(morianosu)
29963,she_li_(lynxm)
29964,shedar
29965,shee_take
29966,sheep_shin
29967,sheep_sleep
29968,sheepd
29969,shefu
29970,shei99
29971,sheita
29972,shell_(shell518)
29973,shell_ocean
29974,shellvi
29975,shen_bi_ren_(user_rjgy2824)
29976,shen_li
29977,shenaa
29978,shenaidi
29979,shenanimation
29980,shenbei_xiaoqiu
29981,shengkai167
29982,shengtaki
29983,shengtian
29984,shenhai_(2556146833)
29985,shenhaihua
29986,shennai_misha
29987,shenqi_(toid310)
29988,shenqi_de_(9)
29989,shenqi_xiao_hong_zai_nali
29990,shenqi_xiaohuang
29991,shenshan_laolin
29992,shenteita
29993,shepherd0821
29994,sher_(imnotsher)
29995,sherman_(egnk2525)
29996,sherry_0014
29997,sherry_lai
29998,sherryqq
29999,sherumaru_(korcht06)
30000,sheryama
30001,sheska_xue
30002,shexyo
30003,sheya
30004,sheya_tin
30005,sheyona
30006,shhilee
30007,shi-2
30008,shi-chen
30009,shi-ro
30010,shi646
30011,shi_(kamokamo910)
30012,shi_(shi4557)
30013,shi_chimi
30014,shi_ecchi
30015,shi_mohaji
30016,shi_oo
30017,shi_xu_jiu_zhou
30018,shi_zhuzi_da
30019,shia_(shi12_poke)
30020,shia_job
30021,shiabisu
30022,shian_(my_lonly_life.)
30023,shianebulae
30024,shiawase_hougan
30025,shiawase_usagi
30026,shiba257
30027,shiba_(s_hi_ba_)
30028,shiba_(tonari_no_shiba_inu)
30029,shiba_(zudha)
30030,shiba_0
30031,shiba_inu_(j1piwzrj8xdzywk)
30032,shiba_itsuki
30033,shiba_nanasei
30034,shiba_prmn
30035,shiba_shiba
30036,shiba_yuuji
30037,shiba_yuuki
30038,shiba_yuusuke
30039,shibacha
30040,shibaebi_(yasaip_game)
30041,shibafu_(glock23)
30042,shibagami
30043,shibainu
30044,shibainu_kisetsu
30045,shibainu_niki
30046,shibainutank
30047,shibakaka
30048,shibakame
30049,shibakarisena
30050,shibakure_inuwo
30051,shibamine_takashi
30052,shibamoto_thores
30053,shibanashi_miso
30054,shibanme_tekikumo
30055,shibano_kaito
30056,shibao_aoyama
30057,shibasaki_shouji
30058,shibata_masahiro
30059,shibata_rai
30060,shibatenko
30061,shibayuki
30062,shibbunny
30063,shibedraws
30064,shibi
30065,shibori_kasu
30066,shiboru
30067,shibuki_kamone
30068,shiburingaru
30069,shibusun
30070,shibuya_(kurokamishain)
30071,shibuya_susano
30072,shibuzoh
30073,shichi_(ratorin53)
30074,shichibee_(stm_mimi)
30075,shichigatsu
30076,shichijou_natori
30077,shichimenchou
30078,shichimi_(ftlvampire32)
30079,shichinose
30080,shichisaburo
30081,shichouson
30082,shida_(xwheel)
30083,shida_kazuhiro
30084,shidaccc
30085,shidaidaka
30086,shidare_(youh4016)
30087,shidatsu_takayuki
30088,shide_kouri
30089,shideboo_(shideboh)
30090,shiden_(sashimi_no_wife)
30091,shidoh279
30092,shiduki_eku
30093,shie_(m417)
30094,shiej007
30095,shien_(tatunokoshien00)
30096,shieriru
30097,shiero.
30098,shift_(shiftillust)
30099,shift_(waage)
30100,shifumame
30101,shigaoka
30102,shigaraki_(strobe_blue)
30103,shigatake
30104,shigatsu_(4gate)
30105,shigatsu_(soratobuusagi)
30106,shigatsu_shizuki
30107,shige
30108,shigehiro_(hiroi_heya)
30109,shigekikkusu
30110,shigemitsu_jun
30111,shigemiya_kyouhei
30112,shigen
30113,shigen_pr
30114,shigenobu
30115,shigeru
30116,shigeryun
30117,shigeshiro_hideto
30118,shigeta_(yankeehamama)
30119,shigetake_(buroira)
30120,shigezie
30121,shigino_sohuzi
30122,shiguko
30123,shiguma_(signalmass)
30124,shigumo_(shigeru)
30125,shigunyan
30126,shigure_(shigure_43)
30127,shigure_(sigre)
30128,shigure_ryuunosuke
30129,shigure_s
30130,shigure_ui
30131,shiguren_39
30132,shigureru
30133,shigureszku
30134,shigureteki
30135,shiguri
30136,shigurio
30137,shihatsu-chan_(densya_t)
30138,shihira_tatsuya
30139,shihou_(g-o-s)
30140,shihou_haru
30141,shii595
30142,shii_(kairi-t-k0317)
30143,shii_(no-va_could)
30144,shiiba_aki
30145,shiiba_nae
30146,shiika_sadamasa
30147,shiika_yuno
30148,shiikeru
30149,shiimai
30150,shiime
30151,shiina_(vuurrood)
30152,shiina_1001
30153,shiina_aoi
30154,shiina_aya
30155,shiina_excel
30156,shiina_kuro
30157,shiina_shian
30158,shiina_takashi
30159,shiina_you_(tomoshibi)
30160,shiina_yuu
30161,shiina_yuuki
30162,shiino_(shi_no_q)
30163,shiino_sera
30164,shiinoyuko
30165,shiinyan
30166,shiiorina
30167,shiira
30168,shiira_(nya_rl)
30169,shiitake_(gensoudou)
30170,shiitake_(mm0820)
30171,shiitake_nabe_tsukami
30172,shiitake_taishi
30173,shiitake_urimo
30174,shiizaki_hinaki
30175,shijie_jianfa
30176,shijima_(4jima)
30177,shijima_(agkm)
30178,shijima_(shijima_tc)
30179,shijima_(sjmr02)
30180,shijima_(tanfn)
30181,shijima_tohiro
30182,shijimi_(sijimi1917)
30183,shijimi_(taurin69)
30184,shijimi_kozou
30185,shijiubashuazi
30186,shijohane
30187,shijukara_(great_tit)
30188,shika_(s1ka)
30189,shika_(shika0)
30190,shika_miso
30191,shikai_(iesiki_56)
30192,shikajima_shika
30193,shikanari
30194,shikato_miyo
30195,shikaya
30196,shikei
30197,shiki4winter
30198,shiki_(0802makimari)
30199,shiki_(catbox230123)
30200,shiki_(kisikisi1007)
30201,shiki_(love-saber)
30202,shiki_(no-reply)
30203,shiki_(psychedelic_g2)
30204,shiki_(shikki46)
30205,shiki_59
30206,shiki_fanart
30207,shiki_hamaguri
30208,shiki_hinako
30209,shiki_karuta
30210,shiki_kyouzoku
30211,shiki_makoto
30212,shiki_samapoke
30213,shiki_takuto
30214,shikido_(khf)
30215,shikidouji
30216,shikimi_(yurakuru)
30217,shikina_(mochigushi_)
30218,shikinagi
30219,shikino_(sikinonono)
30220,shikino_yuki
30221,shikinyan
30222,shikiri
30223,shikishima_(eiri)
30224,shikishima_fugen
30225,shikishima_gangu
30226,shikisokuzeku76
30227,shikito_(yawa0w0)
30228,shikiwo
30229,shikke_gnsn
30230,shikkoku_neko
30231,shikkoku_no_hono_mikado
30232,shikniful
30233,shikokuken_(mrykk24)
30234,shikosour
30235,shikou_sakugo_(qqap9gt9k)
30236,shikube
30237,shikuro_(iorimiyakiyo)
30238,shikushiku_(amamori_weekly)
30239,shikuta_maru
30240,shilin
30241,shillo
30242,shima-shuu
30243,shima108
30244,shima46
30245,shima_(fm_90mhz)
30246,shima_(sh1mamu)
30247,shima_(vivi_do)
30248,shima_(wansyon144)
30249,shima_(wideshi_ma)
30250,shima_16bit
30251,shima_chiyo
30252,shima_haruka_(ruetrica)
30253,shima_koume
30254,shima_riu
30255,shima_tokio
30256,shima_udon
30257,shima_usagi
30258,shima_yukiwa
30259,shimada_(dmisx)
30260,shimada_(smd_dms)
30261,shimada_fumikane
30262,shimada_sarasara
30263,shimadoriru
30264,shimadouma
30265,shimaji
30266,shimakaze_(soundz_of_bell)
30267,shimakoma
30268,shimamura_hidekazu
30269,shimamura_miwa
30270,shimana_(cs-ts-az)
30271,shimanakao_(shimanaka_sushi)
30272,shimano
30273,shimano_natsume
30274,shimanoji
30275,shimanoko
30276,shimarisu_yukichi
30277,shimasato
30278,shimashi_(mori_no_sato)
30279,shimashima_(simasima_23)
30280,shimashima_nezumi
30281,shimashiro_itsuki
30282,shimashun
30283,shimatori_(sanyyyy)
30284,shimazaki1152
30285,shimazaki_mari
30286,shimazaki_mujirushi
30287,shimazoenohibi
30288,shimazu_tekkou
30289,shimeji_(4_me_ji)
30290,shimeji_wyvern
30291,shimejinameko
30292,shimekake
30293,shimeko
30294,shimeno_puni
30295,shimesaba_(simesabaikka)
30296,shimesaba_kohada
30297,shimeta_hiromitsu
30298,shimetta_masuta
30299,shimetta_seiya
30300,shimhaq
30301,shimimaru
30302,shiming_liangjing
30303,shimizu_keitaro
30304,shimizu_megumi_(m_acquerello)
30305,shimizu_naotaka
30306,shimizu_pem
30307,shimizu_tomoki
30308,shimkarom
30309,shimmer
30310,shimo-san
30311,shimo_(depthbomb)
30312,shimo_(shimo332215)
30313,shimoda_masaya
30314,shimofuji_jun
30315,shimofuri
30316,shimofuri_kaeru
30317,shimogamo_(shimomo_12)
30318,shimogamo_koushi
30319,shimogu
30320,shimoguchi_tomohiro
30321,shimoku_reyu
30322,shimomoto
30323,shimon_(31426784)
30324,shimoogawa
30325,shimosazami
30326,shimosuke
30327,shimotsuki_aoi
30328,shimotsuki_eight
30329,shimotsuki_iko
30330,shimotsuki_juugo
30331,shimotsuki_keisuke
30332,shimotsuki_niko
30333,shimotsuki_shio
30334,shimotsukishin
30335,shimouki_izui
30336,shimura_(hosshi)
30337,shimura_takako
30338,shimure_(460)
30339,shin'ichi_(yokosuka220)
30340,shin'ya_(nanp)
30341,shin'ya_(shin'yanchi)
30342,shin'ya_natsuki
30343,shin'yashiki
30344,shin01571
30345,shin1ar24
30346,shin9tani
30347,shin_(highest1192)
30348,shin_(irowanioedo)
30349,shin_(new)
30350,shin_(shin_k009)
30351,shin_(shnnnnrn1)
30352,shin_(sin-maniax)
30353,shin_(sinsin12121)
30354,shin_(ultramarine430)
30355,shin_insh
30356,shin_maboroshi
30357,shin_murasame
30358,shin_no_tenpii
30359,shin_yama3
30360,shina_shina
30361,shinabita_nasubi
30362,shinae
30363,shinagawa_mikuzu
30364,shinama
30365,shinamoku00
30366,shinano_yura
30367,shinanoya_(satanicad)
30368,shinapuu
30369,shinaso_(sachi-machi)
30370,shinatsukou
30371,shinba_yagi
30372,shinbashi_seiji
30373,shinburu
30374,shinchou_ni_kansuru_kousatsu
30375,shindayomon
30376,shindiyue
30377,shindo_hachigo
30378,shindoi_akio
30379,shindol
30380,shindou_(fuguri)
30381,shindou_kamichi
30382,shindou_mikeko
30383,shine_cheese
30384,shinebell
30385,shinekalta
30386,shing_(sorairo_factory)
30387,shingetsu_(doru0222)
30388,shingetsu_takehito
30389,shingo.
30390,shingo_(missing_link)
30391,shingo_(picturepuzzle)
30392,shingyou_(alexander-13)
30393,shingyouji_tatsuya
30394,shinia
30395,shinigami0139
30396,shinigami_(tukiyomiikuto)
30397,shinigami_kiraki
30398,shinishi_chiho
30399,shinjiro
30400,shinjitsu
30401,shinjitsu_(true_ride)
30402,shinjitsu_no_kuchi
30403,shinjou_satomi
30404,shinjou_takuya
30405,shinka_(yonkun121)
30406,shinkai_no_shachi
30407,shinkai_toro
30408,shinkaisoku
30409,shinkaui
30410,shinkawa_youji
30411,shinketsu_kanyu
30412,shinki_(shinki59)
30413,shinku_p
30414,shinkuukan_(tetsuo3)
30415,shinmai_(kyata)
30416,shinmon_akika
30417,shinnasuka025
30418,shino-o
30419,shino-puchihebi
30420,shino8504
30421,shino_(2919)
30422,shino_(comic_penguin_club)
30423,shino_(eefy)
30424,shino_(mijinko)
30425,shino_(moi_0142)
30426,shino_(moment)
30427,shino_(ponjiyuusu)
30428,shino_(r_shughart)
30429,shino_(shinderera)
30430,shino_(shino-xx)
30431,shino_(shino_dgs)
30432,shino_(sinotaro_)
30433,shino_(syllable)
30434,shino_(yaruki_nai_yatsu)
30435,shino_duka
30436,shino_megumi
30437,shino_skk
30438,shino_sto
30439,shino_yuki
30440,shinoasa
30441,shinobe
30442,shinobu_(tyno)
30443,shinocco
30444,shinoda_giri
30445,shinoe_nun
30446,shinogo_no
30447,shinogu_r
30448,shinohara_shinome
30449,shinoi
30450,shinomaru_hajime
30451,shinomiya_ino
30452,shinomiya_nanase
30453,shinomiya_shino_(sinosino141)
30454,shinomu_(cinomoon)
30455,shinomy
30456,shinonogi
30457,shinonoko
30458,shinonoko_(tubamecider)
30459,shinonome86
30460,shinonome_(game_hakkutsu_tai)
30461,shinonome_(ichigotsuki)
30462,shinonome_(shinonome_rynn)
30463,shinonome_asu
30464,shinonome_haru
30465,shinonome_kazuhiko
30466,shinonome_mozuku
30467,shinonome_neko-tarou
30468,shinonome_nemu_(nemulog_sn)
30469,shinonome_pinano
30470,shinonome_sakura
30471,shinonome_ukyu
30472,shinonon_(iso_shino)
30473,shinoo0915
30474,shinori
30475,shinori_(efvbji6264)
30476,shinota12
30477,shinotarou_(nagunaguex)
30478,shinovi
30479,shinozaki_kyouko
30480,shinozuka_atsuto
30481,shinozuka_jouji
30482,shinozuki_takumi
30483,shinpei_(shimpay)
30484,shinryou_rei
30485,shinsaku_(stan-art)
30486,shinsei_tomato
30487,shinsekki
30488,shinshia
30489,shinshia_(sinsia_0928)
30490,shinshin
30491,shinsono_shiroko
30492,shinsuke_(moccori)
30493,shintani_tsushiya
30494,shintarou
30495,shintyoi2
30496,shinzousan
30497,shinzui_(fantasysky7)
30498,shio
30499,shio05_(05_sio)
30500,shio_(futatsumami)
30501,shio_(shiofeifei)
30502,shio_0585
30503,shio_butter_(obscurityonline)
30504,shio_ga
30505,shio_kouji_(shiokojii)
30506,shio_kuzumochi
30507,shioajiass
30508,shioda_(shioda_5)
30509,shiodanx
30510,shiodome_oji
30511,shiohachi
30512,shiohana
30513,shiohara_shin'ichi
30514,shiohari_kanna
30515,shiohi
30516,shioinu_kemushi
30517,shiokaze1409
30518,shiokonbu
30519,shiomachi
30520,shiomi_(lowrise)
30521,shiomiya_iruka
30522,shiomizu_(swat)
30523,shiomugi_(shio_mugi1107)
30524,shion1350
30525,shion_(kawasemi)
30526,shion_(kizuro)
30527,shion_(mirudakemann)
30528,shion_343
30529,shion_humine
30530,shiona_(siona0625)
30531,shione_(memento_forest)
30532,shioneko114
30533,shionji_ax
30534,shiono_(0303)
30535,shionootsu
30536,shionosuke
30537,shiontaso
30538,shionty
30539,shiori2525
30540,shiori_(moechin)
30541,shiory
30542,shiosato_jun
30543,shiosoda
30544,shiotsuki_kazuya
30545,shiozaki_ise
30546,shiozaki_yuji
30547,shipii_(jigglypuff)
30548,shippitsu
30549,shippori
30550,shipu_(gassyumaron)
30551,shiqicheng
30552,shira_(sirairo116)
30553,shira_ichigo_(ichigohou)
30554,shira_jun
30555,shira_yu_ki
30556,shiraba_(sonomama_futene)
30557,shirabaki
30558,shirabe_shiki
30559,shirabi
30560,shirafuji_ene
30561,shiraha_(pixiv10239953)
30562,shiraha_maru
30563,shirahama_kamome
30564,shirahane_nao
30565,shiraho_(color-56)
30566,shirai_keita
30567,shirai_sahuni
30568,shirai_tanuki
30569,shirai_yu
30570,shiraie
30571,shiraishi_(siraisi00)
30572,shiraishi_asuka
30573,shiraishi_kanoya
30574,shiraishi_kouhei
30575,shiraitoart983
30576,shiraiwa_usagi
30577,shiraiyu327
30578,shirakaba
30579,shirakawa_(whitemist)
30580,shirakawa_mayumi
30581,shirakawa_mey
30582,shirakawafel
30583,shirakawako
30584,shiraki_shiori
30585,shirakino
30586,shirako_(kirupi)
30587,shirako_(srk_srtk)
30588,shirako_miso
30589,shiramine_(srmn09)
30590,shiramori_sawa
30591,shiramori_yuse
30592,shirana_tamana
30593,shiranagi
30594,shirane_koitsu
30595,shirane_rine
30596,shirane_taito
30597,shirano
30598,shiranui_(nisioisin_sinob)
30599,shiranui_(wasuresateraito)
30600,shirasagi_rokuwa
30601,shirasaki_aloe
30602,shirasawa_kazane
30603,shirase_(shirose)
30604,shirase_rin
30605,shirasu_don
30606,shirasu_uni
30607,shirasu_youichi
30608,shirasuke_0822
30609,shirasumato
30610,shirata98
30611,shirataki
30612,shirataki_jiro
30613,shirataki_kaiseki
30614,shiratakiseaice
30615,shiratama_(hockey)
30616,shiratama_(monster1553)
30617,shiratama_(shiratamaco)
30618,shiratama_(siratama5656)
30619,shiratama_(siratama_ll)
30620,shiratama_dango
30621,shiratama_draw
30622,shiratama_mochi
30623,shiratama_yomogi
30624,shirato_sayuri
30625,shiratori_serano
30626,shiratori_yokikana
30627,shiratsuki_(royal_moon)
30628,shiratsuki_shiori
30629,shiratsuyu_(nagatukihakuro)
30630,shiratsuyu_mone
30631,shiraue_yuu
30632,shirayamakoma
30633,shirayuiii
30634,shirayuki_shion
30635,shirayuki_shoushirou
30636,shirayuki_towa
30637,shiren_(monochrome_structure)
30638,shiren_(ourboy83)
30639,shiriaru_(jjonaeng)
30640,shirihime
30641,shirika
30642,shirin_(tsukimiyagura)
30643,shirinda_fureiru
30644,shirl_geem
30645,shiro-inu
30646,shiro3necro
30647,shiro9jira
30648,shiro_(46isou)
30649,shiro_(branch0126)
30650,shiro_(kuro_guu)
30651,shiro_(nitto)
30652,shiro_(octet)
30653,shiro_(ongrokm)
30654,shiro_(reptil)
30655,shiro_(siro_kuten)
30656,shiro_albino
30657,shiro_ami
30658,shiro_font
30659,shiro_gisu
30660,shiro_hebi_rei
30661,shiro_kanae
30662,shiro_kunugi
30663,shiro_marimo
30664,shiro_maru
30665,shiro_oolong-cha
30666,shiro_shougun
30667,shiro_sousu
30668,shiro_tsugumi
30669,shiro_usagi
30670,shiro_wa_(shiroshironix)
30671,shiro_youduki
30672,shiro_yurine
30673,shiroaisa
30674,shirocha_tei
30675,shirofugu
30676,shirogami_seisho
30677,shirogane_(cufsser)
30678,shirogane_(fox)
30679,shirogane_(platinum)
30680,shirogane_hakuba
30681,shirogane_hina
30682,shirogane_rio_(artist)
30683,shirohebidou
30684,shiroi_(shiroicbe)
30685,shiroi_hakuto
30686,shiroi_karasu
30687,shiroi_ou
30688,shiroi_tansu
30689,shiroi_ume
30690,shiroi_yoru
30691,shiroie_mika
30692,shiroino_(shirayuki_mutsuki)
30693,shiroiro_en
30694,shiroiurushi
30695,shirokaba114
30696,shirokitsune
30697,shirokujira
30698,shirokuma-kun
30699,shirokuma_(nankyoku)
30700,shirokuma_(zeroillya)
30701,shirokuma_a
30702,shirokumall
30703,shirokumaou
30704,shirokuroma_29
30705,shiroma_(mamiko)
30706,shiromako
30707,shiromamekei
30708,shiromanta
30709,shiromaru_(maniado)
30710,shiromaru_illust
30711,shiromi_(ringo)
30712,shiromikan
30713,shiromimin
30714,shiromine_kana
30715,shiromiso
30716,shiromitsu_suzaku
30717,shiromiza_kana
30718,shiromoca
30719,shiromochi_sakura
30720,shiromomo
30721,shiromonefu
30722,shiromoru_(yozakura_rety)
30723,shiron_(moze)
30724,shiron_(shiro_n)
30725,shironagasu_senpai
30726,shirone_(coxo_ii)
30727,shironeko_haru
30728,shironeko_sanbou
30729,shironeko_yuuki
30730,shironekoban
30731,shironekokfp
30732,shironekonokiki
30733,shironism
30734,shirono
30735,shirono_kuma
30736,shiroobi_(whitebeltmaster)
30737,shirop_imas
30738,shirorin_(ballet_girl's)
30739,shiroromi
30740,shiroron_mochi
30741,shirosaba
30742,shirosaki_london
30743,shirosame
30744,shirosato
30745,shirosei_mochi
30746,shiroshi_(denpa_eshidan)
30747,shiroshisu
30748,shirosu
30749,shirosuzu
30750,shirota69
30751,shirota_(petapeta84)
30752,shirota_(takoyaki_110721)
30753,shirota_dai
30754,shirota_mizuki
30755,shirotae_moyashi
30756,shirotaka_(5choume)
30757,shirotaka_(shirotaka)
30758,shirotaso0818
30759,shirotategosha
30760,shiroto_iku
30761,shiroton_(kazamineko)
30762,shirotsuki_kouta
30763,shirotsuki_shirone
30764,shirotsume_143
30765,shirotsumekusa
30766,shirou_(shiro_uzr)
30767,shirou_(vista)
30768,shirouri
30769,shirousa
30770,shirousagi_(sirousagi1998)
30771,shirousagi_uyu
30772,shirouzu_myuuta
30773,shirow_(crazy)
30774,shirow_(mha03133)
30775,shirow_masamune
30776,shiroyasha
30777,shiroyukimajima
30778,shirubaa
30779,shirubaburu
30780,shiruko
30781,shiruko_(s1ruko)
30782,shirukokko
30783,shirushi_06
30784,shirushiki
30785,shirushiru_(saitou888)
30786,shisa_co
30787,shisaki_tayu
30788,shisantian
30789,shise_(agepan)
30790,shisei_(kyuushoku_banchou)
30791,shiseki_hirame
30792,shishamo_(domado)
30793,shishamo_712
30794,shishanmo
30795,shishi_(kuroear99)
30796,shishi_juuroku
30797,shishi_osamu
30798,shishigami_(sunagimo)
30799,shishikai
30800,shishiky
30801,shishima_eichi
30802,shishimaru_ken'ya
30803,shishin_(shishintei)
30804,shishina
30805,shishinon
30806,shishio_(shishio5431)
30807,shishiodoshi
30808,shishiruto
30809,shishishi
30810,shishou_(doragyurosu)
30811,shishui_guima
30812,shiso_azuki
30813,shiso_i4
30814,shisoneri
30815,shisotex
30816,shisshou_senkoku
30817,shisui
30818,shisui_(5830217)
30819,shitacemayo
30820,shitappa
30821,shitou
30822,shitou_(1992116210)
30823,shitou_(4h)
30824,shitsu_(kurikaesi)
30825,shitsugaikotsu
30826,shitsurakuen_(paradise_lost)
30827,shitto_mask_(shittoden)
30828,shituzi
30829,shiu_kyu
30830,shiumai
30831,shiun_(siun_5513)
30832,shiunnkaku
30833,shiwa_(siwaa0419)
30834,shiwashiwa_no_kinchakubukuru
30835,shiwasu_horio
30836,shiwasu_no_okina
30837,shiwasu_takashi
30838,shiwasuzuki
30839,shiwo
30840,shiwo_(siwosi)
30841,shiwudesu
30842,shiya
30843,shiying_no_yao
30844,shiyoheee
30845,shiyoo
30846,shiyun
30847,shiyurinpu
30848,shize_(coletti)
30849,shizhong_wu_di_fushang
30850,shizu25
30851,shizui_fen
30852,shizuki_airu
30853,shizuki_aya
30854,shizuki_michiru
30855,shizuki_sayaka
30856,shizuko_hideyoshi
30857,shizuku_hky
30858,shizuma_yoshinori
30859,shizumi_satou
30860,shizumu_(shi_zumu)
30861,shizuna_kaede
30862,shizuoxing_kof
30863,shizupu
30864,shizuru_(daikoukaizidai)
30865,shnva
30866,sho-n-d
30867,sho_(runatic_moon)
30868,sho_(shirojiro_kuroguro)
30869,sho_(sho_lwlw)
30870,sho_(shoshos_8888)
30871,sho_(sumika)
30872,sho_(wnmf3234)
30873,sho_2nini
30874,sho_bu_1116
30875,sho_yai
30876,shocho
30877,shocho_(shaojiujiu)
30878,shockwhite3
30879,shoco_(sco_labo)
30880,shoe-ji
30881,shoeguy
30882,shogo_(4274732)
30883,shogo_(shogo70449442)
30884,shohje
30885,shoichi_(ekakijin)
30886,shoji_sakura
30887,shokabatsuki
30888,shokikanes
30889,shokill
30890,shokkaa_(shmz61312)
30891,shokkin
30892,shoko_(gs_music11)
30893,shoko_makiko
30894,shokobr
30895,shokorate
30896,shokuen_(oxstl)
30897,shokugyo
30898,shokun_2
30899,shokushi_yuu
30900,shokuyou_koori
30901,shokuyou_mogura
30902,shometsu-kei_no_teruru
30903,shone
30904,shoochiku_bai
30905,shoohee
30906,shooko
30907,shoonia
30908,shoori_(migiha)
30909,shooting428star
30910,shopyun
30911,shoron
30912,shortofsugar
30913,shoshika8888888
30914,shosho_oekaki
30915,shosudo
30916,shot_(shot0598)
30917,shotan
30918,shotgunman
30919,shou937
30920,shou_(mori_boro)
30921,shou_fuji
30922,shou_ienaga
30923,shou_illust
30924,shou_mai
30925,shou_rou
30926,shou_shishi
30927,shou_xian_wu
30928,shou_xun_bu_liang
30929,shouen_kigashi
30930,shougakusei
30931,shougayaki_(kabayaki_3)
30932,shougi_(116)
30933,shougo-akira
30934,shougun_(chuckni1)
30935,shouhaku0512
30936,shouhei
30937,shouhou-san_daisuki_teitoku
30938,shouhui_lang_qun
30939,shouin
30940,shouji_ayumu
30941,shouji_nigou
30942,shoujo_donburi
30943,shoujo_l
30944,shoukaki_(earthean)
30945,shoukichi_(shony)
30946,shouko_(airen)
30947,shouma_(1026syoma)
30948,shouma_(bravespiritya)
30949,shoumaru_(gadget_box)
30950,shouna_mitsuishi
30951,shounan_no_tamasu
30952,shounen_(hogehoge)
30953,shouni_(sato3)
30954,shounibyou_(shonibyodayo)
30955,shouno_kotarou
30956,shoura
30957,shourai
30958,shourin_bonzu
30959,shourou_kanna
30960,shousan_(hno3syo)
30961,shousan_bouzu
30962,shousetsu
30963,shoutaro_saito
30964,shoutarou_(shoutarotttt)
30965,shouu-kun
30966,shouxishao_jiuyuan
30967,shouyan
30968,shouz
30969,shouzuo
30970,shovelwell
30971,show_(rinnetenshow)
30972,show_chiku-by
30973,showers-u
30974,showerz
30975,showhey!!
30976,shown
30977,showtime775
30978,shozoku
30979,shpo
30980,shrie
30981,shrimp1634
30982,shrimp_3
30983,shrimp_cake
30984,shrimp_cc
30985,shrimpman
30986,shroedinger
30987,shromann
30988,shu-mai
30989,shu-ten
30990,shu-z
30991,shu10
30992,shu_(loveeater)
30993,shu_(pjxv7485)
30994,shu_bii
30995,shu_bing
30996,shu_kunkuokuozi
30997,shuaigegentou
30998,shuan_0420
30999,shuangbatian
31000,shubashuba
31001,shuca_ca
31002,shuffle_(songdatiankong)
31003,shuga_(mhwii)
31004,shuga_(soranote)
31005,shugao
31006,shugo19
31007,shugo_15
31008,shui_ran_moon
31009,shuichi_wada
31010,shuimo
31011,shuini_xiaomao
31012,shuiro_(frog-16)
31013,shuiyaoximushi
31014,shuiyinzijun
31015,shuizhanglang
31016,shuka_(taupe)
31017,shukei
31018,shukinuko
31019,shukurimu
31020,shukurin
31021,shukusuri
31022,shule_de_yu
31023,shulliy_baudelair
31024,shumai_(sm318)
31025,shumai_il
31026,shumiao
31027,shumiko_(kamenokoueki)
31028,shumpi
31029,shun_(b.c)
31030,shun_(rokudena-shi)
31031,shun_no_shun
31032,shun_soku
31033,shundou_heishirou
31034,shunga_(shun608)
31035,shungikuten
31036,shunichi
31037,shunka_tunacan
31038,shunkashuntou
31039,shunnyun
31040,shunrai
31041,shunsei_(muratou)
31042,shunsuke
31043,shuo_yue
31044,shuoruoranxing
31045,shupami
31046,shuragyoku_mami
31047,shurakrgt
31048,shuri_(84k)
31049,shuri_(riri_shu)
31050,shuri_(syurigame)
31051,shuri_yasuyuki
31052,shurock
31053,shuru_y
31054,shusuzu
31055,shuten_(project_sky)
31056,shuten_(shutehaan)
31057,shutou_mq
31058,shutowl
31059,shutsuri
31060,shuu-0208
31061,shuu_(syuuuuuuuuuu)
31062,shuu_illust
31063,shuubetsukouta
31064,shuucream_(syuichi)
31065,shuuhei_(shoohey)
31066,shuuichi_(gothics)
31067,shuuji_(shumi)
31068,shuuka
31069,shuukenyuu
31070,shuuko_(s_h_uuko)
31071,shuutou_haruka
31072,shuuzen_(shu-zen)
31073,shuuzo3
31074,shuvi_(shuvi1125)
31075,shuz_(dodidu)
31076,shuzuku
31077,shy_(ribboneels)
31078,shycocoa
31079,si_(wooupp)
31080,si_farid
31081,sia_6767
31082,sialou
31083,sibata_maru
31084,sibelurabbi
31085,sibo
31086,sibyl
31087,sicky_(pit-bull)
31088,sicle
31089,siczak
31090,sid_(skxviii)
31091,sidarim
31092,sido_(ama_r007)
31093,sido_(sido_mrtsnkc)
31094,sido_(slipknot)
31095,sidorov
31096,sidu_(dsd_kgn)
31097,sie-sie
31098,sieg_(sherman_69)
31099,sieka_(piiroinardesco)
31100,siena_(moratoriummaga)
31101,siera_(sieracitrus)
31102,sierra117renner
31103,siesta_(artist)
31104,sieyarelow
31105,sifeizui
31106,sifserf
31107,sifyro
31108,sigama
31109,sigangsan
31110,sigina
31111,sigm@
31112,sigma_2018
31113,signal_1120
31114,signalkj
31115,signalviolet
31116,signo_aaa
31117,siguma_(13238772100)
31118,sigurd_hosenfeld
31119,siguya
31120,sihana156
31121,siho_is_alien
31122,sii_artatm
31123,siino
31124,siirakannu
31125,sijinni
31126,sikaku
31127,siki2046
31128,sikijou77o
31129,sikimosh
31130,sikorsky
31131,siku199
31132,sikuku
31133,sila_(carpen)
31134,silanduqiaocui
31135,silberein
31136,silence_(pixiv18541142)
31137,silence_girl
31138,silentdin
31139,silenxe
31140,silhouette_sakura
31141,silica_(silica_silylate)
31142,silky_(silky_alice)
31143,sills
31144,silltare
31145,silly_(marinkomoe)
31146,silva_arts
31147,silver116
31148,silver_(chenwen)
31149,silver_(silverstar)
31150,silver_bell
31151,silver_bullet_(ecc12_8)
31152,silver_meteor
31153,silver_tokki
31154,silvercandy_gum
31155,silverchariotx
31156,silverheather
31157,silverjow
31158,silveroid
31159,silverpixia
31160,silversirius
31161,silvertsuki
31162,silverwing
31163,silverwoodwork
31164,silverxp
31165,sima_naoteng
31166,simadaburyu
31167,simamura_hibari
31168,simao_(x_x36131422)
31169,sime_(echo)
31170,simmsy
31171,simobulanka
31172,simoco
31173,simon_(n.s_craft)
31174,simone_mandl
31175,simosi
31176,simoumi_217
31177,simoyuki
31178,simplecar
31179,simsim_han-u
31180,simty_(lemon_ginger)
31181,simuyutou
31182,simz
31183,sin-go
31184,sin.
31185,sin11111
31186,sin_(btc86amme)
31187,sin_(hankotsu_bunny)
31188,sin_(kami148)
31189,sin_(sin52y)
31190,sin_(sintrybest)
31191,sin_gun_woo
31192,sin_mal0909
31193,sin_node
31194,sin_seishun
31195,sinad_aruatjanapat
31196,sinakyo
31197,sinaooo
31198,sinape
31199,sinccubi
31200,since2019
31201,sincos
31202,sindoll
31203,sindre
31204,sindri
31205,sinensian
31206,sinkai
31207,sinko
31208,sinko_(sinsin)
31209,sinlaire
31210,sinner!_(sillygirl)
31211,sinnra_art
31212,sino42
31213,sino_(mechanized_gallery)
31214,sino_(oyasumi_hf)
31215,sino_(sionori)
31216,sino_sakisaki
31217,sinobali
31218,sinobi_illust
31219,sinoda
31220,sinohira_rin
31221,sinomi
31222,sinonomemikann
31223,sintastein
31224,sinzan
31225,sinzen
31226,sinzire
31227,sio2_(nisankakeiso)
31228,sio2_(whynotkarma)
31229,sio_genshin
31230,siokazunoko
31231,siokosho_kinoko
31232,siomi_403
31233,sion001250
31234,sion_(9117)
31235,sion_(im10042m)
31236,sion_0d1m
31237,sioneve
31238,siotomato
31239,sipeiren
31240,sippudayo
31241,siqi_(miharuu)
31242,sira
31243,sira_(user_dswn7488)
31244,sirachi
31245,siragagaga
31246,siraha
31247,sirakaro
31248,sirano
31249,siranui_desu
31250,sirataki_umauma
31251,siribang1215
31252,sirills
31253,sirin_(sirin_8_8)
31254,siriuflong
31255,siro_(asteblanc)
31256,sirofuku414
31257,sirokohi
31258,sirokuro_daruma
31259,sirom
31260,sironekomia1
31261,sironora
31262,siroooo
31263,sirosoil
31264,sirotuki_ito
31265,siroyuki
31266,siruphial
31267,sirurabbit
31268,siseru_samurai
31269,sishenfan
31270,sisoha
31271,sisong
31272,siu_(siu0207)
31273,siun
31274,siva-siva
31275,siva_(executor)
31276,sivamaron
31277,siw0n
31278,siwasunohige
31279,six_neon
31280,sixii
31281,sixteenmiao
31282,sixteenpo
31283,sixten
31284,siy_(shengxiu760722)
31285,siya_ho
31286,siyeong
31287,siyer_(siyeyeyeyer)
31288,siyumu
31289,size_hermitage
31290,sizma
31291,sizque
31292,sizu
31293,sizucomaru
31294,sizuka_(takuma0)
31295,sjuno
31296,sjw_kazuya
31297,sk02
31298,sk816
31299,sk_(sk-g)
31300,sk_jynx
31301,sk_rokuro
31302,sk_tori
31303,ska.harumi
31304,skaarl_(artist)
31305,skade
31306,skai_kun
31307,skaven_gongcheng_shushi
31308,skavenprime
31309,skc
31310,skeptycally
31311,sketchygarden
31312,sketti
31313,skidrow
31314,skj
31315,skkc_128
31316,sklt_(swyt8223)
31317,skn_1027
31318,skoll_world
31319,skrmtl
31320,skull573
31321,skullchimes
31322,skullworms
31323,skura01
31324,sky-freedom
31325,sky_above_me
31326,sky_cappuccino
31327,sky_guy_art
31328,sky_kiki
31329,sky_wbo
31330,skyde_kei
31331,skyhood
31332,skyhouse
31333,skying
31334,skylader
31335,skylock
31336,skyloop19
31337,skym_(kumei)
31338,skypixter
31339,skyrail
31340,skyrain315
31341,skysign_ft
31342,skywaker
31343,skywalker0610
31344,sl10_d
31345,sl86
31346,slammo
31347,slash-ex
31348,sleep_(isliping)
31349,sleepless_(wrysmile)
31350,sleeptopi
31351,sleepy1292673668
31352,sleepy69
31353,sleepy_(mu68968)
31354,sleepy_cheeky
31355,sleepy_frippy
31356,sleepyowl_(jobkung15)
31357,sleepypudding
31358,sleepysolaire
31359,slime_nyang
31360,slm
31361,slms_(slms4)
31362,slope_(check238)
31363,slow_d
31364,slowfrost
31365,slowpit
31366,slug_1356
31367,slugbox
31368,slumcat
31369,slush5244
31370,sly930105
31371,sm156
31372,smallpine_7
31373,smaragdus_viridi
31374,smart_oval
31375,smash_daisaku
31376,smewed
31377,smgold
31378,smile_(mm-l)
31379,smile_(qd4nsvik)
31380,smile_(rz)
31381,smilesmile1312
31382,smitcuk
31383,smjim1986
31384,smkittykat
31385,smll233
31386,smodzz998
31387,smoke_(flyx21)
31388,smokerichi
31389,smugbuns
31390,smurtz
31391,sn_(sn_utu00)
31392,sn_(zigzagspark6)
31393,snale
31394,snapagi
31395,snarkhunt
31396,snatti
31397,sneakveek
31398,sneezecoon
31399,snegovski
31400,snifflesmp4
31401,snm_(sunimi)
31402,snoozaga
31403,snoozincopter
31404,snorkel14
31405,snortzog
31406,snow-yuuki
31407,snow20200
31408,snow234
31409,snow_(gi66gotyo)
31410,snow_is
31411,snowcake47
31412,snowchild
31413,snowcie
31414,snowflyer
31415,snowmi
31416,snowmya
31417,snowsakurachan
31418,snozaki
31419,so-bin
31420,so-rann
31421,so-taro
31422,so_dasui1
31423,so_happy_64
31424,so_nagi_(artist)
31425,so_shio
31426,so_tsubasa
31427,so_zei_tama_tama
31428,soanote
31429,soap_(user_kghh4755)
31430,soar_sora222
31431,soaryuna
31432,sob_(submar1089)
31433,soba_(saz)
31434,soba_(sobaya1938)
31435,soba_chatarou_(tita)
31436,sobamushi_mo
31437,sobayu_(chizuwa)
31438,sobayu_to_tenpura
31439,sobbi11
31440,sobi_(dnenqkswja)
31441,soborou
31442,soburi
31443,soc_nau
31444,socha
31445,social_kasu_(mob_oji_katu)
31446,sockinajar
31447,soda_(sod4)
31448,soda_(sodachuxd)
31449,sodamachi
31450,sodemaru_unagi
31451,sodeshita_marshmallow
31452,sody
31453,soeda_ippei
31454,soejima_shigenori
31455,soemy
31456,soesoe300
31457,soeyumi
31458,soezy
31459,sofa_(enogunomu)
31460,soffa
31461,sofra
31462,softhanten
31463,softmode
31464,softp3ach
31465,sofusan1526
31466,sofy
31467,sogabe_shuuji
31468,sogabe_toshinori
31469,sogawa
31470,sogaya
31471,soha_(sirohase)
31472,soha_blan
31473,soha_ez
31474,sohin
31475,sohn_woohyoung
31476,soho_(user_dphk5745)
31477,sohu
31478,soi_soi_(mixueeee634)
31479,soine
31480,soiri_(us)
31481,soji_777
31482,soju_ice
31483,sok_(mr14_c)
31484,sokimi_(sosojovan)
31485,sokka_(kbs)
31486,sokomushi
31487,soku_(bluerule-graypray)
31488,sokura_(mochichitose)
31489,sokuse_kienta
31490,sokutenkun
31491,sola7764
31492,sola_(sola04)
31493,sola_(solo0730)
31494,solanikieru
31495,solanoko
31496,solar_(happymonk)
31497,solar_kaichuudentou
31498,solar_milk
31499,solarisu
31500,solcha
31501,soldat_(dndosld73832)
31502,soleil_(soleilmtfbwy03)
31503,solevisionarts
31504,solidus_(sword_cube)
31505,solipsist
31506,solkorra
31507,solleen
31508,solllolll
31509,sollyz
31510,solokitsune
31511,solokov_(okb-999)
31512,solopipb
31513,solraka
31514,solreiru
31515,solru
31516,soma443
31517,soma_michiko
31518,soma_otakuu
31519,somalisu
31520,somasoutaro
31521,some1else45
31522,somebody_(leiking00)
31523,somechime_(sometime1209)
31524,somehira_katsu
31525,somei_ooo
31526,somejima
31527,somemiya_suzume
31528,someno_haru
31529,someoka_yusura
31530,someya_mai
31531,someyaya
31532,somna
31533,somnium
31534,somori
31535,somray
31536,somsom
31537,sona_(lnjixn)
31538,sonao
31539,sonaworld
31540,sonchapo
31541,sonchi
31542,sonech
31543,song_ren
31544,songchuan_li
31545,songjiangcc
31546,songjikyo
31547,songjo
31548,songmil
31549,songyeerhu
31550,sonikey0_0
31551,sonjow4
31552,sonna_watashi
31553,sono_(samusu_gi)
31554,sonobe_kazuaki
31555,sonoda_345
31556,sonoda_ken'ichi
31557,sonoji
31558,sonokare
31559,sonomi
31560,sonomura
31561,sonosakiburi
31562,sonota_taisei
31563,sonri
31564,sonson_(eleven)
31565,sonsoso
31566,sonyaneko
31567,sonzai_soumei
31568,soo-hyon_lee
31569,sookmo
31570,soolee040995
31571,sooma4869
31572,soon_(c-u-soon)
31573,soono_(rlagpfl)
31574,sooon
31575,soooooook2
31576,sooperman
31577,sooru0720
31578,soosaresu
31579,sophiaenju
31580,sophie_(693432)
31581,soppos
31582,sora-bakabon
31583,sora-bozu
31584,sora-ya_(uya_kyo)
31585,sora_(efr)
31586,sora_(men0105)
31587,sora_(silent_square)
31588,sora_(sky_s04)
31589,sora_(yukimi_shiro)
31590,sora_(zwz030)
31591,sora_72-iro
31592,sora_mame_(princess_0sora)
31593,sora_no_amagumo
31594,sora_no_tori
31595,sora_shitatoge
31596,sora_to_umi
31597,sora_yoshitake_yuda
31598,soraao0322
31599,soragane_(banisinngurei)
31600,sorahachi_(sora823)
31601,sorahachi_midoro
31602,sorai_shin'ya
31603,sorairo_haruka
31604,sorairo_meronpan
31605,soraizumi
31606,sorakase_sawa
31607,sorakaza
31608,sorako_(yoshida_t)
31609,sorakura_shikiji
31610,soramame1110
31611,soramame_(corndog)
31612,soramame_pikuto
31613,soramame_tomu
31614,soramimi_(seiga)
31615,soramiruku
31616,soramuko
31617,soranagi
31618,soranagi_yuki
31619,soranakidayo
31620,soranamae
31621,soraneko_hino
31622,sorani_(kaeru0768)
31623,sorano_(12gou)
31624,sorano_eika
31625,soranokakera01
31626,soranomonooki
31627,soranona_(soranosuke)
31628,soraoyogusakana
31629,sorapoi
31630,sorashima_(117)
31631,sorashu
31632,sorata123
31633,sorato_(astllatte)
31634,sore_(whirlwind)
31635,soreeyu_(sore-yu)
31636,soresaki
31637,sorethroat
31638,soriham
31639,soriku
31640,sorimachi-doufu
31641,sorimura_youji
31642,soriya
31643,sorono
31644,sorotu
31645,sorozukin
31646,sorrowny
31647,sorrysap
31648,sorugi_park
31649,sos_adult
31650,sosa
31651,sosaku_25
31652,soseji_(tjduswjd)
31653,soshina_nohito
31654,soso_(chlgksk110)
31655,sosser
31656,sosuke_(yrmon)
31657,sota
31658,sotcho
31659,soto
31660,sotogawa_max
31661,sotomichi
31662,sotsunaku
31663,sotto
31664,sou_(mgn)
31665,sou_(pale_1080)
31666,sou_(soutennkouchi)
31667,sou_(tuhut)
31668,sou_mei
31669,sou_ryuu
31670,sou_tamae
31671,soubee1
31672,soubi
31673,souen_hiro
31674,sougetsu_(yosinoya35)
31675,sougetsu_izuki
31676,sougishi_ego
31677,soui_manshin
31678,souki_lankni
31679,soukitsu
31680,souko_souji
31681,soukou_(artist)
31682,soukou_makura
31683,soukun_s
31684,soukuu_kizuna
31685,soul_(dp11)
31686,soul_(tamashii)
31687,soulmaster_uwu
31688,soulnark
31689,souly
31690,souma_(ordures)
31691,souma_(so_u_maaaaa)
31692,souma_(soumadian)
31693,souma_mizuki
31694,soumakyo
31695,soumendaze
31696,soumenhiyamugi
31697,soumu_(kehotank)
31698,soungruan_mian_mao
31699,souno_kazuki
31700,soupbag
31701,soupchan
31702,souri
31703,souryu
31704,souryuu_(double_dragon)
31705,sousakubito
31706,sousou_(sousouworks)
31707,sousouman
31708,sousui_hani
31709,souta_(karasu_no_ouchi)
31710,south_ac
31711,soutou
31712,soveno
31713,sovereignteam
31714,sowamame
31715,sowao.
31716,sowb
31717,sowel_(sk3)
31718,sowichi
31719,sowon
31720,sowsow
31721,soxy
31722,soy_chicken
31723,soya6479
31724,soya_(sys_ygo)
31725,soya_(torga)
31726,soyanrai
31727,soybean_(hisoybean)
31728,soyo2106
31729,soyoghi
31730,soyoking
31731,soyoong_jun
31732,soyosoyo
31733,soystar
31734,soyubee
31735,sozan
31736,sozomaika
31737,sozoremi
31738,sp0i0ppp
31739,sp123
31740,sp_(8454)
31741,spacecolonie
31742,spacelongcat
31743,spacey
31744,spacezin
31745,spade-m
31746,spadelake
31747,spam_(spamham4506)
31748,spanking_momoko
31749,spareribs
31750,spark621
31751,spark_(sandro)
31752,spark_utamaro
31753,sparkle71059204
31754,sparklenaut
31755,sparks_summer
31756,sparrow_(jj2oxx)
31757,sparrowl
31758,sparseseethe
31759,spawnfoxy
31760,spdcooler
31761,spearmintaii
31762,special_cat
31763,speckticuls
31764,speedl00ver
31765,speedoru
31766,speh
31767,spekkio36
31768,spencer_sais
31769,spica_(spica5f9ea0)
31770,spice_mega
31771,spiceg
31772,spicy_bardo
31773,spicy_moo
31774,spicyichizo
31775,spicyyrum
31776,spider_apple
31777,spidu
31778,spiffydc
31779,spindle_(aidenr0)
31780,spinel_(9057)
31781,spiral_(senra_garou)
31782,spiritdraws
31783,spirtie
31784,spirytus_tarou
31785,spiz
31786,spl8ya
31787,splashbrush
31788,spleeny
31789,splush_wave
31790,spoiledmuffin
31791,spring2013
31792,springarashi02
31793,springveiv
31794,sprout_(33510539)
31795,sprout_(haji_s)
31796,sprygon
31797,sptbird
31798,spung
31799,sputniklover-1
31800,spvrud3z2
31801,spy_(user_jxcc8553)
31802,spykeee
31803,sqloveraven
31804,squallea
31805,squchan
31806,squeaky_(artist)
31807,squeezable_(squeezabledraws)
31808,squemezzo
31809,squid_neetommy
31810,squidsmith
31811,sr_ld_fr
31812,sr_soba
31813,srd_(srdsrd01)
31814,sreliata
31815,srgrafo
31816,srinitybeast
31817,sriokorr
31818,srnhuyuno
31819,srnmomo
31820,srpzk
31821,srro_yo
31822,srtdrawart
31823,srwsrx_(gp03dsrx)
31824,ss_un17
31825,ssaf_seibeupail
31826,ssalbulre
31827,ssambatea
31828,ssamjang_(misosan)
31829,sseli
31830,sseopik
31831,sshooooe
31832,sskitaco
31833,ssm_(ssm82048039)
31834,ssn_(sasa8u9r)
31835,sso_s
31836,ssong2
31837,sssida3
31838,ssss7777_7
31839,sstthei
31840,ssumbi
31841,st+1
31842,st-retcher
31843,st.germain-sal
31844,st.kuma
31845,st.microscope
31846,st_(youx1119)
31847,st_parasu
31848,stack_(sack_b7)
31849,staerk
31850,stag_(snobby_snob)
31851,stalkingp
31852,standby
31853,stank
31854,stanley_lau
31855,star-kiss
31856,star-ring
31857,starblame
31858,starblue
31859,stardrop
31860,stardust-kun
31861,stardust_(chen'ai_weiding)
31862,starfox1015
31863,starheart
31864,starhoshi
31865,stari
31866,stariwei
31867,starkamisan
31868,starlab
31869,starli_(starlianechan)
31870,starlime
31871,starmilk
31872,starraisins
31873,starsd
31874,starshadowmagician
31875,starshell
31876,starstruckdon
31877,start_furuike
31878,staryoruu
31879,staryume
31880,stayaliveplz
31881,staygold
31882,stc
31883,ste7619
31884,stealstitaniums
31885,steam_erobou
31886,steamed_egg
31887,steamingtofu
31888,steb
31889,steeb
31890,steed_(steed_enterprise)
31891,steelball_(jwk76806995)
31892,stella_(stella)
31893,stella_chen_yui
31894,stellarspin
31895,stem_(roam)
31896,step_arts
31897,stephanie_priscilla
31898,stephanieh81080
31899,stephengiannart
31900,sterben
31901,steve_chopz
31902,steve_zheng
31903,steward_b
31904,stewsui
31905,sthk
31906,stick_jitb
31907,stiel
31908,stigma1101
31909,stigmamyu
31910,stine_r
31911,stir255
31912,stmast
31913,stmoon
31914,stoic_seraphim
31915,stone_(ksorede)
31916,stone_(shirokanipe_ranran)
31917,stoner08
31918,stopu
31919,storia
31920,stormcallart
31921,stormcow
31922,stormstx
31923,strail_cycleman
31924,stratosphere_(coom1017)
31925,straw_(yokubou_hiroba)
31926,straw_like
31927,strawbonni
31928,streamingsun
31929,strelka_belca
31930,strib_und_werde
31931,strictly_mecha
31932,strigidae
31933,strikebeagle
31934,stroma
31935,strongbana
31936,stryx
31937,sts
31938,stu_dts
31939,studio_shaft
31940,studio_sunadokei
31941,studiolg
31942,studiopokotan
31943,studiozombie
31944,stuffing_scone
31945,stup-jam
31946,stupa13a
31947,sturkey
31948,styx
31949,su34ma
31950,su_(sajo_su5)
31951,su_guryu
31952,su_ha_ya
31953,su_konbu
31954,su_reut
31955,su_xiao_jei
31956,suahh
31957,suama_(haruichi)
31958,suaman
31959,suamaru
31960,suan_ringo
31961,suarokin
31962,suashi
31963,suaynnai_wanzi
31964,sub-res
31965,subachi
31966,subakeye
31967,subaru331
31968,subaru_(794829485)
31969,subaru_(jack)
31970,subaru_(subachoco)
31971,subaru_(user_tmwv7722)
31972,subaru_(yachika)
31973,subaru_noji
31974,suberaku
31975,subfiction
31976,subin_(subin_2011)
31977,submashell
31978,subob_(subobdesu)
31979,subong
31980,substance20
31981,subu_art
31982,succuboos
31983,suchi_(fsur7444)
31984,sucho
31985,sud_(sudea)
31986,suda_(yuunagi_enikki)
31987,suda_ayaka
31988,sudach_koppe
31989,sudachi_(calendar)
31990,sudachips
31991,sudako_(dai011305)
31992,sudhiro_sappurisa
31993,sudou_noboru
31994,sudstance
31995,sudzume
31996,sue_(bg-bros)
31997,suechimu
31998,suecovsky
31999,suefu
32000,suegorou_(mousou_tokkyuu)
32001,suehiroch0
32002,suekane_kumiko
32003,suemitsu_dicca
32004,suenari_(peace)
32005,suerte
32006,suesan
32007,suetake_(kinrui)
32008,sueyuu
32009,suga_hideo
32010,suga_leon
32011,suga_masashi
32012,sugac
32013,sugai_(4ugaii)
32014,sugaishi
32015,sugajyun
32016,sugamo
32017,sugamo_(rainysnowy108)
32018,sugano_manami
32019,sugapi
32020,sugar_(sugarless)
32021,sugar_you
32022,sugarbeat
32023,sugarbell
32024,sugata_dski
32025,sugi
32026,sugi87
32027,sugi_(user_nash8444)
32028,sugi_214
32029,sugi_haeru
32030,sugihara_(sugihara2000)
32031,sugii_tsukasa
32032,sugiki
32033,sugimeno
32034,sugimori_ken
32035,sugimoto_(niboshiumai)
32036,sugimoto_isao
32037,sugimotty_nova
32038,sugimura_mickey
32039,sugimura_tomokazu
32040,sugina_fujitaka
32041,sugina_miki
32042,sugino_(patrassyar)
32043,sugisaki_yuu
32044,sugita_ranpaku
32045,sugiura
32046,sugiyama_genshou
32047,sugiyama_ichirou
32048,sugiyama_nobuhiro
32049,sugiyuu
32050,sugo6969
32051,sugomori_tsuru_(hana_tsuru_wo)
32052,sugue_tettou
32053,suguharu86
32054,sugutsuka_rerun
32055,sui._(ayase)
32056,sui_(aruko91)
32057,sui_(camellia)
32058,sui_(petit_comet)
32059,sui_(suizilla)
32060,sui_(tsuruhibiki)
32061,sui_hi_sf
32062,suica_koubou
32063,suicabar72
32064,suicchonsuisui
32065,suichuu_hanabi
32066,suidou_chaahan
32067,suien
32068,suigetsu_(watermoon-910)
32069,suigetsu_koubou
32070,suigi
32071,suihei_sen
32072,suiiryu
32073,suika01
32074,suika_(atelier-yuu)
32075,suika_(rios151794)
32076,suika_(suika-dokei)
32077,suika_aji
32078,suika_soda
32079,suikaels
32080,suikakitsu_shiro
32081,suikamaru
32082,suikario
32083,suikka
32084,suikomu_now
32085,suikyou_(aqua_cities)
32086,suimame
32087,suimin_(sui_0y0)
32088,suimya
32089,suimz
32090,suineco
32091,suinose
32092,suiran_(suiran2822)
32093,suiren_(mystia6b)
32094,suiren_yurei
32095,suiroh_(shideoukami)
32096,suiryuu_(18559651)
32097,suisa_(mizsai)
32098,suisai_(suisao)
32099,suisei_1121
32100,suiseikaro
32101,suisen-21
32102,suisen_(suisenhwa)
32103,suisen_toire_(moko924)
32104,suishin_tenra
32105,suishougensou
32106,suiso_(owp)
32107,suiso_sn3
32108,suisogenshi
32109,suisui_(hakkindou)
32110,suitchi_(gn4othi61)
32111,suitenan
32112,suito
32113,suitshark
32114,suiu_shinotsuku
32115,sujiko_(125motimoti)
32116,suka
32117,sukabu
32118,sukage
32119,sukaliya
32120,sukarabeeto
32121,suke_(mo8460)
32122,suke_(momijigari)
32123,suke_(share_koube)
32124,suke_(singekijyosei)
32125,suke_akurou
32126,sukebewe
32127,sukedai
32128,sukehige
32129,sukekiyo56
32130,sukekiyo_(skky_0)
32131,sukemyon
32132,sukeno_yoshiaki
32133,sukenoha
32134,sukeo_(nunswa08)
32135,sukepmonster
32136,sukeroku_(treeee)
32137,suketoudara_(artist)
32138,sukima_(crie)
32139,sukimizaki
32140,sukinadake
32141,sukireto
32142,sukiyo
32143,sukizukiko
32144,sukja
32145,sukkirito_(rangusan)
32146,sukly
32147,suko_mugi
32148,sukocchi_moruto
32149,sukonbu385
32150,sukoyaka93
32151,sukoyaka_(100hituzi)
32152,sukoyaka_gyuunyuu
32153,sukoyugiri
32154,sukuemon
32155,sukumo_(kemutai)
32156,sukuna136
32157,sukuyo_onaka
32158,sul_(_20sub)
32159,sulcate
32160,suliavtuber
32161,sumaki_shungo
32162,sumapan
32163,sumassha_t_t
32164,sumeragi1101
32165,sumeragi_(black_rose)
32166,sumeragi_hamao
32167,sumeragi_kohaku
32168,sumeragi_kou
32169,sumeragi_seisuke
32170,sumeragi_tomo
32171,sumeshi_(ambivalince)
32172,sumi_(gfgf_045)
32173,sumi_(oyasumie)
32174,sumi_(suumiko_)
32175,sumi_fms
32176,sumi_hei
32177,sumi_keiichi
32178,sumi_mi
32179,sumi_noth
32180,sumi_ojie
32181,sumi_otto
32182,sumi_wo_hakuneko
32183,sumida_kichi
32184,sumii
32185,sumika_(rrz03)
32186,suminagashi
32187,sumino_akasuke
32188,sumiosmith
32189,sumipic
32190,sumire_1046
32191,sumire_shisei
32192,sumirou-kun
32193,sumisaki_yuzuna
32194,sumishi_(sumisi_3)
32195,sumishuu
32196,sumisu_(mondo)
32197,sumisu_(rinsumi)
32198,sumisumii
32199,sumisuzu
32200,sumiya_akihiro
32201,sumiya_nadateru
32202,sumiyama_sui
32203,sumiyao_(amam)
32204,summer-d_(dodojune)
32205,summer_(724788381)
32206,summer_tail720
32207,summergoat
32208,sumo_(komokomo1201)
32209,sumoffu
32210,sumomo
32211,sumomo_kpa
32212,sumooo_(ga_ilil)
32213,sumosamo
32214,sumosumo
32215,sumustard
32216,sun-3
32217,sun_4x3
32218,sun_iiinu
32219,sun_stark
32220,sun_trial
32221,sun_zha
32222,suna_(s73d)
32223,suna_(sandworks)
32224,suna_(sunaipu)
32225,suna_co
32226,suna_kiririto
32227,sunaba_(nczd5875)
32228,sunaba_suzume
32229,sunafuki_tabito
32230,sunagimo_(nagimo)
32231,sunahara_wataru
32232,sunako_(veera)
32233,sunakumo
32234,sunameri_(pixiv3564245)
32235,sunameri_oishii
32236,sunaneko
32237,sunano_reona
32238,sunanogimo
32239,sunanuko_(ramuneko)
32240,sunao_(70_the)
32241,sunao_(souis)
32242,sunao_na_kapipara
32243,sunasu-tamako
32244,sunatoshi
32245,sunaya_yanokura
32246,suncle
32247,sunday31
32248,sunday_aki
32249,sunday_se7en
32250,sune_(mugendai)
32251,sunebu_(snake_boo2)
32252,sunege_(hp0715)
32253,sunegg1112
32254,sunfight0201
32255,sunfish3939
32256,sung08ko
32257,sunga2usagi
32258,sungpark
32259,sungwon
32260,sunhyun
32261,sunimu
32262,sunj000
32263,sunkeun
32264,sunkilow
32265,sunligh_mao
32266,sunna_(nilsunna)
32267,sunny_(20597521)
32268,sunnypoppy
32269,suno_(imydream)
32270,sunohara_(encount)
32271,sunomono
32272,sunrise_arte
32273,sunset_nivaris
32274,sunset_skyline
32275,sunsetagain
32276,sunshine_(1638509769)
32277,sunshinek
32278,sunsun2812
32279,sunsun69
32280,suntail
32281,sunya_(honorin-yuunibo)
32282,sunyukun
32283,suo_(sndrta2n)
32284,suo_bu_ye_feng
32285,suoiresnu
32286,suoni_(deeperocean)
32287,suoniko
32288,suou-sensei
32289,suou_(sdurorhr)
32290,suou_sakura
32291,supahbeefcakes
32292,suparu_(detteiu)
32293,supe_(yuusyasupepen)
32294,super-mu
32295,super_h2o
32296,super_hellrat
32297,super_laoji
32298,super_masara
32299,super_nagoyaka
32300,super_zombie
32301,superappleman
32302,superboin
32303,superbull
32304,superbusty
32305,supermondobeat
32306,supernew
32307,superpig
32308,supersatanson
32309,supershiruco
32310,supershrimpcakes
32311,supersugar
32312,supika
32313,supo01
32314,supobi
32315,supocon
32316,supon
32317,suppa_(hagakuresuppa)
32318,suppaman_(rfjy)
32319,suprii
32320,supullim
32321,supurai
32322,sura_sura
32323,surafin
32324,suraimu_(suraimuraimu)
32325,surfacage
32326,surfing_orange
32327,surie
32328,surikogi
32329,surio
32330,surippa1010
32331,surock
32332,surps
32333,suru_(seiya)
32334,surufuji
32335,suruga_(xsurugax)
32336,suruga_dbh
32337,suruga_kanade
32338,suruga_kreuz
32339,surume_(clavis)
32340,surume_(su1193)
32341,surume_aburi
32342,surumeika_(ninfiiiir)
32343,surumenabe
32344,surumeri_(baneiro)
32345,survival_yaiba
32346,suryua
32347,susagane
32348,sushi_(sashimise)
32349,sushi_171
32350,sushi_jirou
32351,sushi_pizza_rrr
32352,sushimekabu
32353,sushimo
32354,sushio
32355,sushisalmon95
32356,sushispin
32357,sushitarou
32358,sushiuma_m
32359,sushizanmai_(sorahaaoi7)
32360,sushoartworks
32361,sushoyushi
32362,susu_(ysy)
32363,susukawa_(susucawa)
32364,susukinohara320
32365,susukitten
32366,susumu
32367,susutouka
32368,suta0822
32369,suta_(clusta)
32370,suta_furachina
32371,sutahiro_(donta)
32372,sutaku77224
32373,suteba_(grzjkbhgf)
32374,sutei_(arece15)
32375,sutei_(giru)
32376,sutei_(xfzdarkt)
32377,sutekina_awa
32378,sutera_sea
32379,suterii
32380,suterisu
32381,sutoa
32382,sutochan
32383,sutokame
32384,sutora_binsuke
32385,sutoroa
32386,sutoroboraito
32387,sutorora
32388,suujiniku
32389,suuno_kamibukuro
32390,suupii
32391,suurin_(ksyaro)
32392,suuroku
32393,suv_(suv032)
32394,suvin_(mononochi)
32395,suwa763
32396,suwa_yasai
32397,suwaiya
32398,suwakana
32399,suwaneko
32400,suweeka
32401,suya000
32402,suyako_(suya93)
32403,suyamori
32404,suyasuyabi
32405,suye
32406,suyi-j
32407,suyi42478390
32408,suyohara
32409,suzaku_(zaku6584)
32410,suzu-batsu
32411,suzu_(minagi)
32412,suzu_(pixiv_32232702)
32413,suzu_(susan_slr97)
32414,suzu_(suzuame329)
32415,suzu_(suzuko)
32416,suzu_(tg_390)
32417,suzu_(user_kdex8732)
32418,suzu_coconatu
32419,suzu_danna
32420,suzuakks
32421,suzuame_yatsumi
32422,suzubotan
32423,suzuen
32424,suzugaeru
32425,suzugahama
32426,suzuhane_suzu
32427,suzuharu_toufu
32428,suzuhira_hiro
32429,suzuho_hotaru
32430,suzui_narumi
32431,suzuiro_(chocolatte)
32432,suzuka_(rekkyo)
32433,suzuka_(suzukawu)
32434,suzuka_g
32435,suzuka_nene
32436,suzukano_pon
32437,suzukasuraimu
32438,suzuke
32439,suzuki-shi
32440,suzuki24
32441,suzuki80
32442,suzuki_(2red_moon3)
32443,suzuki_jirou
32444,suzuki_ken'ya
32445,suzuki_kyoutarou
32446,suzuki_masahisa
32447,suzuki_moeko
32448,suzuki_nago
32449,suzuki_nene
32450,suzuki_noritaka
32451,suzuki_puramo
32452,suzuki_rika
32453,suzuki_sakura
32454,suzuki_toto
32455,suzuki_tsuta
32456,suzuko_(katahaba_v3)
32457,suzuko_(star8383)
32458,suzumaru
32459,suzume_(simple0091)
32460,suzume_b
32461,suzume_inui
32462,suzume_miku
32463,suzume_yuu
32464,suzumeko
32465,suzumetarou
32466,suzumi_(ccroquette)
32467,suzumi_(fallxalice)
32468,suzumia_(daydream)
32469,suzumiya_annko
32470,suzumo70
32471,suzumori
32472,suzumori_(su2525)
32473,suzumori_kuroku
32474,suzumori_uina
32475,suzumushi_(tanpopo_cha)
32476,suzuna_(najaran)
32477,suzunashi
32478,suzune_hapinesu
32479,suzune_kotora
32480,suzune_rai
32481,suzuneko-rin
32482,suzuneko_(yume_no_kyoukai)
32483,suzuno_(bookshelf)
32484,suzuno_(kazahanasu)
32485,suzuno_naru
32486,suzunone_rena
32487,suzunosuke_(sagula)
32488,suzuragi_karin
32489,suzuri_(tennenseki)
32490,suzurino
32491,suzushi
32492,suzushi_moruto
32493,suzushika_(13_96)
32494,suzushina
32495,suzushiro_(daikon793)
32496,suzushiro_(gripen39)
32497,suzushiro_(suzushiro333)
32498,suzushiro_atsushi
32499,suzushiro_kurumi
32500,suzushiro_nazuna
32501,suzushiro_seri
32502,suzushiro_yukari
32503,suzutarou_gunsou
32504,suzutsuki_kurara
32505,suzuya_(maru)
32506,suzuya_kirie
32507,svet_yomi
32508,svveetberry
32509,sw_(taco)
32510,sw_haze
32511,swami
32512,swampland
32513,swav
32514,swd3e2
32515,sweet_miuk_tea
32516,sweet_reverie
32517,sweetdou3
32518,sweetonedollar
32519,sweetpotatojelly
32520,swepot
32521,switch01
32522,swkl_d
32523,swon_(joy200892)
32524,swordsouls
32525,swordwaltz
32526,sww13
32527,sxbzero
32528,sxupxdxxy
32529,sy4
32530,syabbal-i
32531,syachiiro
32532,syafa
32533,syagare
32534,syaha
32535,syam_illust
32536,syandega
32537,syare_0603
32538,syatey
32539,syc2159
32540,sydus
32541,sye-
32542,syerii
32543,syertse
32544,syhan
32545,sylph_kim
32546,sylphine
32547,sylux
32548,sylvia_(huajiuhuajiu)
32549,symfo
32550,symoca
32551,synchroman
32552,synecdoche
32553,synn032
32554,syno
32555,syo5
32556,syokuuuuuuuuumura
32557,syonosuke9573
32558,syooooyoooo
32559,syope
32560,syou_(crecre)
32561,syou_(endemic_species)
32562,syroh
32563,syrupmelty
32564,sys.ao
32565,sysen
32566,sytokun
32567,syu.mu
32568,syukonbu
32569,syunzou
32570,syuri22
32571,syurimp
32572,syuuen
32573,syuya
32574,syyn_(syyndev)
32575,szai
32576,szainx
32577,szk
32578,szl
32579,sznkrs
32580,szztzzs
32581,szzz_k
32582,t-asama
32583,t-hou
32584,t-lex
32585,t-okada
32586,t-ray
32587,t-track
32588,t.a.k.
32589,t.k.c
32590,t.r
32591,t0petar0
32592,t1fdc
32593,t1kosewad
32594,t2
32595,t2r
32596,t3_(t3only)
32597,t3x
32598,t4n4k4_no_yosei
32599,t7senzo
32600,t@ke-g
32601,t_(dyuhuhudyukusi)
32602,t_(toddy_t)
32603,t_jiroo_(ringofriend)
32604,t_k
32605,t_k_g
32606,t_lege_d
32607,t_misaomaru
32608,t_terano
32609,t_zhonglang
32610,ta-na_(tana351)
32611,ta152_(graf_zeppelin)
32612,ta1sh1
32613,ta_(tama20150125)
32614,ta_kaana
32615,ta_shiuji30
32616,taa_(acid)
32617,taachika
32618,taaru_(taru)
32619,tab_(tabkun)
32620,tab_head
32621,taba_comya
32622,taba_neruko
32623,tabana
32624,tabao
32625,tabata_hisayuki
32626,tabayan_jigokuhen
32627,tabayashi
32628,tabby_chan
32629,tabe_koji
32630,tabetai_omochi
32631,tabi_(tabisumika)
32632,tabiaki_(cosy_catastrophe)
32633,tabibitowayo
32634,tabigarasu
32635,tabigarasu_(mahjong_yuugen_gaisha_58)
32636,tabii
32637,tabiutaonpu
32638,tabletknight
32639,tabletorgy
32640,tabuchi_(tabuchisanchi)
32641,tabun_(osoracu)
32642,tabun_ningen
32643,tabunshake
32644,taburakashi
32645,tacch
32646,tacchan56110
32647,tacco_(tikeworld)
32648,tachi_(gutsutoma)
32649,tachi_(tachibana)
32650,tachibana-san
32651,tachibana_(tach011194)
32652,tachibana_amane_(amane01a)
32653,tachibana_chata
32654,tachibana_hiroki
32655,tachibana_omina
32656,tachibana_roku
32657,tachibana_shiori_(suica_112)
32658,tachibana_shiro
32659,tachibana_wataru_(123tsuki)
32660,tachibana_yuu
32661,tachibana_yuu_(shika)
32662,tachiinu
32663,tachikawa_mushimaro
32664,tachimi_(basue)
32665,tachitsu_teto
32666,tachiuo_(arines)
32667,tacshojosora
32668,tad_s
32669,tada_(tactical_tada)
32670,tada_no_nasu
32671,tadano1129
32672,tadano_akira
32673,tadano_kagekichi
32674,tadano_kazuko
32675,tadano_magu
32676,tadano_myoushi
32677,tadano_natsu
32678,tadano_shiroko
32679,tadano_souko
32680,tadano_yukiko
32681,tadanoshi_kabane
32682,tadanotarosuke
32683,tadashi
32684,tadd_(tatd)
32685,tadeno
32686,tadokoro_nurikabe
32687,tadokoro_teppei
32688,taedu
32689,taekwon_kim
32690,tafuto
32691,tag_(tf18080512)
32692,tagame_(tagamecat)
32693,tagane
32694,tagawa_gengo
32695,taggo
32696,tagosaku_(tatsukiuma0329)
32697,tagu
32698,tagua
32699,taguchi_kenji_(omaep)
32700,taguchi_makoto
32701,taguchi_shouichi
32702,taguchi_yuu
32703,taguno
32704,taharu_kousuke
32705,tahita1874
32706,tahnya
32707,tahol_dr
32708,tahra
32709,taht_(that_is_mm)
32710,tahya
32711,tai_(2vs)
32712,tai_(e3d1p)
32713,tai_(nazutai)
32714,tai_inukai
32715,tai_saka
32716,taichi_(tomo)
32717,taichi_(yirkorn)
32718,taichi_suzuki
32719,taicho128
32720,taichou_furyou
32721,taida_jun
32722,taiga_hiroyuki
32723,taiga_kazame
32724,taiga_mahoukan
32725,taiger
32726,taigi_akira
32727,taihei_tengoku
32728,taihengold
32729,taiiiyakiii
32730,taiju_(gr09kuma)
32731,taiki_(6240taiki)
32732,taiki_(luster)
32733,taiki_(ozone)
32734,taiki_ken
32735,taiko_bo
32736,taikodon
32737,taikyoku_tsurugi
32738,tailbox
32739,taino_kou
32740,tainosuke
32741,taira_kosaka
32742,taira_momen
32743,taira_takehiro
32744,taira_tsukune
32745,taira_yuuki
32746,taisa_(kari)
32747,taisa_(lovemokunae)
32748,taisaaa
32749,taisai
32750,taisai_soft
32751,taishi_(picchiridou)
32752,taisho_(gumiyuki)
32753,taisinkoku
32754,taitai
32755,taitan
32756,taiyaki12
32757,taiyakiki-5687
32758,taiyakippassion
32759,taiyo_sketches
32760,taiyou-n
32761,taizo_(taizo_03)
32762,taji_(crowview)
32763,tajima_nao
32764,tajima_ryuushi
32765,tajima_yoshikazu
32766,tajima_yukie
32767,tajima_yuuki
32768,tajyador
32769,tak0baka
32770,tak_(karasuki)
32771,taka-chan
32772,taka-f
32773,taka-michi
32774,taka.yana
32775,taka_(0taka)
32776,taka_(sanoujo358)
32777,taka_(suigendou)
32778,taka_(taka_wo_kukuru)
32779,taka_(takahirokun)
32780,taka_(tsmix)
32781,taka_oedo
32782,taka_shida
32783,taka_t
32784,taka_yanagi
32785,takabow
32786,takada_akemi
32787,takada_kazuhiro
32788,takada_yuuzou
32789,takadoya
32790,takae_(poupee_en_biscuit)
32791,takafuji_yuna
32792,takafumi
32793,takagaki_eru
32794,takagi_hideaki
32795,takagi_mitsukuni
32796,takagi_seiniku
32797,takagi_shuei
32798,takahan
32799,takaharu
32800,takaharuti
32801,takahashi_(k2ta7)
32802,takahashi_akira
32803,takahashi_kazuki
32804,takahashi_kazuya
32805,takahashi_keitarou
32806,takahashi_kouta
32807,takahashi_kumiko
32808,takahashi_kurage
32809,takahashi_masaki
32810,takahashi_meishin
32811,takahashi_mugi
32812,takahashi_ren
32813,takahashi_rumiko
32814,takahashi_shin
32815,takahashi_tetsuya
32816,takahashi_umori
32817,takahata_yuki
32818,takahero
32819,takahiko
32820,takahiro_(crimson_bolt)
32821,takahiro_(rikky)
32822,takai_isshiki
32823,takaku_toshihiko
32824,takakura
32825,takakura_aki
32826,takamachiya
32827,takamame
32828,takaman_(gaffe)
32829,takamaru_(taka1220)
32830,takamatsu_(yamajiai)
32831,takamatu_hajime
32832,takami_akio
32833,takami_masahiro
32834,takami_ryou
32835,takamichi
32836,takamichis211
32837,takamin_apaman
32838,takamine_nadare
32839,takamiya_nao
32840,takamiya_ren
32841,takamiya_yuu
32842,takamoto_akisa
32843,takamura
32844,takamura_kazuhiro
32845,takamura_masaya
32846,takamura_ryou
32847,takamura_wamu
32848,takana_(forsterite)
32849,takana_(nanao)
32850,takana_shinno
32851,takanae_kyourin
32852,takanaga_kouhei
32853,takanamushi
32854,takanaru
32855,takanashi
32856,takanashi-a
32857,takanashi_akihito
32858,takanashi_haruto
32859,takanashi_hiyori
32860,takanashi_kei_(hitsujikan)
32861,takanashi_minato
32862,takanashi_ringo
32863,takani_yoshiyuki
32864,takano_itsuki
32865,takano_jiyuu
32866,takano_kou
32867,takano_masayuki
32868,takano_natsuki
32869,takano_saki
32870,takano_saku
32871,takano_suzu
32872,takano_ui
32873,takano_yuki_(allegro_mistic)
32874,takanoru
32875,takao_(88499191)
32876,takapi_3
32877,takapiko
32878,takapin
32879,takapon-o-ji
32880,takappe
32881,takara_akihito
32882,takara_joney
32883,takarai_shunsuke
32884,takaraizu
32885,takasaka_donten
32886,takasaka_light
32887,takasaki_(rock_rock)
32888,takasaki_yuuki
32889,takasakiyama_monmon
32890,takase_(harakiri)
32891,takase_(takase1214)
32892,takase_asagiri
32893,takase_hina
32894,takase_kanan
32895,takase_kou
32896,takase_muh
32897,takase_toho
32898,takasegawa_yui
32899,takashi_(calla)
32900,takashi_(huzakenna)
32901,takashi_(onikukku)
32902,takashi_(pixiv_80298118)
32903,takashi_moritaka
32904,takashi_san
32905,takashia_(akimototakashia)
32906,takashima
32907,takashima_hiromi
32908,takashima_shoa
32909,takashina_asahi
32910,takashina_masato
32911,takashiro_(takashiro_factory)
32912,takasugi_heppu
32913,takasugi_kou
32914,takasuma_hiro
32915,takatan
32916,takatisakana
32917,takato_kurosuke
32918,takatora
32919,takatou_rui
32920,takatou_suzunosuke
32921,takatsu_keita
32922,takatsukasa_yue
32923,takatsuki_akira
32924,takatsuki_ichi
32925,takatsuki_kahiro
32926,takatsuki_nato
32927,takatsuki_p
32928,takatsuki_tsukasa
32929,takatsurt
32930,takatun223
32931,takaya_n
32932,takaya_riku
32933,takayaki
32934,takayama_akira
32935,takayama_chihiro
32936,takayama_dan
32937,takayama_kisai
32938,takayama_toshiaki
32939,takayama_toshinori
32940,takayanagi_katsuya
32941,takayoshi
32942,takazaki_piko
32943,take-run-atelier
32944,take20131004
32945,take2807noko
32946,take978733141
32947,take_(draghignazzo)
32948,take_(illustrator)
32949,take_(office-t)
32950,take_(shokumu-taiman)
32951,take_(take143000)
32952,take_(trude1945oneetyan)
32953,take_no_ko_(4919400)
32954,take_no_ko_(dodon)
32955,take_shinobu
32956,take_tonbo
32957,take_toshiaki
32958,take_yaki
32959,takeakigaku
32960,takeashiro
32961,takeawatch
32962,takebi
32963,takecha
32964,takechi_akinobu
32965,takechii
32966,takecho
32967,takeda_aranobu
32968,takeda_hinata
32969,takeda_hiromitsu
32970,takeda_kanryuusai
32971,takeda_mika
32972,takeda_seiji
32973,takeda_sun
32974,takeda_yukimura
32975,takeda_yuuko
32976,takefu_jiin
32977,takehana_note
32978,takehide
32979,takei_masaki
32980,takei_ooki
32981,takekawa_shin
32982,takeko_spla
32983,takeluuu
32984,takemaru08
32985,takemasa
32986,takemi_kaoru
32987,takemori_shintarou
32988,takemura_kou
32989,takemura_sessyu
32990,takena-c
32991,takenaka
32992,takenaka_(takenaka1111)
32993,takenaka_takeshi
32994,takenashi_eri
32995,takeno_(hashi_falcon)
32996,takeno_koko
32997,takeno_omoti
32998,takenoko_(531)
32999,takenoko_mgrc
33000,takenoko_no_you
33001,takenoko_pengin
33002,takenoko_saba_otto
33003,takenoko_seijin
33004,takenokonoko
33005,takepoison
33006,takepon
33007,takepon1123
33008,takeponi
33009,taker_(flamestorm)
33010,takeroku
33011,takerusilt
33012,takeshi_(mononohu20)
33013,takeshima_eku
33014,takeshisu
33015,takesoboro
33016,taketora_suzume
33017,takeu
33018,takeuchi_(a3)
33019,takeuchi_aya
33020,takeuchi_kou
33021,takeuchi_naoko
33022,takeuchi_ryousuke
33023,takeuchi_takashi
33024,takeuma
33025,takeura
33026,takeya_masami
33027,takeya_yuuki
33028,takeyuu
33029,takezuchi
33030,taki_(nakochan)
33031,taki_minashika
33032,taki_reki
33033,taki_rentaro
33034,takibi_(tamikyo)
33035,takida_185
33036,takigawa_geenito
33037,takigawa_yuu
33038,takigraphic
33039,takiki
33040,takiminada
33041,takimoto_yukari
33042,takinashi_(friend_coffee)
33043,takinohamira
33044,takio_(kani_sama)
33045,takishima_asaka
33046,takisou_sou
33047,takita_(takita3411)
33048,takitarou
33049,takitou
33050,takitsume_shino
33051,takkayuuki
33052,takkun0926
33053,takllou
33054,takmi
33055,tako-san_wiener_(takosanuma)
33056,tako2_eaka
33057,tako_(plastic_protein)
33058,tako_8_yaki
33059,tako_jirou
33060,tako_seijin
33061,takobe
33062,takom
33063,takomeshi
33064,takomonty
33065,takoongyi
33066,takopi15
33067,takorice
33068,takoroki
33069,takoyaki032002
33070,takoyaki_(roast)
33071,takoyaki_(takoyaki-batake)
33072,takoyaki_neko-san
33073,taktori
33074,taku1122
33075,taku57
33076,taku_(aywakutakuay)
33077,taku_(takuqx)
33078,taku_artworks
33079,taku_michi
33080,taku_pi
33081,takuan_(taku1219oekaki)
33082,takuan_(takuanlunch)
33083,takubon
33084,takuji_yuusaku
33085,takumi11
33086,takumi_(marlboro)
33087,takumi_(rozen_garten)
33088,takumi_(scya)
33089,takumi_(user_xmwf4727)
33090,takumi_mizuki
33091,takumi_namuchi
33092,takumin_dx
33093,takunama
33094,takunomi
33095,takura_mahiro
33096,takurada
33097,takurou
33098,takurowo
33099,takutaku12364
33100,takuteks
33101,takuty
33102,takuya_kame
33103,takuyarawr
33104,takuyasaeki
33105,takuzui
33106,talesofmea
33107,talgi
33108,tallgeese_(lgeesel)
33109,talnory
33110,talt_lo
33111,talunilu_uu3
33112,tam-u
33113,tam_(tam0804)
33114,tam_a_mat
33115,tama_(hiroshige_36)
33116,tama_(ponz3o1)
33117,tama_(songe)
33118,tama_(soon32281)
33119,tama_(speedgrapher)
33120,tama_(tama-s)
33121,tama_(tamago)
33122,tama_(tamakaka1031)
33123,tama_(tamatamo)
33124,tama_(tm_suac)
33125,tama_(tmfy5)
33126,tama_._kogifu
33127,tama_azusa_hatsu
33128,tama_go
33129,tama_kitsune
33130,tama_launcher
33131,tama_satou
33132,tama_two_(fukuya)
33133,tama_yu
33134,tamachi_kuwa
33135,tamada_heijun
33136,tamae_(pixiv40276)
33137,tamaext
33138,tamafry
33139,tamafurin
33140,tamagawa_yukimaru
33141,tamago_(eva1314056)
33142,tamago_(yotsumi_works)
33143,tamago_gohan
33144,tamago_nezumi
33145,tamago_sando
33146,tamago_toji
33147,tamago_tomato
33148,tamagoboro
33149,tamagogayu1998
33150,tamagogogo
33151,tamagoroo
33152,tamagotozi3420
33153,tamahana
33154,tamahiyo
33155,tamakaga
33156,tamaki.
33157,tamaki_(diarie_inaiinaibaa)
33158,tamaki_(tamaki599)
33159,tamaki_(tamaki_illust)
33160,tamaki_fuyu
33161,tamaki_iori
33162,tamaki_mitsune
33163,tamaki_nozomu
33164,tamakingx422x
33165,tamakko
33166,tamako_(pixiv_71110817)
33167,tamakorogashi
33168,tamamoice
33169,tamamon
33170,tamamorh
33171,tamamura_(tmmr5)
33172,tamanegiya
33173,tamano_nae
33174,tamanoi_peromekuri
33175,tamanosuke
33176,tamaoka_kagari
33177,tamaoki_benkyou
33178,tamaon
33179,tamarinfrog
33180,tamaru_tokihiko
33181,tamasan
33182,tamatamariso85
33183,tamawo_(mu_gi2)
33184,tamaya
33185,tamaya_yoi
33186,tamayan
33187,tamayume
33188,tamayura-burgundy
33189,tamba_i
33190,tame_meshi
33191,tamezou
33192,tami_(joemanyodw)
33193,tami_(nekoneto)
33194,tami_tome_mo
33195,tami_yagi
33196,tamichan
33197,tamifull
33198,tamiko_(paseri)
33199,tamiku_(shisyamo609)
33200,tamitami
33201,tamiya_akito
33202,tamo_(gaikogaigaiko)
33203,tamo_(tamokuteki_kuukan)
33204,tamomoko
33205,tamon_ketsuyuki
33206,tamori_tadaji
33207,tamotsu_(mary)
33208,tamtamdi
33209,tamu_(mad_works)
33210,tamuhei_(6nasiki)
33211,tamuhi
33212,tamukoro
33213,tamura-chan
33214,tamura_(kouititamura)
33215,tamura_hiro
33216,tamura_masafumi
33217,tamura_satomi
33218,tamute_(2580rs)
33219,tan_(carbon)
33220,tan_(inka)
33221,tan_(tangent)
33222,tana_(garyuh-chitai)
33223,tana_(tanabio)
33224,tanabe
33225,tanabe_(fueisei)
33226,tanabe_(studio_tiamat)
33227,tanabe_kyou
33228,tanada
33229,tanagawa_makoto
33230,tanaji
33231,tanaka212
33232,tanaka_(colorcorn)
33233,tanaka_(cow)
33234,tanaka_(is2_p)
33235,tanaka_(tanakya123)
33236,tanaka_ahiru
33237,tanaka_deshirittoru
33238,tanaka_ginji
33239,tanaka_gorbachev
33240,tanaka_hirotaka
33241,tanaka_hitoriaruki
33242,tanaka_io_(craftstudio)
33243,tanaka_kaori
33244,tanaka_ken'ichi
33245,tanaka_kii
33246,tanaka_kunihiko
33247,tanaka_kusao
33248,tanaka_masayoshi
33249,tanaka_nunu
33250,tanaka_rikimaru
33251,tanaka_ryou
33252,tanaka_shoutarou
33253,tanaka_yutaka
33254,tanaka_yuuichi
33255,tanakahazime
33256,tanakalma
33257,tanakara
33258,tanakatanaka12
33259,tanaken
33260,tanamachi_yoshihiro
33261,tananne
33262,tananuki
33263,tanashi_(mk2)
33264,tanasuke
33265,tanatonkub
33266,tanblaque
33267,tanbonota46
33268,tandem
33269,tandohark
33270,tane_juu-gou
33271,taneda_yuuta
33272,taneichi_(taneiti)
33273,tanemura_arina
33274,tang-du
33275,tang_xinzi
33276,tangerine_(dudu)
33277,tanglaoban1225
33278,tango_(tn500)
33279,tangobat
33280,tani
33281,tani_(tanidesuyo)
33282,tani_takeshi
33283,tani_takuya
33284,taniguchi_daisuke_(surumenium)
33285,taniguchi_gou
33286,taniguchi_jun'ichirou
33287,tanihara_natsuki
33288,tanikake_yoku
33289,tanikku
33290,tanimeso
33291,tanishi_(hetianming11093)
33292,tanishi_(tani4)
33293,taniya_raku
33294,tanjel
33295,tanjiu
33296,tank_(artist)
33297,tanna
33298,tanny_v
33299,tano
33300,tanokura_mon
33301,tanono
33302,tanpakuroom
33303,tanpopo_hayabusa-maru
33304,tanquito
33305,tansan_daisuki
33306,tanshi_tanshi
33307,tanshio
33308,tansho
33309,tansuan_(ensj3875)
33310,tansug_(tansuk88)
33311,tansui_san_(tcjp4784)
33312,tansuke
33313,tantaka
33314,tantan_men_(dragon)
33315,tantanmen72
33316,tanto_(tc1995)
33317,tanu0706
33318,tanu_(ace_ikachan)
33319,tanuki_(siutkm0228)
33320,tanuki_koubou
33321,tanuki_nishi
33322,tanuki_yousuke
33323,tanukidraws
33324,tanukimaso
33325,tanupo
33326,tanupon
33327,tanutika
33328,tanyaf2022
33329,tanyatonya
33330,tanziya_(codlxcold)
33331,tao_(kadoya)
33332,tao_(tao15102)
33333,taoer.
33334,taono_kinoko
33335,taorotana
33336,taoru
33337,taoru_(t_kiji)
33338,taosheng
33339,taotao
33340,taowu_(20809)
33341,tapi
33342,tapioka_(coconuts)
33343,tapioka_(oekakitapioka)
33344,tapioka_chaso
33345,tapisuke
33346,taplaos
33347,tappa_(esperanza)
33348,tara_(szzj7733)
33349,tara_baka_ni
33350,tarabagani
33351,tarachine
33352,taracod
33353,taragraphika
33354,tarai_(silica5)
33355,tarai_(yamadarairai)
33356,tarakanovich
33357,tarako
33358,tarakon
33359,tarakoutibiru
33360,taranboman
33361,tarantulaines
33362,tarayama
33363,tarayuki
33364,tarbo_(exxxpiation)
33365,tare_(tonikaku_magaru)
33366,tareko
33367,tariah_furlow
33368,tariho_(robotanime)
33369,tark_(318)
33370,tarmo
33371,taro
33372,taro-k
33373,taro14_tea
33374,taro_(honyarara00)
33375,taro_(peach_taro51)
33376,taro_(ultrataro)
33377,taroimo_(00120014)
33378,taroji
33379,tarokazu
33380,tarokennsann
33381,tarou2
33382,tarou_(komekueyo)
33383,tarou_(run)
33384,tarou_(user_tpmh7442)
33385,tarou_(you-0512)
33386,tarowo
33387,tarte_(hodarake)
33388,taru_neko
33389,taruhi
33390,taruk
33391,tarunyan
33392,tarutaru193
33393,tarutaru_(ryousuke)
33394,tarutaru_yamaoka
33395,tarutobi
33396,tarutoru
33397,taruya
33398,tasaka_shinnosuke
33399,tasasakiamagu
33400,tashimo
33401,tashiro_tetsuya
33402,tashiromotoi
33403,tasituma2
33404,task_(s_task80)
33405,task_baron
33406,task_owner
33407,tass_commuovere
33408,tasselcat
33409,tasty_(dudwofla)
33410,tasuketemama
33411,tasuku
33412,tasuku_(tusktouhou4)
33413,tata_(tataice)
33414,tatahai
33415,tataki_tuna
33416,tataki_worker
33417,tatami_(loop)
33418,tatami_to_hinoki
33419,tatapopo
33420,tatara_(alnath_may)
33421,tatara_maguro
33422,tatata
33423,tatata_taira
33424,tatatan_(ts_kon2)
33425,tatatsu
33426,tate_(donnguriumai)
33427,tate_ware_anal
33428,tate_yukimi
33429,tateha_(marvelous_grace)
33430,tateishi_kureha
33431,tatejima_uri
33432,tatekawa_mako
33433,tateko25wiz
33434,tatika714
33435,tatsu_(user_rjes8545)
33436,tatsu_toyoyo
33437,tatsubon
33438,tatsuhiko
33439,tatsukisan
33440,tatsuma_daisuke
33441,tatsumi432
33442,tatsumi_(panneko)
33443,tatsumi_(psmhbpiuczn)
33444,tatsumi_kyouhei
33445,tatsumi_ray
33446,tatsumi_yashiro
33447,tatsumiya_kagari
33448,tatsunami_youtoku
33449,tatsuno_(saya-tatsuno)
33450,tatsuno_newo
33451,tatsunokosso
33452,tatsuri_(forest_penguin)
33453,tatsuta_age
33454,tatsuwo
33455,tatsuya_(atelier_road)
33456,tatsuya_(guild_plus)
33457,tatsuya_(s6pillars)
33458,tatsuya_(trypaint)
33459,tatsuyoshi
33460,tatsuyoshi_(zawahomura)
33461,tatti_art
33462,tattsun_(blue&hazel)
33463,tatuhiro
33464,tatutaniyuuto
33465,tatwuku
33466,tatyaoekaki
33467,taue_shunsuke
33468,taurine_8000mg
33469,tauta_(meshia8787)
33470,tautiki
33471,tavi_(hosheezus)
33472,tavn
33473,tavor_(m_tavor)
33474,tawapo
33475,tawashi1623
33476,tawashi_hechima
33477,tawashipurin
33478,tawasiupa
33479,taya_oco
33480,tayako
33481,tayama_midori
33482,tayashigu_(suisyounohosizora)
33483,tayuura_(kuwo)
33484,tazaki_hayato
33485,tazaki_masanobu
33486,tazbun
33487,tazrn1
33488,tazu
33489,tb_(spr1110)
33490,tbocart
33491,tbrsnsk
33492,tcb
33493,td_(tandeom97)
33494,tdatnst
33495,tdinhphung
33496,tdk
33497,tdp
33498,te_toga
33499,tea6043
33500,tea_(candyfoxx)
33501,tea_(nakenashi)
33502,tea_(retroz)
33503,tea_pot
33504,teaclaw
33505,tear_tear0320
33506,tearfish
33507,teasmacker
33508,teba_motoko
33509,tebamaru
33510,tebi_(tbd11)
33511,tecchen
33512,techi_(siro-white_0803)
33513,techi_(techi35499)
33514,techimi
33515,teckinder
33516,tecoyuke
33517,tedain
33518,teddy_(khanshin)
33519,teddyellow
33520,teeburu
33521,teemu_taiga
33522,teen_(teen629)
33523,teeta_j
33524,teeth_bro
33525,tef
33526,tefco
33527,tefec
33528,teffish
33529,tefu
33530,tefutefufu
33531,tefutene
33532,tegaki_no_yuu
33533,tegami_(kch7683)
33534,tege_(tege_xxx)
33535,tehen
33536,tei-o
33537,teijiro
33538,teikoku_gensui
33539,teikoku_jokyoku
33540,teikoku_shounen
33541,teina
33542,teinba
33543,teiputi
33544,teiryoku_lolita
33545,teisuu
33546,teizen_(niwamaee)
33547,teke
33548,teke_(exploration)
33549,tekehiro
33550,teketeke_(tasutekete)
33551,teketi
33552,tekina_(chmr)
33553,tekito_midori
33554,tekitou_nimo_hodo_ga_aru
33555,tekka_maki_(wafuu-bune)
33556,tekkai_blade
33557,tekki_(tki)
33558,tekkowang
33559,tekla
33560,teko
33561,teko_(tawake)
33562,tekona0
33563,tekuho_no_habo
33564,tekuteku_(yuuhodou)
33565,tel
33566,tel-o
33567,telaform
33568,telepurte
33569,teletelo
33570,tellzeta
33571,telomere
33572,teltelhousi
33573,telu_(teluscarlet)
33574,tem10
33575,tem_(tempainting1)
33576,temachii
33577,temakizushi_(temakizushisand)
33578,temari114
33579,temari_(deae)
33580,temari_maco
33581,temari_rin
33582,temariame14
33583,tembin_3
33584,temir
33585,temmie_chang
33586,temoc
33587,temoshi
33588,templus
33589,tempura_person
33590,tempy_(rinsia)
33591,temu
33592,temu_(tem27)
33593,temu_(temp_mumu)
33594,temurei_(vovovov)
33595,temutemutemu
33596,ten-chan_(eternal_s)
33597,ten_(lu2948d)
33598,ten_(tenchan_man)
33599,ten_1397xx
33600,ten_cws
33601,ten_no_hoshi
33602,ten_piboshi
33603,ten_ten_10_10
33604,tenacitysaho
33605,tenako_(mugu77)
33606,tenamaru
33607,tenbin_gashira
33608,tenchi_mayo
33609,tenchisouha
33610,tenchou_(sakai)
33611,tenchou_no_matsumoto
33612,tendenbarabara
33613,tendoshi
33614,tendou_kaoru
33615,tenebscuro
33616,teneko02
33617,teng_zhai_zi
33618,tengo_(maotengo)
33619,tengu_(tetuo_kun)
33620,tengu_nimuru
33621,tengu_nouzu
33622,tengxiang_lingnai
33623,tenhi_tsukitori
33624,tenhiro_naoto
33625,tenji
33626,tenji_(tenji_89)
33627,tenjiku_nezumi
33628,tenjin_(ahan)
33629,tenjin_hidetaka
33630,tenjou_ryuka
33631,tenjou_tsuki
33632,tenk
33633,tenken_(gotannda)
33634,tenkey2022
33635,tenko_(gintenko)
33636,tenkomori_(bug_kura)
33637,tenkomori_(nirastrator)
33638,tenkuu_nozora
33639,tenkuu_sphere
33640,tenmaru
33641,tenmaso
33642,tenmiyakiyo
33643,tenmu_shinryuusai
33644,tenneko_yuuri
33645,tennen_inari
33646,tenni_noboru
33647,tennohi
33648,tennosuke_(tejons)
33649,tennouji_masamichi
33650,tenobe
33651,tenoo12
33652,tenpanco
33653,tenpesuto
33654,tenpura32200
33655,tenpura_(tenpura621)
33656,tenpura_noraneko
33657,tenrai
33658,tenrouza_ray
33659,tenroy
33660,tenryou_sena
33661,tensann3
33662,tenseiani
33663,tensen_(dotted_line)
33664,tenshin_amaguri_(inobeeto)
33665,tenshin_kagehisa
33666,tensugi_takashi
33667,tenteko_mai51
33668,tenten_(chan4545)
33669,tenten_(kitty)
33670,tententensan
33671,tenti0619
33672,tenton_(henatyo)
33673,tentsuu_(tentwo)
33674,tenyo0819
33675,tenyoshi_(briansept)
33676,tenzeru
33677,teo_(telo_ruka)
33678,teo_(teorekka)
33679,teoi_(good_chaos)
33680,teoshiguruma
33681,teoskyrios
33682,tepen_(tptptpn)
33683,tepes
33684,ter_(otokoter)
33685,tera_(trs82341711)
33686,tera_dash
33687,tera_hiroshi
33688,terada_ochiko
33689,terada_tera
33690,teraguchi
33691,terai_(teraimorimori)
33692,teraichigo
33693,terakoya
33694,teramoto_kaoru
33695,teramoto_kei
33696,teranekosu
33697,teranen
33698,terano_haruma
33699,terasu_mc
33700,teratsuki
33701,terayamaden
33702,terazip
33703,tere_asahi
33704,tere_douga
33705,teria_(teriarian)
33706,teriibol
33707,terimayo
33708,terimayo_(sonnne_farbe)
33709,teroo
33710,teroru
33711,terra_bose
33712,terrajin
33713,terras
33714,terry_(pixiv3274443)
33715,teru2307
33716,teru_by_m
33717,teru_sakura
33718,teru_suzu
33719,teruchan
33720,terufuu
33721,teruisi
33722,terujirou_(masateruteru)
33723,terumi_rumi
33724,terumii
33725,terumin_(yuganda_sebone)
33726,terupancake
33727,teruriu
33728,teruru
33729,teruteru12
33730,teruteru_(teru_teru)
33731,teruui
33732,teruya_(6w6y)
33733,tes_(unpre)
33734,teshima_nari
33735,tesin_(7aehyun)
33736,tesna
33737,tesomu
33738,tessai
33739,tessaku_ro
33740,tesshii_(riza4828)
33741,testa
33742,teston
33743,tesu
33744,tesun_(g_noh)
33745,tete_tuyuten
33746,tetesudeesu
33747,tetetsu_(yuns4877)
33748,teti
33749,tetisuka
33750,tetopetesone
33751,tetora_(oudonoishiize)
33752,tetori
33753,tetori_(tetolisto)
33754,tetose
33755,tetra_takamine
33756,tetrodotoxin
33757,tetsu_(excalibur920)
33758,tetsu_(kimuchi)
33759,tetsu_(teppei)
33760,tetsu_booya
33761,tetsu_no_samurai
33762,tetsu_tissue
33763,tetsua_rei
33764,tetsuffy_(tetsulul)
33765,tetsuji
33766,tetsujin_momoko
33767,tetsukuzu_(yajirushi_shita)
33768,tetsukuzu_tetsuko
33769,tetsuo_(tashirosu)
33770,tetsurou_(fe+)
33771,tetsuwan_woopie
33772,tettabuzz
33773,tetto_(onnoveltet)
33774,tetugakuzonbi
33775,tetuw
33776,teu_(navy)
33777,tevit_(tevit15)
33778,tewaki
33779,tewarusa
33780,tewo_(tewowet)
33781,teyuruun
33782,tezurumozuru
33783,tezy8art
33784,tfnfe_sach
33785,tft_(tft7822)
33786,tftf649e
33787,tgf_pic
33788,tgxx3300
33789,thalia
33790,thana
33791,thanabis
33792,thar_chandran
33793,thatob
33794,thatpebble
33795,thatpersonaguy
33796,thaumana
33797,the-sinner
33798,the0neulost
33799,the_art_mage
33800,the_atko
33801,the_boogie
33802,the_cecile
33803,the_cold
33804,the_dark_mangaka
33805,the_freakin_yui
33806,the_golden_smurf
33807,the_hermit
33808,the_iizumi
33809,the_insaneum
33810,the_kite
33811,the_maa
33812,the_mad_mimic
33813,the_olphy
33814,the_only_shoe
33815,the_other_half
33816,the_pink_pirate
33817,the_raineman
33818,the_scarlet_devil
33819,thecooleralexico
33820,thedurianart
33821,thefearmaster
33822,theflatfacadeds
33823,thegreyzen
33824,thehumancopier
33825,theironmountain
33826,thelatestkate
33827,themaestronoob
33828,thenintlichen96
33829,theon_(te2eo)
33830,there2007
33831,thernz
33832,therrao
33833,thesale
33834,theta_(ponkotsu_works)
33835,theycallhimcake
33836,thicopoyo
33837,thijikoy
33838,thin_(suzuneya)
33839,thirdphp
33840,thirty_8ght
33841,thisuserisalive
33842,thkani
33843,tholia_bentz
33844,thomas_(aoakumasan)
33845,thomas_8000
33846,thomason366
33847,thomasz
33848,thompson_(solowingfh)
33849,thor_(deep_rising)
33850,thore_(nathalukpol)
33851,thotep
33852,three_k_(spiritus_no_honoo)
33853,three_twosix
33854,throat_(artist)
33855,throtem
33856,thrux
33857,thunder-35
33858,thundergotch
33859,thundradrawings
33860,thupoppo
33861,thurim6
33862,thus0thus
33863,thxzmgn
33864,ti_keep
33865,tia_(4017342)
33866,tia_(cocorosso)
33867,tiamat_(momokuri_mannen)
33868,tian_(my_dear)
33869,tian_kazuki
33870,tian_niunai_hezi
33871,tian_zhu2357
33872,tianel_ent
33873,tiankong_pie_ai
33874,tiankong_yiji
33875,tianliang_duohe_fangdongye
33876,tianlluo
33877,tianya_beiming
33878,tianye_toshi
33879,tianyu_jifeng
33880,tianzhong_zhongtian
33881,tiara_(871220)
33882,tiasis
33883,tibaridooor
33884,tibino
33885,tibonobannsann
33886,ticcy
33887,ticker_(kks2ksy)
33888,ticktack_chicken
33889,tidsean
33890,tiemu_(man190)
33891,tierla
33892,tierra_misu
33893,tififox
33894,tiger_(tiger-kimu)
33895,tiger_rmn
33896,tigern
33897,tigern_(tigern28502735)
33898,tight_(ohmygod)
33899,tihoro1609
33900,tiihatanono
33901,tika_(mika4975)
33902,tikano
33903,tiko_(idadsa91)
33904,tiku_(ttcwf03)
33905,tikuwanwa
33906,tikuwazyousyou
33907,tilde_(ice_cube)
33908,tiler_(tiler00)
33909,tilm
33910,tilt-shift_(azalanz)
33911,tilu
33912,tim_(a9243190a)
33913,tima
33914,timato
33915,timbocactus
33916,timbougami
33917,timitarcat
33918,timmoo
33919,timmyyen
33920,timnehparrot
33921,timo_wei95
33922,timruya
33923,timtam
33924,timy
33925,tina_(pixiv37050289)
33926,tina_(tinafya)
33927,tina_fate
33928,tini
33929,tinia_etru
33930,tinker_bell_(pixiv_10956015)
33931,tinkle2013
33932,tinkle_bell
33933,tinnies
33934,tiny_(0v0)
33935,tiny_(tini3030)
33936,tinybiard
33937,tio_(005)
33938,tiokun7
33939,tipii
33940,tipo_(tipoplaza)
33941,tira_27
33942,tiramisu651
33943,tirano_tenchou
33944,tirarizun
33945,tirasi_(so)
33946,tiri_man
33947,tirofinire
33948,tirotata
33949,tirtyturtle
33950,tirudo29
33951,tisanntisyou
33952,tissuebox_(artist)
33953,titaniumtai
33954,titann
33955,titi_titi
33956,titiduki_(manman-ya)
33957,tiv
33958,tiyi_(tiyi_a09)
33959,tizibade
33960,tj-type1
33961,tk28
33962,tk31
33963,tk4
33964,tk_(butakuma)
33965,tk_(takotsuboya)
33966,tk_(tksnim)
33967,tkbn_r
33968,tkc_(user_snjd8547)
33969,tkd_dkt
33970,tkgsize
33971,tkhs
33972,tkln
33973,tko_(kkk66)
33974,tkoknmy0321
33975,tkool_man
33976,tks_(526tks)
33977,tksand
33978,tktk135
33979,tkugane
33980,tl_(xdd)
33981,tladpwl03
33982,tlandolt69
33983,tlctm7h8wdwnthx
33984,tlla
33985,tlman
33986,tm-pika
33987,tm_(gf-tm)
33988,tm_(hanamakisan)
33989,tmktmg_sgm2
33990,tmku
33991,tmo-cat
33992,tmt
33993,tmtkn1
33994,tn_kn1000
33995,tnaym
33996,tnolize
33997,tnonizyou
33998,tnr_(horiko1525)
33999,tnt_(aaaazzzz)
34000,to-den_(v-rinmiku)
34001,to-ru
34002,to9_722
34003,to@st
34004,to_(tototo_tk)
34005,to_camellia
34006,to_e
34007,to_gemichi
34008,to_kage_p
34009,to_ze
34010,toa510
34011,toadstool_(natadekoko)
34012,toake_mikage
34013,toaruocha
34014,toasty_scones
34015,toastytoast
34016,toasu
34017,tob
34018,toba_hiyoko
34019,toba_kuti
34020,tobacco_(tabakokobata)
34021,tobade_(tbdfactory)
34022,tobalin
34023,tobari_(brokenxxx)
34024,tobari_(seaetana)
34025,tobatoinu
34026,tobe_sunaho
34027,tobi_(discharge_cycle)
34028,tobi_(kotetsu)
34029,tobi_(nekomata_homara)
34030,tobi_(one)
34031,tobi_(pixiv41237754)
34032,tobias_leviathan
34033,tobias_wheller
34034,tobildesu
34035,tobimura
34036,tobisawa
34037,tobitori
34038,tobiuo_(62masa62)
34039,tobo_katsuo
34040,toboldlymuppet
34041,toboso_yana
34042,tobu_(bilibil)
34043,tochi_keisuke
34044,tochiko_(spi)
34045,tochinoko
34046,tocky
34047,tocope
34048,toda_kazuki
34049,todd_l._milhouse
34050,todding
34051,todee
34052,todo-akira
34053,todo_(masa3373)
34054,todoroki_gk2
34055,todoroki_sora
34056,toe_gojuu
34057,toenketsu
34058,toeri_(rococo)
34059,tof
34060,tofu1601
34061,tofu_(tf07px)
34062,tofu_(tofulabo)
34063,tofu_juuji
34064,tofu_thunder
34065,tofuandsoup
34066,tofudofu
34067,tofumang
34068,tofuubear
34069,tofuubuns
34070,tofuvi
34071,tog_(shoten)
34072,toga_(toganawa)
34073,togami_(tobysou526)
34074,togare
34075,togashi_(choco-bakama_kitchen)
34076,togatamaki
34077,togekk0
34078,togemaru34
34079,togeshiro_azami
34080,togetoge
34081,toggy_keiichi
34082,togi9999
34083,togin
34084,togo_(korlsj1235)
34085,toguchi_masaya
34086,togusa_masamu
34087,tohka_10days
34088,toho-77
34089,toho10min
34090,toho_(kihon_ha_yappa)
34091,tohoho_(hoshinoyami)
34092,tohou89
34093,tohoyuukarin
34094,toi1et_paper
34095,toi8
34096,toi_(number8)
34097,toi_(toiot)
34098,toi_pngr
34099,toichi
34100,toichi_(ik07)
34101,toima_(beat0829)
34102,toin_(iitoin)
34103,toinana
34104,toipokun_oyashi
34105,toiro_gawon
34106,toji_(y2toj2)
34107,tojo_aoi
34108,tojorin
34109,toka_(marchlizard)
34110,tokai
34111,tokeru
34112,tokeshi
34113,toketa-sekai
34114,toketa_neko
34115,toketou
34116,toki
34117,toki_(1243309499)
34118,toki_(toki_ship8)
34119,toki_(tokihakashi)
34120,toki_reatle
34121,toki_to_shishin
34122,tokiame
34123,tokiani
34124,tokifuji_kougetsu
34125,tokihama_jirou
34126,tokihanatareshi
34127,tokiji
34128,tokiki_(tomok1)
34129,tokimachi_eisei
34130,tokine_(maikaze)
34131,tokinhr
34132,tokiniwa
34133,tokinon
34134,tokio_(okt0w0)
34135,tokio_neo
34136,tokiomi_tsubasa
34137,tokira_nozumi
34138,tokisaka_makoto
34139,tokishima_sikuka
34140,tokita_(jyabarachan)
34141,tokita_arumi
34142,tokita_monta
34143,tokiti
34144,tokito_yu
34145,tokitsu_sousaku
34146,tokiwa757
34147,tokiwa_(914)
34148,tokiwa_(mukoku)
34149,tokiwa_midori_(kyokutou_funamushi)
34150,tokiwa_png
34151,tokiwa_senkei
34152,tokiwata_soul
34153,tokiya
34154,tokiziku
34155,tokkakyou
34156,tokki
34157,tokkyu
34158,tokkyuu_mikan
34159,tokodenashi
34160,tokoharu
34161,tokoi
34162,tokomaya_keita
34163,tokomichi
34164,tokoni_fusu
34165,tokonone
34166,tokopi
34167,tokorinowa
34168,tokoroten_(hmmuk)
34169,tokoshibyra
34170,tokoyu
34171,toksie
34172,toktin_zq
34173,toku_(tokuhp)
34174,toku_(yhpv8752)
34175,toku_sonchou
34176,tokufumi
34177,tokumaro
34178,tokumei_wombat
34179,tokumi_yuiko
34180,tokunaga_(umemoto)
34181,tokunaga_akimasa
34182,tokunaga_aoi
34183,tokuno_yuika
34184,tokunou_shoutarou
34185,tokusa_riko
34186,tokuura
34187,tokyo_(1421)
34188,tokyo_(great_akuta)
34189,tokyo_yamane
34190,tokyogenso
34191,tol10131
34192,toluda
34193,tom-neko_(zamudo_akiyuki)
34194,tom_(1art.)
34195,tom_(pixiv10026189)
34196,tom_q_(tomtoq)
34197,tom_skender
34198,toma_(asagayatei)
34199,toma_(norishio)
34200,toma_(shinozaki)
34201,toma_(toma50)
34202,toma_tokage
34203,tomaco
34204,tomako_(tatihitoe)
34205,tomamatto
34206,tomanattsu
34207,tomare_(akashingou)
34208,tomari_(veryberry00)
34209,tomari_drew
34210,tomas_(kaosu22)
34211,tomatika
34212,tomato_(lsj44867)
34213,tomato_0429
34214,tomato_cyuki
34215,tomato_mameta
34216,tomato_rice
34217,tomatojam
34218,tomatoketchup96
34219,tomatology3
34220,tomatolover16
34221,tomatomagica
34222,tomatoman01c
34223,tomatomato_(tomato_kanzume)
34224,tomatomiya
34225,tomaton_(t_0)
34226,tomatto_(@ma!)
34227,tomawarinosuizou
34228,tombiiwa
34229,tombsakura
34230,tomcat
34231,tomcat_(moconeko)
34232,tomi27
34233,tomid
34234,tomidoron
34235,tomifumi
34236,tomihero
34237,tominaga_mari
34238,tomioka_jirou
34239,tomiokasena
34240,tomisaka_yorui
34241,tomitayaki
34242,tomiwo
34243,tommer
34244,tommy_(kingdukeee)
34245,tommy_region
34246,tomo-graphy
34247,tomo0843
34248,tomo5656ky
34249,tomo_(machinemess)
34250,tomo_(ryo_i_so_)
34251,tomo_(sjim)
34252,tomo_(tmtm_mf_mf)
34253,tomo_(tomorag7)
34254,tomo_(tomosa011326)
34255,tomo_eokaiteru
34256,tomo_ro
34257,tomo_shirasu
34258,tomo_takino
34259,tomobe_kinuko
34260,tomochi_(tmc_tmc8)
34261,tomochiso
34262,tomodachi_(tomofanart)
34263,tomoe_(fdhs5855)
34264,tomoe_(itigo)
34265,tomoe_(tomoe_200)
34266,tomoeri
34267,tomohi
34268,tomohiro_(duo)
34269,tomohiro_kai
34270,tomojo
34271,tomoki_tomonori
34272,tomokichi
34273,tomokoji
34274,tomomimi_shimon
34275,tomon_(slash0410)
34276,tomonao
34277,tomono_rui
34278,tomonx
34279,tomoo_(tomo)
34280,tomoruka_mr
34281,tomose_shunsaku
34282,tomoshibi_hidekazu
34283,tomoshiki
34284,tomosuke
34285,tomotsuka_haruomi
34286,tomoya_(artist)
34287,tomoya_kankurou
34288,tomoyan_(nyakkoya)
34289,tomoyo_kai
34290,tomoyuki_hino
34291,tomoyuki_kotani
34292,tomozero
34293,tomozo_kaoru
34294,tomozu
34295,toms
34296,tomu_(tom_309k)
34297,tomu_(tomubobu)
34298,tomura2maru
34299,tomusooya
34300,tomycase
34301,tomyoo
34302,ton_(ton19130318)
34303,ton_(ton39342104)
34304,ton_ton_tontoro
34305,tona_(nekotte)
34306,tona_bnkz
34307,tonami_kanji
34308,tonan_(l0l0l0l0l0l)
34309,tonan_leopard
34310,tonari_(ichinichime_azuma)
34311,tonari_no_kishida
34312,tonarikeru
34313,tonariuta
34314,tonbanlove
34315,tonbi
34316,tonbi_(enbitonbi)
34317,tonbidou
34318,tonbippo08
34319,tonbo
34320,tonbofree
34321,tonchamon_san
34322,tonchan
34323,tonchinkan
34324,tonda
34325,tondamanuke
34326,tonee
34327,toneko
34328,tonestarr
34329,tong_(freedom2000)
34330,tong_shui
34331,tongari
34332,tongtangtong
34333,tonguewasabi
34334,tongzhen_ganfan
34335,toni_infante
34336,tonito
34337,toniwing
34338,tonka_kryga
34339,tonkatsu184
34340,tonke
34341,tonki
34342,tonko_from
34343,tonkotsu_frappuccino
34344,tonmoh
34345,tono_(rt0no)
34346,tono_munekage
34347,tonogai_yoshiki
34348,tonogaya
34349,tonokawa
34350,tonomayo
34351,tonomiya68
34352,tonotyama
34353,tonpuu
34354,tonta_(tonta1231)
34355,tonton_(mathcaca24)
34356,tonton_(tonz159)
34357,tonton_utaro
34358,tony_guisado
34359,tony_kuusisto
34360,tony_man+
34361,tony_taka
34362,too_mizuguchi
34363,tooaya
34364,tooboshoo
34365,tooculi
34366,tooi_aoiro
34367,tooka
34368,tooku0
34369,tooku_nomura_(artist)
34370,toomishou
34371,toon_(noin)
34372,toono_yayoi
34373,toonsite
34374,tooo
34375,tooo88
34376,toor_0111
34377,tooru
34378,tooru_(jux)
34379,toosaka_asagi
34380,tooya_daisuke
34381,top-exerou
34382,topadori
34383,topdylan
34384,topgear
34385,topia
34386,toplow
34387,topo_(bacchustab)
34388,topsu
34389,topu
34390,toqha3247
34391,tor_(torkrub111)
34392,tor_ai
34393,tora_(torayarou)
34394,tora_(trampjing)
34395,tora_d
34396,tora_jun
34397,tora_tsugumi
34398,torahime_(roland00)
34399,toraishi_666
34400,torajimaneko
34401,torajirou_(toraneko_zirou)
34402,torakichi_(ebitendon)
34403,torakichi_888
34404,torako_(toramaru)
34405,toramaru_(696anna)
34406,toramaru_(toramal9831)
34407,toranashi
34408,toraneko
34409,toraneko_2
34410,torano
34411,toranoe
34412,toranoo
34413,toranosuke
34414,toranpo_rintarou
34415,torapunch
34416,torashiro_eiji
34417,torasigure
34418,torathi
34419,toratora_(nanahaba)
34420,torawar
34421,toraya_(doujintraya)
34422,tore_(ksg666xxx)
34423,tori_(10ri)
34424,tori_(bromaticbrotrap)
34425,tori_(driftwood)
34426,tori_(hiyoko_bazooka)
34427,tori_(labyrinth_fft)
34428,tori_(minamopa)
34429,tori_(otori)
34430,tori_(qqqt)
34431,tori_no_shigure_ni
34432,tori_ririisu
34433,tori_rui
34434,tori_udon
34435,toriatamastudio
34436,toriatto_gununu
34437,toriburi
34438,torichamaru
34439,torichikushou
34440,toridamono
34441,toriga
34442,toriga_naku
34443,torigoe_takumi
34444,torihasiden
34445,torii5011
34446,torii_sumi
34447,torii_yoshitsuna
34448,toriko_(hatoriko)
34449,torikoboshi
34450,torimahera
34451,torimaru
34452,torimeiro
34453,torinari_(dtvisu)
34454,toriniku29
34455,toriniku_senshi_chikinman
34456,torino_aqua
34457,torino_kawazu
34458,torino_sasami
34459,torinoesa
34460,torinokawori
34461,torinoko_(miiko_draw)
34462,torinone
34463,torinonest
34464,torinosukei
34465,toriny
34466,torio_(mocd1985)
34467,toripisu
34468,torisan
34469,torisanff14
34470,toriseka
34471,toriseru_(rare_stone)
34472,torishu_(kumataka_4867)
34473,torisu
34474,torisudesu
34475,toritora
34476,toriumi_(fioripera14)
34477,toriyama_akira
34478,toriyarou
34479,toriyoshi
34480,torjun_111
34481,torla16
34482,torn_flipper
34483,toro3
34484,toro_(konirio)
34485,toro_(shiro)
34486,toro_astro
34487,toroi_(run01211)
34488,torokeru_none
34489,toromera
34490,toromi_(toromix2)
34491,toromi_chuuka
34492,toron_(mino106)
34493,toropp
34494,tororo_(toriaezu)
34495,tororo_ten
34496,torosakana
34497,torotei
34498,torottye
34499,torque
34500,torrentduck
34501,torriet
34502,torso_(hjk098)
34503,toru_k
34504,toru_nagase
34505,toruglose
34506,toruneko
34507,tory_youf
34508,toryu_fufu
34509,toryuu
34510,tosaka_(tosaka0001)
34511,tosakaoil
34512,tosazun
34513,tosh_(imonade_ryouchou)
34514,toshi
34515,toshi_(1-147)
34516,toshi_(anime_coloring)
34517,toshi_(hokkaido2015)
34518,toshi_(little-fluffy-cloud)
34519,toshi_aki
34520,toshi_hiroshi
34521,toshi_punk
34522,toshiasan
34523,toshibou_(satsukisou)
34524,toshifumi
34525,toshiharu_(s_narutoshi)
34526,toshihiro
34527,toshimichi_yukari
34528,toshinoshin
34529,toshise.
34530,toshishikisai
34531,toshiya
34532,toshizou_(0714)
34533,tost_(cloi123)
34534,tostantan
34535,tostos
34536,tosura-ayato
34537,tosyeo
34538,tota_(sizukurubiks)
34539,totaku_(musha_prune)
34540,total
34541,totallyiryanic
34542,totatokeke
34543,toten_(der_fuhrer)
34544,totennko
34545,totesfleisch8
34546,toto_(caaaaarrot)
34547,toto_(hitori_othello)
34548,toto_(kuro_toto)
34549,toto_nemigi
34550,totoharu_(kujirai_minato)
34551,totoki86
34552,totokichi
34553,totomiya
34554,totomono
34555,totonii_(totogoya)
34556,totororo
34557,totorosu
34558,totsuki_tooka
34559,totte
34560,totteri
34561,totthii0081
34562,totto
34563,totto_(naka)
34564,tottoto_tomekichi
34565,tottotonero
34566,tottsan
34567,tottsuan
34568,touboku
34569,toucailao
34570,touchika
34571,touchuu_kasou
34572,toudori
34573,toudou_(dolce)
34574,toudou_charo
34575,toufu_(toufu_53)
34576,toufu_mentaru_zabuton
34577,tougarashi_hideyu
34578,touge_(kubiwa_tsuki)
34579,touge_hiro
34580,tougetsu_gou
34581,tougo
34582,touhourh
34583,toujirou
34584,toujou_(toujou_ramen)
34585,toujou_masateru
34586,toujou_mina
34587,toujou_sakana
34588,toukaairab
34589,toukan
34590,toukashi_(2tou9)
34591,touki_matsuri
34592,touko_(toko12_tooko)
34593,touko_56
34594,touma_(tomatooo018)
34595,touma_(tsunamiharuru)
34596,touma_kisa
34597,touma_rui
34598,toumeiii
34599,touming_tomei
34600,touniyuu
34601,touoh
34602,touon
34603,touryou
34604,tousaki_(tousakiworks)
34605,tousaki_shiina
34606,tousaki_umiko
34607,tousen
34608,toushi_ryoku
34609,toushirou_(sugarwhite1046)
34610,tousok
34611,toutenkou
34612,touto_seiro
34613,toutouhai
34614,touu_yaiba
34615,touwa_iyo
34616,touxing_no_diluka
34617,touya_(konpekitou)
34618,touya_(the-moon)
34619,touya_kotonari
34620,touyama_sabu
34621,touyama_soboro
34622,touyarokii
34623,touyou_(39kir)
34624,touyu_(yuruyuruto)
34625,touyu_1210
34626,touzai_(poppin_phl95)
34627,tovio_rogers
34628,towa_(clonea)
34629,towada-san_(thank39)
34630,towamin
34631,towanemuru
34632,toweling3
34633,toweringman
34634,towne
34635,towrituka
34636,towtow_redoland
34637,toxic_(toxicv)
34638,toxic_ghost
34639,toxxy
34640,toy(e)
34641,toya_0321
34642,toyasu_aina
34643,toyo_(c8)
34644,toyo_(sameden46)
34645,toyoda_izumi
34646,toyoman
34647,toyomi_13
34648,toyonaga_ryouhei
34649,toyosaka
34650,toyosaki_shu
34651,toyosu
34652,toyosu_toyosu
34653,toyota_saori
34654,toyoura_(23066494)
34655,toyu
34656,toyux2
34657,to~fuya
34658,tp_(kido_94)
34659,tp_p_pt
34660,tpi_ri
34661,tpicm
34662,tqg_07
34663,tr_(hareru)
34664,tracyton
34665,train_90
34666,train_hb
34667,tranquillianusmajor
34668,transpot_nonoko
34669,trap_(drthumt)
34670,traum38
34671,traveler_(artbbt)
34672,travo
34673,tre_artz
34674,tree_13
34675,treetree233
34676,treeware
34677,trefle_r
34678,trente
34679,tres-iques
34680,treslech3s
34681,trevo_(trevoshere)
34682,tri
34683,triangle_bullet
34684,trianon
34685,tricky_46
34686,tridisart
34687,tries
34688,trigonometric_function
34689,trimbil
34690,trinitro_t
34691,tripdancer
34692,triple-q
34693,trista_(makkoivenus)
34694,triuni
34695,tro_(trombe)
34696,tropero
34697,truejekart
34698,truffleduster
34699,trunkdiary
34700,trutsmn
34701,try_(lsc)
34702,ts422
34703,tsa
34704,tsengyun
34705,tsetainsu
34706,tsu_(lovesick1964)
34707,tsuaii
34708,tsubaki_(tatajd)
34709,tsubaki_(tsubakiyasan)
34710,tsubaki_0317
34711,tsubaki_tsubaru
34712,tsubakiya
34713,tsubakiyama_parry
34714,tsubame-tsubame-
34715,tsubame_(minami_haruka)
34716,tsubame_tien
34717,tsubameno
34718,tsubameyado
34719,tsubasa19900920
34720,tsubasa_(abchipika)
34721,tsubasa_(godbardtsubasa)
34722,tsubasa_tsubasa
34723,tsubasaki
34724,tsubasansan
34725,tsubobot
34726,tsubonari
34727,tsubooi
34728,tsubsa_syaoin
34729,tsubuan_(in_taiyaki)
34730,tsubudashi
34731,tsubure_manjuu
34732,tsubuta_hiro
34733,tsubutarou
34734,tsuchi_(sh_spica1)
34735,tsuchibayashi_makoto
34736,tsuchifumazu
34737,tsuchihara_ai
34738,tsuchii_(ramakifrau)
34739,tsuchikure
34740,tsuchimiya
34741,tsuchinoko_(muni_muni)
34742,tsuchinoto
34743,tsuchiya_akira
34744,tsuda_akira
34745,tsuda_nanafushi
34746,tsudero
34747,tsuduki_neko
34748,tsuduya_(knt31)
34749,tsuezu
34750,tsuga
34751,tsugaru_(co-walker)
34752,tsugomori_(remilia0398)
34753,tsugu0302
34754,tsugu_(tsugu_823)
34755,tsugumi_(tky-fam)
34756,tsugumi_(uzurabird)
34757,tsugumi_amon
34758,tsugutoku
34759,tsui_(kojiya)
34760,tsuina
34761,tsuiru
34762,tsuji
34763,tsuji_kazuho
34764,tsuji_santa
34765,tsuji_yuzu
34766,tsujieiri
34767,tsujigiri
34768,tsujii_luki
34769,tsujin_bohboh
34770,tsujiori
34771,tsujisaki_(coa3)
34772,tsujiya_okuyasu
34773,tsujizen
34774,tsuka
34775,tsuka_(blind_side)
34776,tsukaasa
34777,tsukachii
34778,tsukamichi_fumi
34779,tsukamori_shuuji
34780,tsukamoto_anabone
34781,tsukamoto_kensuke
34782,tsukamoto_minori
34783,tsukamoto_takashi
34784,tsukana_(saba_mizore)
34785,tsukareme
34786,tsukareta_san
34787,tsukasa-emon
34788,tsukasa_(avdx5538)
34789,tsukasa_(tukasa_br)
34790,tsukasa_0913
34791,tsukasa_jun
34792,tsukasa_kinako
34793,tsukasa_tsubasa
34794,tsukasa_yuuki
34795,tsukasawa_takamatsu
34796,tsuke_(maholabo)
34797,tsukemon
34798,tsukeo
34799,tsuki-shigure
34800,tsuki_no_i-min
34801,tsuki_suigetsu
34802,tsuki_tokage
34803,tsukiaki_teriyaki
34804,tsukibara
34805,tsukigami_chronica
34806,tsukigami_runa
34807,tsukigi
34808,tsukihi_shida
34809,tsukii
34810,tsukiinu_(1174943116)
34811,tsukiiro
34812,tsukiji
34813,tsukijitums
34814,tsukikage_nemu
34815,tsukikage_oyama
34816,tsukikanade
34817,tsukikaze_aki
34818,tsukikusa
34819,tsukiman
34820,tsukimaru
34821,tsukimaru_(ls_99ml)
34822,tsukimi_(ryouiki_ridatsu)
34823,tsukimi_(tkm_516)
34824,tsukimi_(xiaohuasan)
34825,tsukimi_50
34826,tsukimi_kirara
34827,tsukimi_seiya
34828,tsukimirin
34829,tsukimiya_kamiko
34830,tsukimiya_sara
34831,tsukimizake
34832,tsukimochikuriko_(tsukimochi_k)
34833,tsukimori_hiro
34834,tsukimori_usako
34835,tsukimoto_aoi
34836,tsukimoto_kizuki
34837,tsukimoto_reiji
34838,tsukimura_(d24f4z8j3t)
34839,tsukimura_noe
34840,tsukinami_kousuke
34841,tsukineko
34842,tsukino_(nakajimaseiki)
34843,tsukino_murakumo
34844,tsukino_omame
34845,tsukino_wagamo
34846,tsukinon
34847,tsukinowa_kumatarou
34848,tsukioka_kirio
34849,tsukioka_tsukiho
34850,tsukiori
34851,tsukiori_sasa
34852,tsukira_(amayadori)
34853,tsukise_miwa
34854,tsukishima_makoto
34855,tsukishima_yuuko
34856,tsukishiro_kou
34857,tsukito_(leaf_moon82)
34858,tsukiyo_(skymint)
34859,tsukiyo_no_ribbon
34860,tsukiyono_aroe
34861,tsukiyuki_mike
34862,tsukko_(3ki2ne10)
34863,tsukkon
34864,tsukky
34865,tsuko_(25mnts)
34866,tsukuba_masahiro
34867,tsukuda0310
34868,tsukuda_hayato
34869,tsukudani_(coke-buta)
34870,tsukudani_(ore624)
34871,tsukudani_norio
34872,tsukudato
34873,tsukugu
34874,tsukui_kachou
34875,tsukumi_bis
34876,tsukumiya_amane
34877,tsukumizu_yuu
34878,tsukumo_(soar99)
34879,tsukumo_kazuita
34880,tsukumo_nikyu
34881,tsukunendo
34882,tsukuno_tsuki
34883,tsukuru_(seki_sabato)
34884,tsukushi_akihito
34885,tsumagomi_izumo
34886,tsumaseu
34887,tsumayouji_(dekosoko)
34888,tsumayouji_(tumayog)
34889,tsume3mai
34890,tsumeki
34891,tsumetai_(tsurunoka)
34892,tsumetsume_zerii
34893,tsumi2112
34894,tsumi_guilty
34895,tsumidango
34896,tsumiki_akeno
34897,tsumitani_daisuke
34898,tsumumi_(kandume103)
34899,tsumurimai
34900,tsun'ichi_(tsun1)
34901,tsuna_(so_da77)
34902,tsunakawa
34903,tsunako
34904,tsunamayo
34905,tsunami_samemaru
34906,tsunamino_yuu
34907,tsunashima_shirou
34908,tsunaso_(lack_of_sunlight)
34909,tsunbeji
34910,tsunderemaids
34911,tsune_(tune)
34912,tsuneaki_(dosnan)
34913,tsunekawa_niwasuke
34914,tsunekun
34915,tsunemi_aosa
34916,tsunemoku
34917,tsunenorip
34918,tsunko_(9v2_q)
34919,tsuno_(nicoseiga11206720)
34920,tsuno_(tnngur)
34921,tsuno_no_hito
34922,tsunoji
34923,tsunono
34924,tsunsuki_(naobe009)
34925,tsuranukko
34926,tsuri_pi
34927,tsuru_(clainman)
34928,tsuru_(nekopanchi)
34929,tsuru_(thunder_tsuru)
34930,tsuruba_(tsu41014812)
34931,tsurubami_(gaad5227)
34932,tsurugi_(the_horizon)
34933,tsurugi_ai_(seikan_hitchhiker)
34934,tsurugi_hagane
34935,tsurugi_hikaru
34936,tsurui
34937,tsurukame
34938,tsurukawasha
34939,tsuruko_turuta
34940,tsurumai_kada
34941,tsurumaki_kazuya
34942,tsurumi_kazane
34943,tsurumura_ichiru
34944,tsurupy
34945,tsurusaki_takahiro
34946,tsuruse
34947,tsuruta_saya
34948,tsuseki
34949,tsushi
34950,tsushima_naoto
34951,tsuta_no_ha
34952,tsutsui_misa
34953,tsutsuji_(hello_x_2)
34954,tsuttsu
34955,tsuu_(tu-3)
34956,tsuuhan
34957,tsuukinkaisoku_oomiya
34958,tsuutenkaaku
34959,tsuuyakukan_reni
34960,tsuwabuki-san
34961,tsuyadashi_shuuji
34962,tsuyomaru
34963,tsuyudashimirin
34964,tsuyuka_(sunny_spot)
34965,tsuyuki_(yukitgraph)
34966,tsuyuki_yuki
34967,tsuyukina_fuzuki
34968,tsuyukusa_(eeta7273)
34969,tsuyuri_eri
34970,tsuyusora
34971,tsuyuta_kome
34972,tsuzuchii
34973,tsuzuki_(e_ci)
34974,tsuzuki_masumi
34975,tsuzuri_(itosousou)
34976,tsuzuri_(tu-san_house)
34977,tsuzuri_(tuzuri)
34978,tsuzutsu
34979,tsyn
34980,ttaji_(pass35)
34981,ttanne
34982,ttanuu.
34983,ttc
34984,ttegi_(ddeck_dg)
34985,tthal
34986,ttk_(ehohmaki)
34987,ttk_(kirinottk)
34988,ttmry_bonbon
34989,ttn_(239_239)
34990,ttnoooo
34991,ttomm
34992,ttosom
34993,ttptt
34994,ttrop
34995,ttt_(5274293)
34996,ttusee5
34997,tu_tora2
34998,tubumi
34999,tucana
35000,tuchinokoeffect
35001,tuck_(tuck23978434)
35002,tuda6
35003,tudon_(donut)
35004,tudurimike
35005,tugeneko
35006,tugmix
35007,tugo
35008,tugumi0w0
35009,tujiu_sama
35010,tukino_(panna)
35011,tukino_neru
35012,tukiwani
35013,tukno
35014,tuko
35015,tukuyo_kiriyuki
35016,tumikilondon5
35017,tumtumisu
35018,tun
35019,tuna21
35020,tuna_picture
35021,tunamayo_(dsasd751)
35022,tunamayochan
35023,tunapon01
35024,tungsten_(kwfr4544)
35025,tunoko98
35026,tuoer
35027,tuoni
35028,tuqi_pix
35029,turbo_engine_(rakugaki_tabo)
35030,turbulence
35031,turewindwalker
35032,turiganesou800
35033,turippy
35034,turisasu
35035,turna98
35036,turnip_eh
35037,turnip_kabura
35038,turquoise_iro
35039,turtle-kun
35040,turu
35041,tusia
35042,tuskryo
35043,tussy
35044,tusyn
35045,tutimaru0730
35046,tutinako
35047,tutou_jiang
35048,tutsucha_illust
35049,tuuuh
35050,tuuuuuututu
35051,tuxedo_de_cat
35052,tuxiaoning_not
35053,tuzaixia
35054,tuze111
35055,tuzhate
35056,tuziki_sang
35057,tuzki
35058,twarda8
35059,twc_(p-towaco)
35060,twice12314
35061,twin-7646
35062,twin_(tt_lsh)
35063,twinklelitchii
35064,twinpoo
35065,twiska_(doubitian)
35066,twistedscarlett60
35067,two-cat-walk
35068,two_pokemon
35069,two_strongtiger
35070,twobee
35071,twoframe
35072,twogie
35073,twomoon
35074,twrlare
35075,twumi
35076,ty_1865
35077,tyabesu
35078,tyako_089
35079,tyamurai33
35080,tyanoki
35081,tyaui_(xjju4435)
35082,tyazakura_sayu
35083,tyenka7728
35084,tyhaya
35085,tylor_hepner
35086,tylwing
35087,tyo197snh
35088,tyobimiru
35089,tyomimas
35090,tyone
35091,tyotto_ko_i
35092,tyou
35093,tyou08665851
35094,tyouseki
35095,tyouya
35096,type-dog
35097,type_90_(daihon'ei)
35098,type_moll
35099,typehatena
35100,typho
35101,tyrant_sugawara
35102,tyranu
35103,tyrone
35104,tyrzul
35105,tyson_hesse
35106,tyson_tan
35107,tyuga
35108,tyuraba
35109,tyutaka0427
35110,tzk6996
35111,u-doku
35112,u-joe
35113,u-min
35114,u-non_(annon'an)
35115,u-sama_(u_summer0719)
35116,u0rei
35117,u2_(5798239)
35118,u2suke
35119,u35
35120,u37777123
35121,u4284g
35122,u4_99384295
35123,u87654321111111
35124,u9ffo
35125,u_(lastcrime)
35126,u_(mikaduki0720)
35127,u_(the_unko)
35128,u_5ham0
35129,u_da_desu
35130,u_emmm
35131,u_emper
35132,u_illustrator
35133,u_jie
35134,u_rin
35135,u_tnmn
35136,u_u_(mooooooou)
35137,u_u_ki_u_u
35138,u_u_zan
35139,u_yuz_xx
35140,uasi
35141,ub1mo
35142,ubah
35143,ubanis
35144,ubi_(ekdus6080)
35145,ubizo
35146,ubo_(ubo_tales)
35147,uboar
35148,ubwmitekure
35149,uccow
35150,uchako
35151,uchi_vs_the_world
35152,uchida_akira_(taaiseee1121)
35153,uchida_shou
35154,uchikata_takeaki
35155,uchimura_(rino0525)
35156,uchino_maiko
35157,uchio_kazumasa
35158,uchisaki_himari
35159,uchiu_kazuma
35160,uchiuchi_keyaki
35161,uchiyama_lammy
35162,uchuu_ika
35163,uchuuneko
35164,ucmm
35165,uda_(xax_057)
35166,uda_tetla
35167,udakyo
35168,udaruyo
35169,udon_(memai_no_kabe)
35170,udon_(shiratama)
35171,udon_(udonalium)
35172,udon_f
35173,udonko072
35174,udonpan
35175,udppagen
35176,uduki_(nissi)
35177,udukikosuke
35178,ue
35179,ueauwa
35180,uechin_ewokaku
35181,ueda_katsuhito
35182,ueda_kazuyuki
35183,ueda_metawo
35184,ueda_ryou
35185,ueda_torini
35186,ueda_yumehito
35187,uedrk_yamato
35188,uehara
35189,uehara_(dormmmmir_)
35190,uehara_doh
35191,uehara_suiyo
35192,uehara_yukihiko
35193,ueharu
35194,uehiro
35195,uekan
35196,uekana9
35197,uekura_eku
35198,uemukai_dai
35199,uemura_shun
35200,ueng
35201,ueno_haruki
35202,ueno_kishi
35203,ueno_musashi
35204,ueno_tsuki
35205,ueno_zousui
35206,uenomigi
35207,uenoryoma
35208,ueshita
35209,uewtsol
35210,ueyama_0clock
35211,ueyama_michirou
35212,ueyasu
35213,uf34a
35214,ufkqz
35215,ufo_sw
35216,ug333333
35217,ug_(nekonekodou)
35218,ug_(ugg)
35219,ugaaaa1
35220,ugai_yuichi
35221,uganda_(ugandam_00)
35222,ugatsu_matsuki
35223,ugeppa
35224,ugetsu_(chimere_marie)
35225,ugif
35226,ugohato
35227,ugonba_(howatoro)
35228,ugono_takenoko
35229,uguisu_(happy_turn)
35230,uguisu_kagura
35231,uguisu_mochi_(ykss35)
35232,ugume
35233,ugura_(ugurax)
35234,ugwa
35235,uhai
35236,uhana
35237,uho_(uhoyoshi-o)
35238,uhouhogorigori
35239,uhuhu
35240,ui_(majiwi)
35241,ui_(rot)
35242,ui_1231
35243,ui_frara
35244,uichi
35245,uine_(bobhairshuki)
35246,uiokv
35247,uiri-na
35248,uiroutsuji_yumihiko
35249,uisu_(noguchipint)
35250,uito_yzwa
35251,ujac
35252,ujiga_waita
35253,ujuju
35254,uk-works
35255,uka_(315302627)
35256,uka_(color_noise)
35257,ukai_saki
35258,ukami
35259,ukan_muri
35260,ukata
35261,ukatsu_juuzou
35262,ukaya_masaru
35263,ukero
35264,uki_(room_405)
35265,uki_atsuya
35266,uki_kumo
35267,ukimesato
35268,ukimukai
35269,ukishizumi
35270,ukita_uuko
35271,ukitaryu
35272,ukiukikiwi2525
35273,ukiwakisen
35274,ukka_(0ukka_)
35275,ukke
35276,uko_(moi08)
35277,uko_magi
35278,ukokkei
35279,ukumo_uichi
35280,ukyo_rst
35281,uliel
35282,ullr
35283,ulrich_(tagaragakuin)
35284,ulrik
35285,ultimatemaverickx
35286,ultone_(neisiss)
35287,ultra-13
35288,ultrabinou
35289,ultracat
35290,ultragruntyy
35291,ultrataku
35292,uma2_0429
35293,uma_(ninjin_misaki)
35294,uma_raclette
35295,umagenzin
35296,umaguti
35297,umaieokakitai
35298,umajiri_gyuunyuu
35299,umakoshi_yoshihiko
35300,umakuchi_shouyu
35301,umami_(sakeikura)
35302,umanosuke
35303,umapan
35304,umarutsufuri
35305,umasan
35306,umasanjin
35307,umashio
35308,umber00
35309,umberblack
35310,ume_(326310)
35311,ume_(datsuryokugen)
35312,ume_(illegal_bible)
35313,ume_(noraneko)
35314,ume_(pickled_plum)
35315,ume_(plumblossom)
35316,ume_(ume_445)
35317,ume_(yume_uta_da)
35318,umebayashi_saki
35319,umebitan
35320,umeboshitora
35321,umebosibakari2
35322,umeda_shiso
35323,umedairuka
35324,umedama_nabu
35325,umehara_sei
35326,umehime
35327,umekichi
35328,umekko
35329,umeko_(koori_ume)
35330,umekobushi
35331,umemaneneco
35332,umemaro_(siona0908)
35333,umeno
35334,umeno_ryuuji
35335,umeno_shii
35336,umenodo
35337,umenoume
35338,umeo_(pixiv51103813)
35339,umesato_yukino
35340,umetsu_yasuomi
35341,umetsu_yukinori
35342,umeume_(totoya)
35343,umeumeduka
35344,umezawa_michiko
35345,umi_(_oneinchswing)
35346,umi_(nana_spring)
35347,umi_(pixiv6861961)
35348,umi_(srtm07)
35349,umi_(umi02)
35350,umi_endu
35351,umi_ha_kirai
35352,umi_hire
35353,umi_suzume
35354,umibouzu_(niito)
35355,umibudou
35356,umidemi
35357,umie_(iowae)
35358,umigarasu_(kitsune1963)
35359,umigraphics
35360,umihal
35361,umihara_sakana
35362,umihio
35363,umihotaru_harumare
35364,umikochannart
35365,uminchu
35366,umineco_1
35367,umino_chika
35368,umino_haruka_(harukaumino6)
35369,umino_hotate
35370,umino_mizu
35371,umino_mokuzu_(shizumisou)
35372,uminokaisen
35373,uminotacos
35374,umipi
35375,umireki
35376,umiroku
35377,umirororo
35378,umiru
35379,umirunie
35380,umisaki
35381,umishima_rinta
35382,umishima_senbon
35383,umitonakai
35384,umitsubame
35385,umitsuki
35386,umiu_(hoge)
35387,umiu_geso
35388,umiwashi
35389,umiyuki_(umi_chu)
35390,umkaqryi
35391,umonebi
35392,umou_(may65879)
35393,umou_(user_xxhp7583)
35394,umu_(um)
35395,umumu_(pilcre)
35396,umxzo
35397,umyonge_(lkakeu)
35398,un-known_(ninesix)
35399,un_(le_monde-alternatif)
35400,un_known9999
35401,un_nm5sy
35402,un_tapoi
35403,una_(mazinger)
35404,una_hirag
35405,una_kamra
35406,unabara_misumi
35407,unacchi_(nyusankin)
35408,unachika
35409,unadare
35410,unadon
35411,unadon_(unadoom)
35412,unagi189
35413,unagi_(kobucha_blaster)
35414,unagi_(nakaelric)
35415,unagi_sango
35416,unagi_to_kame
35417,unagiman
35418,unagimaru
35419,unaji
35420,unajuu_(set_mk)
35421,unamaso
35422,unapoppo
35423,unarsite
35424,unasaka_ryou
35425,unbalance
35426,unbeller
35427,uncle_rabbit_ii
35428,uncleko5
35429,uncolorcube
35430,underdatv
35431,undershaft
35432,undreaming
35433,uneasywolf
35434,uneg
35435,unel
35436,unexistarts
35437,unfairr
35438,unfamousradish
35439,unholymilk
35440,uni8
35441,uni_(bom19850101)
35442,uni_(gugurutan)
35443,uni_(maru231)
35444,uni_(melm)
35445,uni_(nico02)
35446,uni_(oni_unicorn)
35447,uni_(plastic_girl)
35448,uni_gyoza
35449,uni_ikura
35450,uni_mate
35451,uni_sirasu
35452,uni_souchou
35453,unico_kasumi
35454,unicron_(brous)
35455,unidentified_nk
35456,unier
35457,unigon_(kitsutsuki)
35458,unikurage
35459,unime_seaflower
35460,unimon_e
35461,uninigumi
35462,uninori
35463,uninosono
35464,unique_(pixiv12704744)
35465,unishaho
35466,uniskie
35467,unitaka
35468,unitaroukun
35469,unitedunti
35470,unitsu
35471,uniunimikan
35472,unizama
35473,unizo
35474,unizou
35475,unjem
35476,unk_kyouso
35477,unkimo
35478,unkmochi
35479,unknown03162
35480,unknown_showhey
35481,unknownnoname0
35482,unko_man
35483,unli_free
35484,unmeidesu
35485,unn1666
35486,unname
35487,unneul
35488,unno_hotaru
35489,uno_ichi
35490,uno_makoto
35491,uno_ryoku
35492,uno_usaya
35493,uno_yuuji
35494,unohana_pochiko
35495,unohana_tsukasa
35496,unoi
35497,unomi
35498,unory
35499,unosaki2
35500,unosavy
35501,unoshima_kanaka
35502,unou_(mousou_deguchi)
35503,unou_(unou_mha)
35504,unowen
35505,unpale
35506,unpasu
35507,unplugged_line
35508,unrefle
35509,uns_(sdsxsoverlord)
35510,unsfrau
35511,unsomnus
35512,unspoken_(firebreath110)
35513,unstableboiler
35514,untsuku
35515,untue
35516,unu_(unucence)
35517,unusualpie
35518,unxi
35519,unya
35520,unya_(unya-unya)
35521,unyon
35522,uo_(wotakana_p)
35523,uo_denim
35524,uochandayo
35525,uohara_shinji
35526,uon_taraku
35527,uona_telepin
35528,uonuma_yuu
35529,uori
35530,uosaasou
35531,uotsu_(sabakou)
35532,uouokuma
35533,uououoon
35534,uousa-ou
35535,upanishi_mariko
35536,upi_(ukn18pkanother)
35537,uppi
35538,uqi32
35539,ura-_(gift_bit)
35540,ura_(05131)
35541,ura_(hamburg_oniku)
35542,ura_(ura-tennislove)
35543,ura_dora
35544,ura_illust
35545,ura_menu
35546,ura_tomomi
35547,ura_tomoya
35548,urabanasimati
35549,urabe_(mstchan)
35550,urabe_katsuto
35551,urabe_michiru
35552,urabe_miyabi
35553,urabi_(tomatohouse)
35554,uraguchi_hiiro
35555,uraha
35556,urahara
35557,uraharukon
35558,uraichishi
35559,urakawa_^p^
35560,uraki
35561,uraki_(tetsu420)
35562,urako
35563,uramakaron
35564,urami0310
35565,uran_(uran-factory)
35566,uranagi_(uranaginasi)
35567,uranaishi_(miraura)
35568,urano_ura
35569,uraomote
35570,urara_(ckt)
35571,urara_(himitsu_kamitu)
35572,urara_(sumairuclover)
35573,uraraku_shimuni
35574,urasanmyaku
35575,urase_shioji
35576,urashima_(hidoro_mgmg)
35577,urasuji_samurai
35578,urata_asao
35579,uraya_nagi
35580,urayama_(backmountain)
35581,urayamashiro_(artist)
35582,urec
35583,ureshiitime_ki
35584,uri_uri
35585,uriah-oyu
35586,uricotake
35587,urielbeaupre15
35588,urigarasu
35589,urikurage
35590,urimono
35591,urin
35592,urin_(littleurin)
35593,urita_(vivivinicol)
35594,uriuritei
35595,uriuriyukitti
35596,urizaku3
35597,urkt_10
35598,uro_(uroboros)
35599,uro_(urotanc)
35600,uroboros_(dhmv3484)
35601,urode
35602,uroko_(mnr)
35603,uroko_(rwde4544)
35604,urokoda
35605,urokogaran
35606,urokong
35607,urokozuki
35608,urolo
35609,uron-rei
35610,urorong
35611,urotan
35612,urotare
35613,urotsuki_(2013.04)
35614,urrrt
35615,ursica
35616,uru_(uru0000)
35617,uru_uzuki
35618,uruc
35619,urue
35620,uruha_(yw1109)
35621,uruimu
35622,urumi_(urumi00)
35623,uruo
35624,urup_zzz
35625,urushi
35626,urushihara_satoshi
35627,uruti_2388
35628,urutsu_sahari
35629,uruu_gekka
35630,uryan!
35631,usa003uni
35632,usa37107692
35633,usa_(dai9c_carnival)
35634,usa_(usagi_minku)
35635,usa_b
35636,usaba_(usabara_c)
35637,usachu_now
35638,usagi_(786113654)
35639,usagi_koushaku
35640,usagi_nagomu
35641,usagi_nui
35642,usagi_poi
35643,usagichama
35644,usagigenki
35645,usagihime
35646,usagihop
35647,usagikoya
35648,usagimiko
35649,usaginezumi
35650,usagino_suzu
35651,usagishi
35652,usaka_ray
35653,usaki_(ama)
35654,usako_(umauma0602)
35655,usako_(usako1031)
35656,usalxlusa
35657,usamaru67pi
35658,usamata
35659,usameruti
35660,usami_wataru
35661,usamimikurage
35662,usamin_(megumikira)
35663,usamiusamimii
35664,usamochi.
35665,usanekorin
35666,usano
35667,usanta
35668,usao_(313131)
35669,usapenpen2019
35670,usarinko
35671,usasaki_shiro
35672,usashiro_mani
35673,usatarou
35674,usatsuka_eiji
35675,usayoshi_(touhopu2)
35676,useless_(gss44344)
35677,useless_elf
35678,useq1067
35679,usergore
35680,usetsusakon2
35681,ushas
35682,ushi3_moo
35683,ushi_(akabec0)
35684,ushi_(newrein)
35685,ushi_424
35686,ushihashiru
35687,ushiina
35688,ushikani_kassen
35689,ushiki_yoshitaka
35690,ushimittsu
35691,ushimochi
35692,ushinomiya
35693,ushio0104
35694,ushiro_muki
35695,ushisuke
35696,ushitsuchi
35697,ushiwaka
35698,ushiyama_ame
35699,uso_(ameuzaki)
35700,usoco
35701,usoneko
35702,ustn_(usatan)
35703,usuaji
35704,usuba_(hatomugip)
35705,usuba_kagerou_(shougyouchu)
35706,usubeni_sakurako
35707,usuda_hiro
35708,usugiri_bacon
35709,usui_harusame
35710,usui_ryuu
35711,usuiken
35712,usukawa_(uskw_sr)
35713,usuke_(u_skeeep)
35714,usuki_(graygreed)
35715,usuki_(usukine1go)
35716,usukuchi_(impasto_life)
35717,usume_shirou
35718,usumy
35719,usurai_rairai
35720,usushio
35721,ususio_11
35722,usuusu
35723,usyuuri
35724,uta_(kuroneko)
35725,uta_(utamilk)
35726,uta_(xuyansong1996)
35727,uta_(yagashiro25)
35728,utahane
35729,utai_yumi
35730,utaka_(anyoanyot)
35731,utakapen
35732,utakata_(azaka00)
35733,utakata_(kochou_no_yume)
35734,utako_(kuromosuki)
35735,utamaro
35736,utamaru_(konomix)
35737,utani_(punishment)
35738,utano
35739,utanone_shion
35740,utaori
35741,utatane_hiroyuki
35742,utatanecocoa
35743,utayoi_(umakatare)
35744,utekiro
35745,uthy
35746,utochan_(uptkop)
35747,utomo
35748,utopia
35749,utori_(tanakautori)
35750,utsugi_(skydream)
35751,utsugi_tsuguha
35752,utsuhostoria
35753,utsuke
35754,utsumi_karmin
35755,utsunomiya_hetaru
35756,utsunomiya_tsumire
35757,utsuro_atomo
35758,utsurogi_akira
35759,utsurogi_angu
35760,utsusemi_rari
35761,utsusumi_kio
35762,utsuwa
35763,utsuwa0120
35764,uttsu_(yumaviviane)
35765,utu
35766,utu_(ldnsft)
35767,utuigawa
35768,uturo
35769,utututuna
35770,utyouten_akako
35771,uu-tan_(hushigi10)
35772,uu0000322
35773,uu3cm
35774,uukkaa
35775,uumaru
35776,uun_(uundayo)
35777,uungunover
35778,uuron_(nkktmrrr)
35779,uuroncha
35780,uusquid
35781,uut
35782,uutan_(shibainu_kakumei)
35783,uuuron_cha
35784,uve
35785,uwasewau
35786,uwazumi
35787,uwded_207
35788,uxco0
35789,uxu
35790,uya_(yurukah)
35791,uyalago
35792,uyu_(soda_uyu)
35793,uyufuzi_s
35794,uyuki_(ouun)
35795,uyuyuun
35796,uz_(uzru0428)
35797,uza_(hellme)
35798,uzaki_(jiro)
35799,uzu_hi
35800,uzucake
35801,uzuharu_(uduharu)
35802,uzuki_(uzukinokaze)
35803,uzuki_aki
35804,uzuki_hiro
35805,uzuki_mei
35806,uzuki_noboru_(denchuu_shoujo)
35807,uzuki_sena
35808,uzuki_takeru
35809,uzuki_tsukuyo
35810,uzukinoko
35811,uzumaki_osushi
35812,uzumibi
35813,uzura_(bonnet225)
35814,uzura_(moimoi)
35815,uzura_kazuhisa
35816,uzuradobin
35817,uzuri_art
35818,uzuta
35819,uzutanco
35820,uzzy2801
35821,v-mag
35822,v-room
35823,v-von
35824,v.a._(vanilla)
35825,v1v404
35826,v8
35827,v_(govvvvw)
35828,vafar7
35829,vahn_yourdoom
35830,vaison
35831,vakaosciosa
35832,vakodraws
35833,vakuuberi
35834,valefal_coneri
35835,valentina_tavolilla
35836,valentine_(02140314c)
35837,valhalla0707
35838,valitran
35839,valtor
35840,vami
35841,vamjulian
35842,vamos_mk
35843,van-s
35844,van.elv
35845,vana
35846,vane_(vane0)
35847,vanekairi
35848,vani_(hisha_04)
35849,vania600
35850,vanilla_(miotanntann)
35851,vanilla_(nicolla)
35852,vanilla_flan
35853,vanillafox2035
35854,vanillaklein
35855,vanink
35856,vanishingknife
35857,vanko_(vank0a)
35858,vanripper
35859,vanxllavina
35860,varamill
35861,vardan
35862,variasii
35863,varliet
35864,varniskarnis
35865,varo_006
35866,vashperado
35867,vayneeeee
35868,vchan
35869,vcoooh
35870,ve1024
35871,veca
35872,vector_(dmlddmld00)
35873,vectorek
35874,vee_(427deer)
35875,veerinly
35876,vegas_(akg)
35877,vegetable_noda
35878,vegetablenabe
35879,vehn
35880,veilrain
35881,velahka
35882,velia
35883,velinxi
35884,velkia
35885,vellark
35886,velminth
35887,velzhe
35888,venn_(vebonbon)
35889,vent_arbre
35890,vent_vert_(kuuya)
35891,vento
35892,venusflower
35893,vergil_mon
35894,vergilhoo
35895,vergolophus
35896,veronica_anrathi
35897,versapro
35898,verse
35899,versiris
35900,verslll
35901,vert_cypres
35902,verta_(verlaine)
35903,vertigris
35904,verus
35905,veryhardloco
35906,verynezumi
35907,vesper_(pixiv3568)
35908,vesperia
35909,vetania
35910,vetina
35911,veyonis
35912,vhyrel
35913,vialle
35914,vialnite
35915,vibrantrida
35916,vic_(vedream)
35917,vic_1223
35918,vicarious
35919,vice_(kuronekohadokoheiku)
35920,vicki_tsai
35921,vickie_(cryingrobot)
35922,vickyycy99
35923,viclim-monou
35924,victorbalgitt
35925,vidoakdame
35926,vienri
35927,vient
35928,vigwer
35929,vihua6
35930,viiiper
35931,viiperfish
35932,vik_(xypt7474)
35933,vikpie
35934,viktorf
35935,vilde_loh_hocen
35936,villyane
35937,vilor
35938,vima
35939,vincent_graphic_art
35940,vincent_leo
35941,vincent_t_(oriaarts)
35942,vincent_wu
35943,vinegarjar
35944,vinhnyu
35945,vini_(frisco)
35946,vinne
35947,vinny_(dingitydingus)
35948,vinrylgrave
35949,vins-mousseux
35950,vinyl_(vinyyl_bag)
35951,violence_kumahina
35952,violet_viora
35953,violetsang
35954,violetshit
35955,viperxtr
35956,viq
35957,viral1112
35958,virgo76612871
35959,viria13
35960,viridian-c
35961,virno
35962,viroa
35963,virtuware
35964,virus-g
35965,virus_(obsession)
35966,virusotaku
35967,viscum
35968,visket53
35969,visqi
35970,vistahero
35971,vitaminechan
35972,viva!!
35973,vivian_(lancerhd)
35974,vivid507
35975,vividnatadecoco
35976,vivinos
35977,vivivoovoo
35978,vivo_(vivo_sun_0222)
35979,vixsi_art
35980,vj99
35981,vksuika
35982,vladbacescu
35983,vlfdus_0
35984,vloodozer
35985,vmat
35986,vmein_46
35987,vo1ez
35988,vo3olv
35989,vococo
35990,vodeferr
35991,vodka13
35992,vofan
35993,vogel_schwein
35994,void_0
35995,void_dot_exe
35996,volcanoyyy
35997,volkies
35998,volpecorvo
35999,volyz
36000,von.franken
36001,vonnabeee
36002,voodoothur
36003,vorupi
36004,voruvoru
36005,vox
36006,vreparty
36007,vrkdh
36008,vs0mr
36009,vss83904922
36010,vt104k
36011,vt_(ytoh02)
36012,vu_(oyavun)
36013,vuccha
36014,vuipui
36015,vulcan_(ejel2000)
36016,vuluhappy
36017,vuxer
36018,vvernerluniq
36019,vvulfbara
36020,vvv_(vvv98048917)
36021,vxdrq
36022,vyqi
36023,vyragami
36024,vzmk2
36025,w-t
36026,w.k
36027,w.q.y
36028,w55674570w
36029,w_(1999_kyu)
36030,w_(w64851564)
36031,w_wakase
36032,wa_(chichi_chichin)
36033,wa_(genryusui)
36034,wa_(wamizest7)
36035,wa_ga_ne
36036,wa_ki_ya_ku
36037,wa_noko
36038,waa!_okami
36039,waa153
36040,wab_lev
36041,wabe417
36042,wabi_(wbsk)
36043,wabimochi
36044,wabiushi
36045,wabuki_(ochigan)
36046,wacca005
36047,wachi_(hati1186)
36048,wachiwo
36049,wada_arco
36050,wada_chiyon
36051,wada_kazu
36052,wada_sachiko
36053,wadaka
36054,wadanaka
36055,wadani_hitonori
36056,wadante
36057,wadapen
36058,wadatsumi_(sense11531153)
36059,waeba_yuusee
36060,wafalo
36061,waffuum
36062,wafu_(youzora_samo18)
36063,wafu_pkmn
36064,wagashi928
36065,wagashi_(dagashiya)
36066,wagashi_(okashina)
36067,wagomu17
36068,wagu_neru
36069,wahiko_(black_bastard)
36070,wahoosandalphon
36071,wahootarou
36072,wai1010
36073,wai_(y48754085)
36074,waiai
36075,waichi
36076,waimoniku
36077,waira
36078,waisshu_(sougyokyuu)
36079,waiwa_way
36080,wajuniorbox
36081,waka_(shark_waka)
36082,waka_(wk4444)
36083,wakaba0801
36084,wakaba_(945599620)
36085,wakaba_(wata_ridley)
36086,wakaba_sprout
36087,wakabayashi_makoto
36088,wakabayashi_toshiya
36089,wakagashira
36090,wakagi_repa
36091,wakahiko
36092,wakaki_tamiki
36093,wakakusa-e
36094,wakamatsu372
36095,wakame
36096,wakame_(vhai26uhykmqb9k)
36097,wakamepiza
36098,wakamesan
36099,wakamochi-ta
36100,wakana1327
36101,wakana_hanabi
36102,wakanita
36103,wakataku
36104,wakatsuki_misato
36105,wakatsuki_sana
36106,wakaunderblade7
36107,wakaya_hana
36108,wakie
36109,wakino_keibun
36110,wakipiiiii
36111,wakita_otk
36112,wakkigen
36113,wakku_kan
36114,wakkuchin20
36115,wako_(1194433260)
36116,wakoudo
36117,waku
36118,waku2kitchen
36119,waku_(ayamix)
36120,wakui_tomo
36121,wakum
36122,wakura_(gcdan)
36123,wakuseiy
36124,wakuta_chisaki
36125,walfie
36126,walhee221
36127,waligner
36128,walkalone
36129,wallace_pires
36130,walluka
36131,wally99
36132,walter_(diereinewelt)
36133,waltz_(tram)
36134,walzrj
36135,wamawmwm
36136,wamu_(chartreuse)
36137,wamudraws
36138,wamusato_haru
36139,wan'yan_aguda
36140,wanaca
36141,wanao
36142,wanashi_tam
36143,wanatsu_15
36144,wanaxtuco
36145,wancho
36146,wancozow
36147,wanderjegson
36148,wanderlucia
36149,wanderstillart
36150,wandu_mook
36151,wandzardeen
36152,wang-pac
36153,wang-xi
36154,wang0424
36155,wang_man
36156,wangchuan_de_quanyan
36157,wangjook_(wj)
36158,wangphing
36159,wangqi
36160,wangxiii
36161,wani_(fadgrith)
36162,wani_(mezo)
36163,wani_(perfect_han)
36164,wanijima
36165,wanimaru
36166,wanke
36167,wanko_(takohati8)
36168,wanko_(yurika0320)
36169,wanko_sora
36170,wankosoba_(wanwan_soba)
36171,wanne
36172,wannyanpu
36173,wano_(azayakam)
36174,wanotsuku
36175,wanowanoji67
36176,wanta_(futoshi)
36177,wantan_meo
36178,wantsupanchi!!
36179,wanzituanzimax
36180,waon_(43ctw)
36181,wapokichi
36182,wara_(warapro)
36183,warabe_(waraghi)
36184,warabi_(danngo-mitarasi)
36185,warabi_mochi_(ehimedaisuki)
36186,warabi_mochi_(w4rabimochi)
36187,warabimochi_kinako
36188,warabino_matsuri
36189,warable
36190,warai
36191,warainaku
36192,waramori_fuzuka
36193,waramugu
36194,wararu_(user_uecx7457)
36195,warashi
36196,warekara
36197,wari_(nirodo26)
36198,wari_sando
36199,waribashi-p
36200,warori_anne
36201,warubo
36202,warugaki_(sk-ii)
36203,warumono_tomii
36204,was775
36205,wasa_(wanosabi)
36206,wasabi60
36207,wasabi_(legemd)
36208,wasabi_(sekai)
36209,wasabi_(wasalongt)
36210,wasabi_shoujo
36211,wasabi_sushi
36212,wasabichan
36213,wasabijoyu76
36214,wasabisuke
36215,washi_no_tosaka
36216,washin
36217,washiwa
36218,washiya0
36219,washizuka_shou
36220,washu_junkyu
36221,wasi
36222,wasp_(anthyutena)
36223,wass_nonnam
36224,waste-man
36225,waste_(arkaura)
36226,wasted_m9
36227,wasu
36228,wasumi_kei
36229,wat_(worldlog)
36230,wata
36231,wata9mm_no
36232,wata_(attaka_towel)
36233,wata_(rakopepa)
36234,wata_do_chinkuru
36235,wata_nuki
36236,wataame27
36237,wataboku
36238,watabonten
36239,watagashi_yui
36240,watagashikn
36241,wataichi_meko
36242,watakarashi
36243,watanabe_akio
36244,watanabe_atsuko
36245,watanabe_ignica
36246,watanabe_kawa
36247,watanabe_keisuke
36248,watanabe_masafumi_(masafumi_127)
36249,watanabe_masato
36250,watanabe_nako
36251,watanabe_tomari
36252,watanabe_wataru_(character_designer)
36253,watanabe_yasuaki
36254,watanabe_yoshihiro
36255,watano_yuki
36256,watanon_(gakushokutei)
36257,watanore
36258,watanuki_(enu)
36259,watanuki_kaname
36260,watanuki_nao
36261,watanukin_(etson122127)
36262,watao
36263,watarabe_keiichi
36264,watarai_keiji
36265,watarase_piro
36266,watari1118
36267,watari_(nijimukiokuiro)
36268,watari_taichi
36269,wataro_(watawatawatapon)
36270,wataroux
36271,wataru_(nextlevel)
36272,wataru_(zazazazazazawa)
36273,wataru_rei
36274,watarubou
36275,watarui
36276,watarumi
36277,watase_rei
36278,watashishi
36279,watashitachino_kareshi
36280,watashiya_kaworu
36281,watasi_tokimi
36282,watata13
36283,watawata22
36284,watawata_nr_(siroraku)
36285,watayoshi_(suiiho)
36286,watayuki
36287,watchdog_rol_(y1104280730)
36288,watcher_hollow
36289,watchi
36290,waterkuma
36291,waterring
36292,waterstaring
36293,waterswing
36294,wato_(ko)
36295,watori_re
36296,watosu
36297,watou
36298,watsuki_ayamo
36299,watta02614129
36300,wattsu
36301,wauwa
36302,wave_(world_wide_wave)
36303,wavesheep
36304,wawako_mama
36305,wawamachi_(wawamachis)
36306,wawasuke
36307,wawatiku
36308,wawawa_(hisuterisisusa)
36309,waytok
36310,wazakita
36311,wazu_san
36312,wazukani
36313,wb_yimo
36314,wbon
36315,wboss
36316,wcks0774
36317,wd_(1106592840)
36318,weasel_(close-to-the-edge)
36319,webang111
36320,websake
36321,websci_3357
36322,wed_(lim38869577)
36323,wedge_(tyrl_stride)
36324,wednesday_108
36325,wedo
36326,wee_(weeyy)
36327,weed_(astarone)
36328,weedhollow_(dokuran)
36329,weee_(raemz)
36330,weeiskaw
36331,wefightasone_1
36332,wei_(kaminari0411)
36333,wei_(promise_0820)
36334,wei_li
36335,wei_xiao
36336,wei_yu
36337,weidashming
36338,weien
36339,weiic
36340,weimiaw
36341,weizen
36342,welchino
36343,welchsbinn
36344,wellski
36345,wellsy
36346,welt_(kinsei_koutenkyoku)
36347,wemu_(ivycrown)
36348,wen-m
36349,wendao
36350,wendell
36351,wenfei_ye
36352,wengwengchim
36353,wenhe
36354,wenli
36355,wenny02
36356,weno
36357,wenquangua
36358,wenz
36359,wenzheng147
36360,weon1119
36361,wep16night
36362,weri
36363,werkbau
36364,wersman
36365,wesatinthecar
36366,weshika
36367,west_24
36368,westlee_ar
36369,wet.elephant
36370,wewe
36371,weyas_kayur
36372,weyowang
36373,wgm_oekaki
36374,whaleoil
36375,what_a
36376,whate=3r
36377,whcamellia00
36378,wheat_retzel
36379,whin
36380,whipberry
36381,whirlydoodle
36382,whisperfoot
36383,whispering_for_nothing
36384,whistlerx
36385,white-aster
36386,white-brown
36387,white-corner
36388,white-paka
36389,white-stew
36390,white-trick
36391,white2013
36392,white_(waterwhite)
36393,white_2530
36394,white_clover_(unfy8472)
36395,white_crow
36396,white_eyes_(20220506white)
36397,white_gorilla_(okamoto)
36398,white_ph
36399,white_water
36400,white_xxxx
36401,whitebear
36402,whitek
36403,whitelily_bread
36404,whitem_(whiteemperor2020)
36405,whitemop_jog
36406,whitewill
36407,whitter
36408,whitydragon
36409,whoareuu
36410,whois
36411,whoisshe
36412,whoning1
36413,whonyang
36414,whooo-ya
36415,whoopin
36416,whoopsatro
36417,whoosaku
36418,whoru
36419,wi-z_garage
36420,wickellia
36421,wiersa
36422,wigfire
36423,wild5lee
36424,wildcard1_4
36425,wildcat_(kusonemi)
36426,will_pierce
36427,willfin
36428,william_leonard
36429,wimawi
36430,win_opz
36431,windart
36432,windcaller
36433,windfeathers
36434,windforcelan
36435,windworker
36436,windyakuma
36437,wine_(2148_wine)
36438,winemvee
36439,wing228
36440,wing_(aiastor)
36441,wing_(wing_0319)
36442,wingedwasabi
36443,wingheart
36444,wingtemple
36445,winn
36446,winni
36447,winter_(winterinkoakuma)
36448,winterfall_(artenh)
36449,wintom
36450,winton_kidd
36451,wisespeak
36452,wisgarus
36453,wishbone
36454,witch_f
36455,witoi_(roa)
36456,wittmann_(ehvr8373)
36457,wiwo
36458,wizyakuza
36459,wjs07
36460,wk_(low-f)
36461,wkar
36462,wkokbu
36463,wl217_(nicexa111)
36464,wl6yugi8go1
36465,wlop
36466,wlper
36467,wn_(wani-noko)
36468,wnaph
36469,wnb_mark
36470,wnsgur6686
36471,wo_chi_xiangjiao_pi
36472,wo_dou_gao_shi'er_shennu
36473,wo_habum
36474,wo_jianqiang_fu_guo
36475,wo_jiji
36476,wo_jiushi_kanbudong
36477,wo_xuyao_jiashui
36478,wo_yao_chifan
36479,wo_you_yibei_jia_wanli
36480,wogura
36481,wokada
36482,wokiiarts
36483,wokome
36484,wol_(wol_927)
36485,wolf_(raidou-j)
36486,wolffeld_price
36487,wolfina
36488,wolflong
36489,wolksheep
36490,wolla
36491,wolrero
36492,womi
36493,won_(az_hybrid)
36494,won_(toufunokado)
36495,wonawo
36496,wonbin_lee
36497,wonchun
36498,wonderful_waon
36499,wonnikon
36500,wonoco0916
36501,woo_(woosan)
36502,wood_cube
36503,woodonly
36504,woodsbench
36505,woodylixx
36506,woofycakes
36507,woogi
36508,woogi_(duguddnr)
36509,wookyung
36510,wool_(miwol)
36511,wool_bl
36512,woominwoomin5
36513,wooni
36514,wootsang
36515,woppero_prpr
36516,wori
36517,worimehl
36518,world_(1257843324)
36519,wormy_owo
36520,worrisorochi
36521,worthlessvalor
36522,woruta_(soloistlist)
36523,worvies
36524,wosashimi
36525,woshihedawei
36526,woshinon
36527,wosinnk
36528,wottosei
36529,wounds404
36530,wow+
36531,wow_(cor369)
36532,wowishi
36533,wowoguni
36534,wr_(karakusa_senbei)
36535,wrato
36536,wrwr
36537,wsfw
36538,wsman
36539,wspread
36540,wss_(nicoseiga19993411)
36541,wszkii
36542,wtparadise
36543,wu_ganlan_cai
36544,wu_lun_wujin
36545,wu_qin_(gyxx_04)
36546,wu_xiao_xian
36547,wu_yao_jun
36548,wucanming
36549,wudi_sao_nian
36550,wuduo
36551,wufaxianshi_cnd
36552,wuguno_ziran_juan
36553,wuhuo
36554,wujia_xiaozi
36555,wujurana
36556,wulazula
36557,wulie_errr
36558,wuliu_heihuo
36559,wuming
36560,wumumu
36561,wuren_daoshang_dekezong
36562,wusagi2
36563,wushier
36564,wutu_(1183238220)
36565,wuubaiwan
36566,wuwuren
36567,wuwusan
36568,wuwuwu_(kriswu555)
36569,wuzhiang_liufu
36570,wuzhihuijia
36571,wuzhu_nis
36572,wweed
36573,wwparasi
36574,wwwazxc
36575,wynnblue
36576,x&x&x
36577,x-6
36578,x-boy
36579,x-red_flower
36580,x-t3al
36581,x.x
36582,x.x.d.x.c
36583,x6suke
36584,x_chitch
36585,x_xith_x
36586,xaiqi
36587,xanadu_avici
36588,xanax025
36589,xandier59
36590,xaxak
36591,xaxaxa
36592,xbsx
36593,xdies_ds
36594,xdoxa89
36595,xe367
36596,xe_(execut3r)
36597,xelgot
36598,xen0moonz
36599,xenon_(for_achieve)
36600,xephonia
36601,xerbatt
36602,xero
36603,xes_(xes_5377)
36604,xexu
36605,xezeno
36606,xfate
36607,xg_epee
36608,xhunzei
36609,xi-u
36610,xi_chen_chen
36611,xi_guapi
36612,xi_luo_an_ya
36613,xi_oshir1
36614,xi_xeong
36615,xi_ying
36616,xi_yuu
36617,xi_zhang
36618,xia_(ryugo)
36619,xia_0328
36620,xia_xiang_(ozicha)
36621,xiacheng_tatsuya
36622,xialuluo_(sharuro)
36623,xialuo_yingling
36624,xian_miao
36625,xian_qishui
36626,xianchong_shi
36627,xiandao1213
36628,xiang_wan_wei_wan
36629,xiang_yu_pai
36630,xianggang_jizhe
36631,xiangtu
36632,xiangzi_box
36633,xianluojimaomao2333
36634,xianyu314
36635,xianyu_guguzi
36636,xianyu_liang
36637,xianyudian_laoban
36638,xianyujunzhimiyingla
36639,xianyuzi
36640,xiao_(creation0528)
36641,xiao_(ye_yiaoxi)
36642,xiao_chichi
36643,xiao_dao_(kojimarie)
36644,xiao_ganju_nailuo
36645,xiao_gen
36646,xiao_jian
36647,xiao_lin_jiu
36648,xiao_lu
36649,xiao_qi
36650,xiao_qiang_(overseas)
36651,xiao_qiang_sang
36652,xiao_ren
36653,xiao_rui_rui
36654,xiao_shi_lullaby
36655,xiaobanbei_milk
36656,xiaobei
36657,xiaodi
36658,xiaoguimist
36659,xiaohutu
36660,xiaojiaju
36661,xiaoju_xiaojie
36662,xiaolong_(touhoufuhai)
36663,xiaolumiaoliya
36664,xiaoluo_xl
36665,xiaopizi32439
36666,xiaoquandianer
36667,xiaosamiao
36668,xiaosan_ye
36669,xiaoshan_jiang
36670,xiaoshou_xiansheng
36671,xiaoxiao_de_kuangsan
36672,xiaoyin_li
36673,xiaoyu
36674,xiaoyunatie
36675,xiayehongming
36676,xibu_cai
36677,xichii
36678,xiexianglg
36679,xiho_(xi_ho_)
36680,xiin
36681,xiling
36682,xilmo
36683,ximsol182
36684,ximu_shilang
36685,xin_(blueramen)
36686,xin_lan_deng
36687,xin_yu_hua_yin
36688,xinaelle
36689,xindi
36690,xing
36691,xing_20
36692,xing_muhen
36693,xingchee
36694,xingxunyou
36695,xingzhi_lv
36696,xinhao
36697,xini_m
36698,xinjinjumin
36699,xinliu_asato
36700,xino
36701,xinta
36702,xintianou
36703,xinuo223
36704,xinzhizhu
36705,xinzoruo
36706,xion32
36707,xion_(pulilulu)
36708,xiongbingbisata
36709,xiongmao
36710,xiongshouji
36711,xipa
36712,xishuu_(user_dvah3828)
36713,xity
36714,xiu_kukkii
36715,xiu_xxx_wu
36716,xiuchundao
36717,xiujia_yihuizi
36718,xiumu_bianzhou
36719,xivi9
36720,xixing_si_yao_meng
36721,xixun
36722,xkaishaku
36723,xkirara39x
36724,xkit
36725,xkzan
36726,xleontan
36727,xllam
36728,xlscaler
36729,xlyami
36730,xmayo0x
36731,xmyishipi
36732,xnnagu
36733,xoaiu
36734,xobox
36735,xoco
36736,xong
36737,xooku
36738,xox_xxxxxx
36739,xoxzxox
36740,xpisigma
36741,xr650r
36742,xsan
36743,xsan_vanny
36744,xscr1205
36745,xsinon
36746,xsk_(ruanmumu)
36747,xssh
36748,xtacy
36749,xtango
36750,xtears_kitsune
36751,xter
36752,xu_chin-wen
36753,xuan_xuan_xuan_za
36754,xuanlin_jingshuang
36755,xubai
36756,xuchuan
36757,xude
36758,xue_ezi
36759,xue_lu
36760,xuedaixun
36761,xuehua
36762,xueli_shimazaki
36763,xuemen
36764,xukong
36765,xun_li_eins
36766,xunyu_(manyu)
36767,xuu_shi_times
36768,xuuikie_ashe
36769,xwu
36770,xx_asui
36771,xx_momomo_xx
36772,xx_tk9
36773,xxoom
36774,xxxceller
36775,xxxsoiu1
36776,xxxx_saki
36777,xxxxxio55
36778,xxzero
36779,xyanaid
36780,xyomouse
36781,xyronii
36782,xyunx
36783,xzu
36784,y&k
36785,y.i._(lave2217)
36786,y.ssanoha
36787,y0ru73
36788,y0ung
36789,y2
36790,y4mori_gekko
36791,y4ntaoist
36792,y75zei
36793,y_(036_yng)
36794,y_(khakiyawn)
36795,y_naf
36796,y_o_u_k_a
36797,y_y_(ysk_ygc)
36798,ya-man
36799,ya.yu.
36800,ya99ru
36801,ya_(witchroy)
36802,ya_4004
36803,ya_kexi
36804,ya_mari_6363
36805,ya_ta
36806,ya_yan
36807,yaa-kun
36808,yabacha
36809,yabai_gorilla
36810,yabarn
36811,yabataso
36812,yabby
36813,yabe_makoto
36814,yabu_q
36815,yabuka_shiwa
36816,yabuki_kentarou
36817,yac_(mokkori)
36818,yacchi_(yxxrem)
36819,yachi_(fujiyasu0616)
36820,yachima_tana
36821,yachimata_1205
36822,yachimoto
36823,yachishi_orca
36824,yachiy0
36825,yaco_(085)
36826,yaco_(nuitnotte)
36827,yada_(xxxadaman)
36828,yada_ei
36829,yadamon_(neverland)
36830,yadapot
36831,yadayada
36832,yadeliya_hai
36833,yadokari_(migihashi)
36834,yadokari_(yadokani)
36835,yadokari_genpachirou
36836,yadokugaeru
36837,yadoso
36838,yadoyuki
36839,yadu_nadu
36840,yae_(mono110)
36841,yae_(yae_ringo)
36842,yaeba
36843,yaegashi_(muzzuleflash)
36844,yaegashi_isa
36845,yaegashi_nan
36846,yaekaidou
36847,yafu
36848,yagami_(mukage)
36849,yagami_hiroki
36850,yagami_kamiya
36851,yagami_shuuichi
36852,yagaminoue
36853,yagara_(kishimen_f)
36854,yagen_(user_mxur3238)
36855,yagi2013
36856,yagi_(joe731842)
36857,yagi_(kyuhyun)
36858,yagi_(ningen)
36859,yagi_(s1120411)
36860,yagi_(shiro_yagi)
36861,yagi_(sinnsyou)
36862,yagi_(yagi5art)
36863,yagi_hara
36864,yagimiwa
36865,yagiryu
36866,yagisaka_seto
36867,yagisawa_teru
36868,yagita_(astronomie)
36869,yagiushi_(sinnpatilove)
36870,yagiwashi
36871,yagoro_kusuriya
36872,yaguo
36873,yagyuu_katsuda
36874,yah_yah_6
36875,yahako
36876,yahan_(mctr5253)
36877,yahha
36878,yahiro_(epicopeiidae)
36879,yahiro_(heartseek000)
36880,yahiro_pochi
36881,yaho_(yaho0211)
36882,yahoo0124
36883,yai_(hachihito)
36884,yaibaken
36885,yaigi
36886,yairo_(sik_s4)
36887,yairo_ju
36888,yaise
36889,yajiro_masaru
36890,yajirushi_(chanoma)
36891,yajirushi_kaku
36892,yajiuma_no_jesse
36893,yajuu
36894,yajuuraku
36895,yakan_(kusogaki_teikoku)
36896,yakaze_(yakaze1604)
36897,yakepu
36898,yaki_apple
36899,yaki_mayu
36900,yakibuta_(shimapow)
36901,yakihebi
36902,yakihoko
36903,yakimi_27
36904,yakisoba_(kaz2113)
36905,yakisoba_ohmori
36906,yakisobapan_tarou_&_negitoro-ko
36907,yakitomato
36908,yakitori_(oni)
36909,yakitori_(yakitori06)
36910,yakitori_egg
36911,yakka
36912,yakksan
36913,yakku
36914,yakkuro
36915,yako
36916,yako_mashiro
36917,yakob_labo
36918,yakota_(usuk-yako)
36919,yakou_(4507770)
36920,yakousei_a
36921,yakousei_no_kame
36922,yaku_(ziroken)
36923,yaku_yojino
36924,yakult1124
36925,yakumo_nanahara
36926,yakumora_n
36927,yakuoyoso
36928,yakupan
36929,yakuri
36930,yakurope-moko
36931,yakusa
36932,yakusuke
36933,yakuto007
36934,yalmyu
36935,yam_(htt)
36936,yam_(yam6056)
36937,yam_(yamap_mako)
36938,yam_s2
36939,yama_tatsuo
36940,yamabuki0
36941,yamabuki0211
36942,yamabuki7979
36943,yamabuki_(yamabuki_xxxxx)
36944,yamabuki_(yusuraume)
36945,yamabuki_ryuu
36946,yamabuki_zarame
36947,yamabukiiro
36948,yamabukiiro_(browncat)
36949,yamabukiyuki
36950,yamacchi
36951,yamachi_(xadp7533)
36952,yamada_(c57hikaru)
36953,yamada_(fanfantaisa)
36954,yamada_(gotyui)
36955,yamada_(onigori105)
36956,yamada_(pixiv_24040206)
36957,yamada_akihiro
36958,yamada_ako
36959,yamada_auto
36960,yamada_chickenko
36961,yamada_ichizoku
36962,yamada_koutarou
36963,yamada_masaki
36964,yamada_maya_(yamdmay)
36965,yamada_naoko_(hideko1227)
36966,yamada_naoko_(kodamayanao)
36967,yamada_otonari
36968,yamada_ranga
36969,yamada_rei_(rou)
36970,yamada_sakura
36971,yamada_yama
36972,yamada_yuuji
36973,yamadori_ofuu
36974,yamadori_seika
36975,yamadori_yoshitomo
36976,yamae_saki
36977,yamagami_mozuku
36978,yamagishi_chihiro
36979,yamaguchi_homupe
36980,yamaguchi_satoshi
36981,yamaguchi_shinnosuke
36982,yamaguchi_ugou
36983,yamaguchi_yasushi
36984,yamaguchi_yoshimi
36985,yamaguchi_yuu_(norisu)
36986,yamaha_tsui
36987,yamahara
36988,yamaharu_(xxzf7284)
36989,yamai
36990,yamaioni_(sasakama)
36991,yamaishi_(mukoubuti)
36992,yamaishi_nohi
36993,yamaiso
36994,yamajun_(junyamaekaki)
36995,yamakake_(tororo1293)
36996,yamakawa
36997,yamakawa_umi
36998,yamakaze_ran
36999,yamakazi47
37000,yamaki_(yamaki801)
37001,yamaki_suzume
37002,yamakita_higashi
37003,yamako_(state_of_children)
37004,yamakonbu
37005,yamakou_(yamakou_e2)
37006,yamakusa_yuu
37007,yamamiya_hiroshi
37008,yamamomo_(plank)
37009,yamamon_0
37010,yamamori_kinako
37011,yamamoto_(ymmt_is_sexy)
37012,yamamoto_arifred
37013,yamamoto_doujin
37014,yamamoto_kazue
37015,yamamoto_keiji
37016,yamamoto_kichiko
37017,yamamoto_shikaku
37018,yamamoto_shima
37019,yamamoto_shuuhei
37020,yamamoto_souichirou
37021,yamamoto_yuu
37022,yamamura_hiroki
37023,yamamura_le
37024,yamamura_saki
37025,yamamura_umi
37026,yaman
37027,yamanaka_kotetsu
37028,yamanaka_kouji_(yanchiki2001)
37029,yamanakaume
37030,yamanami_kousuke
37031,yamanashi_taiki
37032,yamanasi_mikage
37033,yamanata
37034,yamane_akira
37035,yamane_masahiro
37036,yamane_masato
37037,yamaneko_(tkdrumsco)
37038,yamaneko_ken
37039,yamano_(151515)
37040,yamano_(yamanoh)
37041,yamano_rinrin
37042,yamano_rita
37043,yamano_rokamizu
37044,yamano_sachi
37045,yamano_udumi
37046,yamano_uzura
37047,yamanobe_saya
37048,yamanokami_eaka
37049,yamanome
37050,yamanori_(yamanori56)
37051,yamanoskk
37052,yamanushi
37053,yamaori
37054,yamaori_(hakkentai_pokedan)
37055,yamaori_(yamaorimon)
37056,yamasaki_wataru
37057,yamasan
37058,yamasan_(hachiman)
37059,yamase
37060,yamashichi_(mtseven)
37061,yamashita_akira
37062,yamashita_bungo
37063,yamashita_ikuto
37064,yamashita_kurowo
37065,yamashita_shun'ya
37066,yamashita_takahiro
37067,yamasina009
37068,yamasuke040
37069,yamasuta
37070,yamataka
37071,yamato_(muchuu_paradigm)
37072,yamato_damashi
37073,yamato_junji
37074,yamato_koara
37075,yamato_nadeshiko
37076,yamato_tachibana
37077,yamatogawa
37078,yamauchi_(conan-comy)
37079,yamauchi_noriyasu
37080,yamayoshi
37081,yamayu
37082,yamazaki_jun
37083,yamazaki_kazu
37084,yamazaki_masakazu
37085,yamazaki_mitsuko
37086,yamazaki_tsukune
37087,yamcha_(cocololi)
37088,yameta_takashi
37089,yami_(m31)
37090,yami_anko
37091,yami_ara
37092,yami_nabe
37093,yamichi_(yamichi8369)
37094,yamigo
37095,yamiiv
37096,yamija
37097,yamikota
37098,yamikyon
37099,yaminabe_(honnouji_no_kaninabe)
37100,yamineko
37101,yamino_kenji
37102,yamiochi_umekichi
37103,yammy
37104,yamo_(sky2world)
37105,yamori_(stom)
37106,yamori_(yamoooon21)
37107,yamori_shiki
37108,yampa
37109,yamu_(reverse_noise)
37110,yamuimo
37111,yamunashi
37112,yamunashi_(soregoshi)
37113,yamy_(iseki_no_kusamura)
37114,yan-baru
37115,yan-yam
37116,yan.c
37117,yan531
37118,yan_(bltyann)
37119,yan_(nicknikg)
37120,yan_(situyan0303)
37121,yan_(unicorn404)
37122,yan_ge
37123,yan_jhia
37124,yan_kodiac
37125,yan_lie
37126,yan_pai
37127,yan_wan
37128,yana_(nekoarashi)
37129,yana_mori
37130,yanada_kiyorin
37131,yanagi_(nurikoboshi)
37132,yanagi_(tsukiakari)
37133,yanagi_hirohiko
37134,yanagi_joe
37135,yanagi_marie
37136,yanagi_ryuu
37137,yanagi_wakana
37138,yanagi_yagiaji
37139,yanagi_yuu
37140,yanagiba_kiriko
37141,yanagiba_sakana
37142,yanagihara_tantoui
37143,yanagimachi
37144,yanagino_(yanagino3)
37145,yanagise
37146,yanagita_kousuke
37147,yanagui_yugi
37148,yanai_inaya
37149,yanapy
37150,yanase_aki
37151,yanase_takayuki
37152,yanazuki
37153,yanazuri_(kimossari337)
37154,yandama
37155,yandr4hope
37156,yanekawara
37157,yaneko_uta
37158,yaner_10
37159,yanfei_u
37160,yanfenguo_gao
37161,yang38
37162,yang_lizi
37163,yang_miemie_benti
37164,yang_zheng_yu
37165,yanggaengwang
37166,yanggang
37167,yanghua_gaizi
37168,yanglao_paopaoren
37169,yangsan_(2991076090)
37170,yangshangshu
37171,yangsion
37172,yani_(nokori_life1)
37173,yani_tama
37174,yanje
37175,yanlingjinshilihuahua
37176,yanmaami
37177,yanmarson
37178,yanmian_(printemps-noir)
37179,yanngoto
37180,yannn
37181,yano_(404878)
37182,yano_(edbr1022)
37183,yano_akane
37184,yano_mitsuki_(nanairo)
37185,yano_takumi
37186,yano_toshinori
37187,yanono_015
37188,yanu
37189,yanutorie
37190,yanwulazy
37191,yanyan_(shinken_gomi)
37192,yanyo_(ogino_atsuki)
37193,yanzhan
37194,yao_(pixiv9482697)
37195,yao_liao_wang
37196,yao_ren_gui
37197,yaomai
37198,yaomiaomiao
37199,yaosera
37200,yaoshan_shi
37201,yaoshi_jun
37202,yaoto
37203,yaoya_musuko
37204,yaoyao_(yoyo27456335489)
37205,yaoyaobae
37206,yapi_(yabai_toki)
37207,yaplus
37208,yapo_(croquis_side)
37209,yapo_(mess)
37210,yappa_muri
37211,yappen
37212,yappo_(point71)
37213,yappy_(yapis_company)
37214,yara_kami_meiosei
37215,yarareimu
37216,yarawi
37217,yareen
37218,yariika
37219,yarn_(yarn_03)
37220,yaro_yk
37221,yarou_(0tyaro)
37222,yarr
37223,yaruku
37224,yaruwashi
37225,yaruyan
37226,yasai_(getsu)
37227,yasai_yuuki
37228,yasaikakiage
37229,yasaioji3
37230,yasaka_(astray_l)
37231,yasaka_minato
37232,yasakani_an
37233,yasashii_naizou
37234,yasato
37235,yasehattagi
37236,yaseiseihamu
37237,yashemao_qishi
37238,yashichii
37239,yashiki_sen
37240,yashima_takahiro
37241,yashin_(yasinz)
37242,yashiro_a._marino
37243,yashiro_ryo
37244,yashiro_seika
37245,yasiro
37246,yasiromann
37247,yaso_shigeru
37248,yasoji_(16321578)
37249,yasojima_nejiro
37250,yasou1010
37251,yassy
37252,yasu
37253,yasu_(segawahiroyasu)
37254,yasu_(yossy)
37255,yasu_rintarou
37256,yasu_suupatenin
37257,yasuba_yuichi
37258,yasubaru
37259,yasuda
37260,yasuda_akira
37261,yasuda_suzuhito
37262,yasuhara_roku
37263,yasuhiko_yoshikazu
37264,yasui_nori
37265,yasui_riosuke
37266,yasuihiruya
37267,yasukuni_kazumasa
37268,yasume_yukito
37269,yasumo_(kuusouorbital)
37270,yasumori_zen
37271,yasunao_(yasunao-z)
37272,yasuno-labo
37273,yasuno_(airy_light)
37274,yasunoharu
37275,yasunososaku
37276,yasuomi
37277,yasushi
37278,yasuta_kaii32i
37279,yasutak1192
37280,yasutake
37281,yasutange
37282,yasutarou
37283,yasuto_(eria151)
37284,yasuu!
37285,yat_(tsmn7245)
37286,yata_(yatao_zzz)
37287,yata_masahara
37288,yata_mawari
37289,yataba
37290,yatai_(ya2taic)
37291,yataneko_(echigo)
37292,yatani_row
37293,yatanukikey
37294,yatara
37295,yatatashira
37296,yaten
37297,yato_(yama0x1)
37298,yatomi
37299,yatoroku
37300,yatosaki_haru
37301,yatsu_seisakusho
37302,yatsuha_(hachiyoh)
37303,yatsuha_kanan
37304,yatsuhashi_kyouto
37305,yatsuka_(846)
37306,yatsuki_yura
37307,yatsunagi_(oyasumi_sumika)
37308,yatsune_rika
37309,yatsunote
37310,yatsurugi
37311,yatsushima_tetsuya
37312,yatyou
37313,yaungpeng
37314,yawai_tofu
37315,yawar
37316,yawarabi_juubee
37317,yawaraka_black
37318,yawaraka_yusen
37319,yawarakai_inu
37320,yawdeone
37321,yaxiya
37322,yaya_(y8ay8a)
37323,yaya_chan
37324,yaya_hinata
37325,yaya_hiyayaka
37326,yayako_(804907150)
37327,yayanri
37328,yayata_(884)
37329,yayaziiii
37330,yayin_(yayin233)
37331,yayoi_(egoistic_realism)
37332,yayoi_and_nagi
37333,yayoi_asuka
37334,yayoi_kotoyuki
37335,yayoi_maka
37336,yayoichi_(yoruyoru108)
37337,yayoripain
37338,yayuyoyayuyo
37339,yaza
37340,yazaki_(yazakc)
37341,yazato_ichimushi
37342,yazawa_happyaro
37343,yazawa_mana
37344,yazawa_oke
37345,yaziri
37346,yazu_(zoddiacz)
37347,yazuka
37348,yazuki_(n_y_0714)
37349,yazuki_gennojou
37350,yazwo
37351,yblndr
37352,ycco_(estrella)
37353,yco_030601
37354,yct_(yoct_o)
37355,ycyc
37356,yd_(orange_maru)
37357,ydayluca
37358,ydpfa
37359,ye_(pixiv4862539)
37360,ye_(ran_chiiipye)
37361,ye_fan
37362,ye_jji
37363,ye_zi_you_bei_jiao_ju_ge
37364,yeconer
37365,yed_(yedsilent)
37366,yeej_chan
37367,yeero
37368,yeji36
37369,yelan_xing_xuan
37370,yellow_glasses_(odivichno)
37371,yellow_nicky
37372,yellow_quokka
37373,yellowking_hiro
37374,yellowpaint.
37375,yellowparrot
37376,yellowroom
37377,yellowseeds
37378,yen-mi
37379,yeneny
37380,yeni1871
37381,yenkoes
37382,yensh
37383,yeogpu_(seung832222)
37384,yeolyeo
37385,yeonju
37386,yeonjun_park
37387,yeono0
37388,yeonwa
37389,yeooudam
37390,yeopmaesa
37391,yeosi
37392,yeougui
37393,yepnean
37394,yerim
37395,yeruen
37396,yeshisi
37397,yesman_(cvbnyesman)
37398,yet_you
37399,yetecong
37400,yeti_(mu_kaiten)
37401,yetworldview_kaze
37402,yeurei
37403,yewang19
37404,yexinhan
37405,yeyebirdie
37406,yeyuan33
37407,yeyuanqianqianqian
37408,yghm
37409,ygo_(kintsuba)
37410,yi_(199702090505)
37411,yi_er_san
37412,yi_lee
37413,yi_yu
37414,yichen_wendy
37415,yiduan_zhu
37416,yigra_don
37417,yihan_world
37418,yijian_ma
37419,yijiufantexi
37420,yilan_un
37421,yilx
37422,yimu
37423,yimudesu
37424,yin01582942
37425,yin_lan_xue
37426,yin_midnight
37427,ying_(suetmo)
37428,ying_jing_meng
37429,ying_yi
37430,yingdaoyicha
37431,yinghuahua
37432,yingwdcp999
37433,yingzi
37434,yinori
37435,yinpa_(wanone500511)
37436,yinranluo
37437,yinyong_yu
37438,yinyoushirenmaotouying
37439,yinzhai
37440,yinzinmiemie
37441,yippee
37442,yiqiang
37443,yiran_kong_xian
37444,yiran_kuxiao
37445,yisjhui
37446,yissou_art
37447,yisusjpl
37448,yitiao_er-hua
37449,yiyu_qing_mang
37450,yizhibao
37451,yizhirenben
37452,yizumi
37453,yj0i0
37454,yj_(yojo_san)
37455,yjs0803123
37456,yjy
37457,yk62
37458,yk_(pixiv43531291)
37459,yk_(waikeee)
37460,yk_funa
37461,yki
37462,yknsugar
37463,yksb_inc6
37464,ykshelter
37465,ykt_scl
37466,ylceon
37467,ym_(distance819)
37468,ymd_(holudoun)
37469,ymkrnchan
37470,ymm007xx
37471,ymr
37472,ymr_yamero
37473,yn_6262
37474,yn_red
37475,yna
37476,ynnn_m
37477,yo-ba_yo
37478,yo-co
37479,yo-jin
37480,yo-suke
37481,yo_mo
37482,yo_na
37483,yoaferia
37484,yoako
37485,yoanium
37486,yoban
37487,yobi_(ybpac18)
37488,yocchi_(tenyunkel)
37489,yoclesh
37490,yoco_n
37491,yodare_(3yami8)
37492,yodobashi_yuo
37493,yodok
37494,yodori
37495,yoekosukii
37496,yoellim5
37497,yofo
37498,yofu_(0042_2400)
37499,yofukashi
37500,yofuraruto
37501,yoggi_(stretchmen)
37502,yogu_(user_rxdx2445)
37503,yogukasu
37504,yogurt_pt
37505,yohaku
37506,yohaku_aki
37507,yohan12
37508,yohane
37509,yohane_shimizu
37510,yohia
37511,yohinori
37512,yohki
37513,yohohoi
37514,yoi0341
37515,yoi_(207342)
37516,yoi_naosuke
37517,yoicha
37518,yoichi_(umagoya)
37519,yoimon
37520,yoimoriyoru
37521,yoimura
37522,yoino_iyo
37523,yoiti
37524,yojio_(2188)
37525,yoka1chi
37526,yokai_(yokai0401)
37527,yokaroni
37528,yokawa_nagi
37529,yokaze_(xxxdisxxx)
37530,yokaze_(yokajie)
37531,yokaze_japan
37532,yokkora
37533,yoko.u
37534,yoko_(nz_g)
37535,yoko_(shiocolor)
37536,yoko_hata
37537,yoko_juusuke
37538,yokochou
37539,yokoe_(mealtime)
37540,yokohachi
37541,yokoji_(kodai2015)
37542,yokojima_kemomi_mi_chuushin
37543,yokon2199
37544,yokoshima_(euphoria)
37545,yokoshima_takemaru
37546,yokota_mamoru
37547,yokota_takumi
37548,yokoyama_kouji
37549,yokoyama_naoki
37550,yokoyari_mengo
37551,yokoyoko_(nazonazo)
37552,yokozuna_iwashi
37553,yokuhaku
37554,yokuko_zaza
37555,yokura_(yukilina)
37556,yokuran
37557,yokuto
37558,yokutsuki_noa
37559,yolanda
37560,yolo_generations
37561,yologyeolseogchung-gyeogpaswaeseogsul
37562,yom_(ymayma00ss)
37563,yoma
37564,yomare
37565,yomean!
37566,yomegane
37567,yomesuket
37568,yomi_(indigoriver)
37569,yomi_(yomi14_pyaon)
37570,yomigaeru
37571,yomitrooper
37572,yomitsuna
37573,yomiya_sateko
37574,yomo
37575,yomo_(rb_crr)
37576,yomo_(ym)
37577,yomogi_(black-elf)
37578,yomogi_0001
37579,yomogi_9392
37580,yomogi_dango
37581,yomogi_dango_(sbj_rocketlink)
37582,yomogi_komegura
37583,yomogi_uehara
37584,yomosaka
37585,yomotobi
37586,yomotsuka_tsukasa
37587,yomotsuki_road
37588,yomoyama_(toirets)
37589,yomoyama_yotabanashi
37590,yomu_(sgt_epper)
37591,yomusugara_(uzo-muzo)
37592,yon_(letter)
37593,yon_yon_(shikawafu)
37594,yona_(edenkasuga)
37595,yonab
37596,yonabe
37597,yonaga_(masa07240)
37598,yonaga_san
37599,yonaga_tsuki25
37600,yonago_miko
37601,yonaki
37602,yonako_(123456nya)
37603,yonasawa
37604,yonchan
37605,yonchi
37606,yone
37607,yone_f15
37608,yone_kinji
37609,yonecchi
37610,yonedatomo_mizu
37611,yoneko_okome
37612,yonekura_(bakuzen)
37613,yonekura_hisaki
37614,yonekura_kengo
37615,yonekura_kihiro
37616,yonekura_naoyasu
37617,yonema
37618,yonemiya_inaho
37619,yonemochi_yume
37620,yonemura_kouichirou
37621,yonemuro
37622,yonerinoko_(banberabu)
37623,yonesdraws
37624,yoneyama_mai
37625,yonezawa_mao
37626,yonezuka_ryou
37627,yongkak
37628,yongsadragon
37629,yoni.
37630,yoni_(zhang)
37631,yonkuron
37632,yono_999
37633,yono_neie
37634,yonoisan
37635,yonoki
37636,yononaka
37637,yonu_(yonurime)
37638,yoo_(tabi_no_shiori)
37639,yoo_tenchi
37640,yooani
37641,yoohei_(pizzadev)
37642,yoohi
37643,yooki_(winter_cakes)
37644,yoon_(dmsco1803)
37645,yoon_(yoon_lovelive)
37646,yoon_cook
37647,yoon_junggeun
37648,yoongonji
37649,yoosai
37650,yoovora
37651,yoplait
37652,yopparai_oni
37653,yoppy
37654,yora
37655,yoracrab
37656,yorha_2b2e
37657,yori_(shitsuon)
37658,yori_(y_rsy)
37659,yoriha_yashiro
37660,yoriteruru
37661,yoriyomo
37662,yoriyuki_chiyo
37663,york0pm
37664,yorktown_cv-5
37665,yorobisan
37666,yoroi_nau
37667,yoropa
37668,yorousa_(yoroiusagi)
37669,yorozu
37670,yorozuya_(yoroz_ryobi)
37671,yoru0409
37672,yoru_(xueyinye)
37673,yoru_(yoru_vida)
37674,yoru_(yowuyoru)
37675,yoru_aruki
37676,yoru_kiri
37677,yoru_nai
37678,yoru_no_yayoi
37679,yoru_usagi
37680,yoru_uyo
37681,yoruda
37682,yorude_guutarou
37683,yorugami_rei
37684,yoruhachi
37685,yoruhoshi_owl
37686,yoruirooo777
37687,yorukun
37688,yoruneko
37689,yoruneko_(liampadolina)
37690,yoruniyoruyoshi
37691,yoruno_mahiru
37692,yorunogumo
37693,yorunue_ro
37694,yorurokujuu
37695,yoruta_(yossy_puyo_holo)
37696,yoruuta
37697,yoruyume
37698,yosaku_(roach)
37699,yosaku_vs_hina
37700,yosakuh
37701,yosh1na
37702,yosh1to
37703,yoshi-j
37704,yoshi_(crossmind)
37705,yoshi_92
37706,yoshi_tama
37707,yoshiaki_(yosiaki_ml)
37708,yoshicha
37709,yoshida_(ne)
37710,yoshida_(rodeo)
37711,yoshida_akihiko
37712,yoshida_hajime
37713,yoshida_hideyuki
37714,yoshida_inuhito
37715,yoshida_iyo
37716,yoshida_keiji
37717,yoshida_ken'ichi
37718,yoshida_morohe
37719,yoshida_nobuyoshi
37720,yoshida_on
37721,yoshida_seiji
37722,yoshida_takuma
37723,yoshida_yoshitsugi
37724,yoshidadon
37725,yoshie_eneko
37726,yoshihara_maito
37727,yoshihara_motoki
37728,yoshihara_seiichi
37729,yoshiharu
37730,yoshiheihe
37731,yoshihiro_(yoshihiro12190)
37732,yoshii_dan
37733,yoshii_kyoko
37734,yoshii_yumi
37735,yoshiie
37736,yoshiikirablr
37737,yoshika_(music480069)
37738,yoshika_fuumi
37739,yoshikawa_hideaki
37740,yoshikawa_hiro
37741,yoshikawa_kazunori
37742,yoshikawa_miki
37743,yoshikawa_tatsuya
37744,yoshiki
37745,yoshiki1020
37746,yoshiki360
37747,yoshiki_(bpmaxm)
37748,yoshiki_3821
37749,yoshikirino
37750,yoshikita_popuri
37751,yoshiku_(oden-usagi)
37752,yoshimi
37753,yoshimi50
37754,yoshimizu_kagami
37755,yoshimo
37756,yoshimon
37757,yoshimoto_(carpsukidayo)
37758,yoshimoto_(dear_life)
37759,yoshimune
37760,yoshimune_(b12f)
37761,yoshimura_kentaro
37762,yoshimura_takuya
37763,yoshinaga_masahiro
37764,yoshinaga_yunosuke
37765,yoshinao_(yoshinao_0203)
37766,yoshinari_you
37767,yoshinatsu
37768,yoshino_(gunform)
37769,yoshino_(mfmfpng)
37770,yoshino_(q_sci)
37771,yoshino_ganko
37772,yoshino_keiko
37773,yoshino_momiji
37774,yoshino_mugiko
37775,yoshino_norihito
37776,yoshino_ns
37777,yoshino_ryou
37778,yoshino_saku
37779,yoshinogai
37780,yoshinon_(yoshinon_kotori)
37781,yoshio_(440)
37782,yoshio_(55level)
37783,yoshio_296
37784,yoshioka_(haco)
37785,yoshioka_mitsuko
37786,yoshioka_pochi
37787,yoshioka_yoshiko
37788,yoshipi
37789,yoshiragi
37790,yoshiron
37791,yoshiryuu
37792,yoshishi_(yosisitoho)
37793,yoshitaka_(palooo)
37794,yoshitake
37795,yoshitani_motoka
37796,yoshiten
37797,yoshito
37798,yoshitoki_(kisshin)
37799,yoshitsuki
37800,yoshiwa_tomo
37801,yoshiwo
37802,yoshiwo_(kanikama)
37803,yoshiyuki_(14330975)
37804,yoshiyuki_(nein69yoshiyuki)
37805,yoshizaki_mine
37806,yoshizane_akihiro
37807,yoshizawa_hikoto
37808,yoshizawa_tsubaki
37809,yoshizoe_eiko
37810,yoshizuki_kumichi
37811,yoshizumi_kazuyuki
37812,yosida_komati
37813,yosik
37814,yosimura
37815,yosola_pl
37816,yoss_3
37817,yosshy
37818,yossyzero
37819,yostuba0704
37820,yostxxx
37821,yosua_0669
37822,yosuzu
37823,yotamono
37824,yotaro
37825,yotogi_(yotogi_luminary)
37826,yotsu_kado
37827,yotsuba_haru
37828,yotsuboshi-imai
37829,yotsugi
37830,yotsuha_(little_squash)
37831,yotsuha_uni
37832,yotsumi_shiro
37833,yotsutsu428
37834,yotsuyama_(yomo8ama)
37835,yotsuyu
37836,yottacc
37837,yottan
37838,yotte
37839,yotti
37840,yottur
37841,yotubawatane
37842,yotubeya
37843,you'a
37844,you06
37845,you2
37846,you_(esparda)
37847,you_(nanban319)
37848,you_(noanoamoemoe)
37849,you_haruka
37850,you_naka
37851,you_nf
37852,you_rei_(blowback)
37853,you_shimizu
37854,youamo
37855,youaresober
37856,youasato
37857,youbi_(0ver_sd)
37858,youbou
37859,youchi123
37860,youei_(maiko)
37861,yougashi
37862,yougata
37863,yougenko
37864,youguo_naberu
37865,youhe_hino
37866,youhei_(testament)
37867,youhei_64d
37868,youhei_choregi
37869,youichi_(45_01)
37870,youjo_(kurukuru9696)
37871,youjo_modoki
37872,youka_(gensou_kyoudan)
37873,youkai_ankake
37874,youkan
37875,youkan_(tako)
37876,youko-shima
37877,youko_(santarose)
37878,youlili
37879,youling_keke
37880,youliyouliv
37881,youmak
37882,youmicitrustea
37883,youmou_usagi
37884,youmu-kun
37885,young57440489
37886,young_savage
37887,young_wang
37888,youngjijii
37889,younomiti
37890,youpofen
37891,yourfreakyneighbourh
37892,youshouhaoxianzhe
37893,youshu_ohepe
37894,youshun_(naturaljuice)
37895,youshuu
37896,yousui
37897,yousuke_(yosk)
37898,youta
37899,youtan
37900,youtho
37901,youtian_(youtiange)
37902,youtike
37903,youu_(midgard)
37904,youuthu
37905,youwon0417
37906,youyan
37907,youyoukai
37908,youzaiyouzai112
37909,youzu_(youzuyozu)
37910,yow
37911,yowaifish
37912,yowayowap
37913,yoye_(pastel_white)
37914,yoyo_(550098)
37915,yoyohachi
37916,yoyoiro_(sysi20)
37917,yoyokkun
37918,yoyomura
37919,yoyopipa
37920,yoyoray20001996
37921,yoyoyotto
37922,yoyoyoyou
37923,yoyterra
37924,yozakurayuyu
37925,yozo_(stanky)
37926,yozora
37927,yozora_(1wkdgusdn)
37928,yozu_(yozu0420)
37929,yp7_(vvy)
37930,yp_(pypy_5_)
37931,yqgkg
37932,ys_(fall)
37933,ys_(ytoskyoku-57)
37934,yshjsw
37935,ysk!
37936,ysmmzr
37937,yst
37938,ysys
37939,yt9676
37940,yt_(wai-tei)
37941,ytk_(yutta-p)
37942,ytoy
37943,ytrall
37944,yts_takana
37945,yu-ki_iwata
37946,yu-ri_(arium047)
37947,yu-ta
37948,yu-ves
37949,yu_(bkks)
37950,yu_(flowerbird3830)
37951,yu_(pocketsun636)
37952,yu_(uza)
37953,yu_3
37954,yu_416416
37955,yu_65026
37956,yu_cha
37957,yu_e_baba
37958,yu_grassbird
37959,yu_hydra
37960,yu_ikedon
37961,yu_jiu
37962,yu_ki_ruta60
37963,yu_lei
37964,yu_li
37965,yu_mochi_(kamiinu)
37966,yu_ni_t
37967,yu_ni_taro
37968,yu_pian
37969,yu_ri_0320
37970,yu_sa1126
37971,yu_sakae
37972,yu_sakurai06
37973,yu_seol_69
37974,yu_skl
37975,yu_yanshu
37976,yu_yin
37977,yu_yu
37978,yu_yu_(yuyuuuu99550771)
37979,yu_yu_huadiao
37980,yu_zhezhe
37981,yua_(argaoffroad)
37982,yua_(bokubo0806)
37983,yua_(checkmate)
37984,yua_(tick-tack)
37985,yuan_(ziranran)
37986,yuan_long
37987,yuan_zhen
37988,yuana
37989,yuanagae
37990,yuano
37991,yuarima2
37992,yuasa_akira
37993,yuasa_makoto
37994,yuasan
37995,yubari_lemon_(lemonlilie)
37996,yube_(skyhacker)
37997,yucblossom
37998,yucco_kxoxc
37999,yuccoshi
38000,yuchi_(salmon-1000)
38001,yuchio
38002,yucopi
38003,yudaoshan
38004,yude
38005,yudepii
38006,yudesoba
38007,yudetama
38008,yudough
38009,yudouhu_(yudouhu_yu_102)
38010,yuduki_pdx
38011,yue3621
38012,yue_(lov_n_n)
38013,yue_(memento1113)
38014,yue_(shemika98425261)
38015,yue_(show-ei)
38016,yue_(tada_no_saboten)
38017,yue_teitoku
38018,yue_yue
38019,yue_zi
38020,yuec
38021,yueguang_zhanglang
38022,yuejiao_tuan
38023,yueko_(jiayue_wu)
38024,yuelight
38025,yuemanhuaikong
38026,yuenibushi
38027,yueqin_(monnpiano)
38028,yueyue_no_hand
38029,yufei_lin
38030,yufou
38031,yufu
38032,yufu_kyouko
38033,yufukiri
38034,yufushi
38035,yug_(ekaki)
38036,yugaa
38037,yugake_(mrnmrm)
38038,yugami_gooshu
38039,yuge_(yuge_bakuhatsu)
38040,yuge_kemuri
38041,yuge_sasatarou
38042,yugen99
38043,yugi_(magical-dreamer)
38044,yugo_(yugotme97)
38045,yugure
38046,yuguru
38047,yuh
38048,yuha_(yh-krm)
38049,yuhazu_(rhe-rhe)
38050,yuhel
38051,yuhi_(hssh_6)
38052,yuhi_(yuhi_atb26)
38053,yuhica
38054,yuhito_(ablbex)
38055,yuhuan
38056,yui.h
38057,yui930
38058,yui_(kari)
38059,yui_(linaw-key08)
38060,yui_(marine-drive)
38061,yui_(niikyouzou)
38062,yui_(tamagohan)
38063,yui_4293
38064,yui_7
38065,yui_hiroshi
38066,yui_k_(yuik48074789)
38067,yui_ko
38068,yui_sora
38069,yui_tooru
38070,yui_toshiki
38071,yuia
38072,yuichi_(sp_sakura_yoshi)
38073,yuichirou
38074,yuiga_naoha
38075,yuihico
38076,yuihira_asu
38077,yuikannon
38078,yuiki_(cube)
38079,yuiki_yuu
38080,yuiko_(yuiyuiko_108)
38081,yuimari
38082,yuineko
38083,yuino_(fancy_party)
38084,yuio58ok
38085,yuiofire
38086,yuishironeko
38087,yuita_(yuita17)
38088,yuito_(yuitokobunasbs0)
38089,yuiyu_ki
38090,yuiyuimoe
38091,yuizaki_kazuya
38092,yuizayomiya
38093,yuj_(moemarket)
38094,yuji_(fantasia)
38095,yujia0412
38096,yujieai
38097,yujin_(kanouyuuto-0423)
38098,yujup
38099,yuk233
38100,yuka_(pixiv38407039)
38101,yuka_(yukaaaaaaa0705)
38102,yuka_yukiusa
38103,yukaa
38104,yukaero4
38105,yukage
38106,yukai_nao
38107,yukamikayu
38108,yukaran_nosuke
38109,yukari_(bryleluansing)
38110,yukari_(konekonekozou)
38111,yukari_(rihenara_doll)
38112,yukari_(yukari21653710)
38113,yukari_yukke
38114,yukarigawa_yumiya
38115,yukarite
38116,yukasu
38117,yukataro
38118,yukemuriganmo
38119,yukeyf
38120,yuki00yo
38121,yuki18r
38122,yuki56
38123,yuki7128
38124,yuki_(asayuki101)
38125,yuki_(miyuki_kii)
38126,yuki_(nanao_yuki)
38127,yuki_(popopo)
38128,yuki_(sangeki5806)
38129,yuki_(vicious)
38130,yuki_(yuki3243)
38131,yuki_(yukin0128)
38132,yuki_(yukineko-nyaa)
38133,yuki_4040
38134,yuki_ahiru
38135,yuki_arare
38136,yuki_flourish
38137,yuki_furasi
38138,yuki_haru
38139,yuki_hime_haruka
38140,yuki_hishaku
38141,yuki_hotaru
38142,yuki_kaori
38143,yuki_kawachi
38144,yuki_maccha_(yukimattya10)
38145,yuki_maru_(yukimaru_1)
38146,yuki_mizore
38147,yuki_nko64
38148,yuki_sasame
38149,yuki_shiro
38150,yuki_shizuku
38151,yuki_shuuka
38152,yuki_sizuku
38153,yuki_tarou
38154,yuki_to_hana
38155,yuki_tomoshi
38156,yuki_touko
38157,yuki_usagi_(mofurafu)
38158,yuki_usagi_(snowcanvas)
38159,yukia_(firstaid0)
38160,yukia_(yukia_777)
38161,yukia_1128
38162,yukiaka
38163,yukiale
38164,yukian
38165,yukibuster_z
38166,yukichi_(eikichi)
38167,yukichi_(sukiyaki39)
38168,yukichi_(tsuknak1)
38169,yukichi_(yu-ame)
38170,yukichin
38171,yukichiro
38172,yukidaruma718
38173,yukie_(kusaka_shi)
38174,yukie_(peach_candy)
38175,yukifuri_tsuyu
38176,yukiguni_yuu
38177,yukihama
38178,yukihara_sbgd
38179,yukiharu
38180,yukihi
38181,yukihiko_(sky_sleep)
38182,yukihime_(mofumofu2225)
38183,yukihira_makoto
38184,yukihiro
38185,yukihiroyuki
38186,yukiiti
38187,yukiji_shia
38188,yukijiro
38189,yukikasa
38190,yukikawa_sara
38191,yukikaze2828
38192,yukiko_(leovioykk)
38193,yukiko_(tesseract)
38194,yukima_(yushika)
38195,yukimachi_tounosuke
38196,yukiman
38197,yukimaro_yukkii
38198,yukimaru217
38199,yukimaru_ai
38200,yukimaru_nun
38201,yukimasa_(nkk145)
38202,yukimi
38203,yukimi_unagi
38204,yukimichi_(nieko)
38205,yukimimi
38206,yukimitsuki
38207,yukimiya_(parupunta)
38208,yukimiya_yuge
38209,yukimochi_(yume)
38210,yukimochi_kinako
38211,yukimori_nene
38212,yukimoto_shuuji_(gurigura)
38213,yukimura_hajime
38214,yukimura_kaname
38215,yukimura_tsubame
38216,yukimura_usagi
38217,yukin_(es)
38218,yukina_(masyumaro610)
38219,yukinagi
38220,yukinami_(paru26i)
38221,yukine_0930
38222,yukineko1018
38223,yukinika
38224,yukinimaru
38225,yukinko_(yukiwork)
38226,yukino_minato
38227,yukinojou_yakan
38228,yukinon_(tsuki_koubou)
38229,yukinoshiro
38230,yukinoshita_(shaonjishi)
38231,yukinuno
38232,yukiou
38233,yukipo_p
38234,yukipone
38235,yukirar
38236,yukirei
38237,yukiri_(l_ii)
38238,yukiri_takashi
38239,yukirin
38240,yukirin_(nagatoyuki_ibukifuko)
38241,yukisa
38242,yukisame
38243,yukishiba_yanagi
38244,yukishiro_(hitsuji)
38245,yukishiro_arte
38246,yukishiro_haku
38247,yukisiannn
38248,yukitaka
38249,yukitarou_(awamori)
38250,yukito_(dreamrider)
38251,yukitsuba_hina
38252,yukitsuki_kokoro
38253,yukiu_con
38254,yukiunag1
38255,yukiusagi1983
38256,yukiusagi_(gaballscreen&blaze)
38257,yukiwo
38258,yukiya_(shiya)
38259,yukiyaii
38260,yukiyama_momo
38261,yukiyanagi
38262,yukiyanagi_raki
38263,yukiyoshi_mamizu
38264,yukiyuki_441
38265,yukizen
38266,yukizuki_chikuba
38267,yukizumi_remon
38268,yukke
38269,yukke_jan
38270,yukki_(rffcq251)
38271,yukki_bunny
38272,yukko
38273,yukko93
38274,yukkyon_kyon
38275,yuko666
38276,yuko_(foret_noire)
38277,yuko_(uc_yuk)
38278,yukome
38279,yukomeow
38280,yukoring
38281,yukotaruma
38282,yuksi
38283,yuku_(kiollion)
38284,yukuso_(dabiandang)
38285,yuku~
38286,yulei_yuuuuu
38287,yulha_06
38288,yuli_(yulipo)
38289,yuma_(yumachansan)
38290,yuma_(zero)
38291,yumari_nakura
38292,yumaru_(marumarumaru)
38293,yumayuma_(yumayumaaaan)
38294,yume_(454565427)
38295,yume_keikaku
38296,yume_no_owari
38297,yume_shokunin
38298,yume_yoroi
38299,yumechiku
38300,yumegi_atsuki
38301,yumegiwa_(skgl_thx)
38302,yumeha_tseru
38303,yumei_(jigoku101)
38304,yumeichigo_alice
38305,yumeji_kiriko
38306,yumejidake
38307,yumekamaborosh
38308,yumekijiiro
38309,yumeko_(yumeyana_g)
38310,yumekui
38311,yumel_lot
38312,yumeme_818
38313,yumemi_(kiowa)
38314,yumeminoideyu2
38315,yumemiya_subaru
38316,yumemo
38317,yumemomosaka
38318,yumemori_jabara
38319,yumeneko_nyaa
38320,yumeno_(rubbercup)
38321,yumeno_naka
38322,yumeno_tanuki
38323,yumenouchi_chiharu
38324,yumesaki_nana
38325,yumesato_makura
38326,yumeto_(ym-1)
38327,yumeyuk0
38328,yumi5469
38329,yumi_(careca398)
38330,yumi_(soak1111)
38331,yumi_san0112
38332,yumi_xsh
38333,yumi_yumi
38334,yumibakama_meme
38335,yumikoyama49
38336,yuming_li
38337,yumingtongxue
38338,yumiya
38339,yumiyumo3o
38340,yummy_(donyat1983)
38341,yummy_(yumyumyummy)
38342,yummy_yoi
38343,yumoran
38344,yumoteliuce
38345,yumu_(8181018)
38346,yumuto_(spring1786)
38347,yumykon
38348,yumyum
38349,yun-yang
38350,yun_(dl2n5c7kbh8ihcx)
38351,yun_(dust-i1)
38352,yun_(kbdenz9)
38353,yun_(neo)
38354,yun_cao_bing
38355,yun_ling
38356,yuna_(deadawon)
38357,yuna_(rutera)
38358,yuna_(spn28u79)
38359,yuna_4568
38360,yunagi_(arukumaruta)
38361,yunagi_(yng_hoti)
38362,yunagi_amane
38363,yunamaro
38364,yunar
38365,yunare
38366,yunareas
38367,yunayuispink
38368,yuncha
38369,yunekoko
38370,yuni_(irohasuiroiro)
38371,yuni_(via_junk)
38372,yuni_0205
38373,yuniiho
38374,yunikon
38375,yunimaru
38376,yunion_(sibujya)
38377,yunioshi
38378,yunite68
38379,yuniyuni
38380,yunji
38381,yunkaasu_(kakushiaji)
38382,yunkaiming
38383,yunkkker
38384,yunmaojan
38385,yunmi_0527
38386,yunnasu
38387,yuno385
38388,yuno_(mioalice)
38389,yuno_(suke_yuno)
38390,yuno_11_02
38391,yuno_ff
38392,yuno_kaihara
38393,yuno_setouchi
38394,yunodon_(sugar_maple)
38395,yunohito
38396,yunoki_itsugu
38397,yunomi_(yunomi1129)
38398,yunomi_(yunomi_hs)
38399,yunomi_(yunomi_imonuy)
38400,yunon_oto_mad
38401,yunoru
38402,yunotimo
38403,yunouou10
38404,yunsang
38405,yunuki_uta
38406,yunweishukuang
38407,yunyunonigiri
38408,yupachu
38409,yupi_(yuyupiko01)
38410,yupiteru
38411,yupo_0322
38412,yupopo_(hidame)
38413,yura_s_arts
38414,yuragi_(nukomomo)
38415,yurai0739
38416,yuraiko
38417,yurakusai
38418,yuran
38419,yuran_(kuen-hien)
38420,yurano_(upao)
38421,yurashima
38422,yurax-mae
38423,yurayura_(mdeh5447)
38424,yurenn
38425,yuri_(anachronic)
38426,yuri_(chocho_q)
38427,yuri_(fl0werspace)
38428,yuri_ai
38429,yuri_kowashi_(tetsukabuto_nuranura)
38430,yuri_kyanon
38431,yuri_yone
38432,yuria_(kittyluv)
38433,yurichi_(artist)
38434,yurigaoka_nayuki
38435,yurigera_8959
38436,yurika48597221
38437,yurikawa
38438,yuriko2755
38439,yurikuta_tsukumi
38440,yuriniel
38441,yuriri2001
38442,yuririn_poi
38443,yurisuki00
38444,yuritamashi
38445,yuriwhale
38446,yuriyuri_(ccc)
38447,yurizuka_(sergeant_heart)
38448,yuro_(mangasukinoyuro)
38449,yuro_(yuroaoj)
38450,yurosuke
38451,yurufuwa_milk
38452,yurumawari
38453,yurume_atsushi
38454,yurun
38455,yurun_(yurun_ume)
38456,yuruno
38457,yururi-ra
38458,yururi_nano
38459,yuruto
38460,yus
38461,yusa_(yusa0751)
38462,yusake_san
38463,yusan
38464,yusao
38465,yusha_m
38466,yushe_quetzalli
38467,yushima
38468,yusho_(ossm03)
38469,yusi_vishnu
38470,yusuka_yuu
38471,yusuke_(shiota)
38472,yusuki_(fukumen)
38473,yuta_(kchimuuuuu)
38474,yuta_agc
38475,yutaan
38476,yutaka7
38477,yutaka_(yutakadeath)
38478,yutakasan-love
38479,yutamaro
38480,yutapon
38481,yutarou
38482,yutazou
38483,yuteke_key
38484,yutian_alice
38485,yuto_(dialique)
38486,yuto_sakurai
38487,yuto_takumi
38488,yutohiroya
38489,yutokamizu
38490,yutori_(clockwork_chicken)
38491,yutori_z71
38492,yutoriko_(candy0905)
38493,yutou_(yutou75)
38494,yutsu
38495,yutsuka_(amyucca)
38496,yutsuki
38497,yutsuki_warabi
38498,yutsukidayo
38499,yutsumoe
38500,yutukicom
38501,yuu201023
38502,yuu_(1007yu)
38503,yuu_(alsiel)
38504,yuu_(arcadia)
38505,yuu_(areruya)
38506,yuu_(asaiyuji)
38507,yuu_(derodero)
38508,yuu_(guruko)
38509,yuu_(higashi_no_penguin)
38510,yuu_(isis7796)
38511,yuu_(jgvj7873)
38512,yuu_(kfc)
38513,yuu_(masarunomori)
38514,yuu_(mboj_fdk)
38515,yuu_(oosakazaijyuu)
38516,yuu_(plasm)
38517,yuu_(primenumber7)
38518,yuu_(yu0221f)
38519,yuu_(yumezakura)
38520,yuu_(yuu_ammy)
38521,yuu_(yuyukaikan)
38522,yuu_azma
38523,yuu_cream
38524,yuu_kurema
38525,yuu_maraa
38526,yuu_sagi
38527,yuubi
38528,yuucho_(cololal)
38529,yuudadou
38530,yuufreak
38531,yuugatou_(yuuzutu)
38532,yuugen
38533,yuugen_no_tei
38534,yuugiri_(u-slash)
38535,yuugo_(atmosphere)
38536,yuuhagi_(amaretto-no-natsu)
38537,yuuheisyoujyo
38538,yuuhi_(ages)
38539,yuuhi_(arcadia)
38540,yuuhi_alpha
38541,yuuhi_homare
38542,yuui1994
38543,yuui_hutabakirage
38544,yuuichi_(bobobo)
38545,yuuichi_(reductionblack)
38546,yuuichi_(tareme_paradise)
38547,yuuichi_katou
38548,yuuinami
38549,yuuji_(and)
38550,yuuji_(yujikazakiri)
38551,yuuji_(yukimimi)
38552,yuuji_overall
38553,yuujin_(yuzinn333)
38554,yuujoduelist
38555,yuuk33
38556,yuuka_(a0240765)
38557,yuuka_(o.t.kingdom)
38558,yuuka_seisen
38559,yuukaku
38560,yuukami_(wittsu)
38561,yuukauta
38562,yuuki._(limit)
38563,yuuki02
38564,yuuki1103
38565,yuuki510510
38566,yuuki_(irodo_rhythm)
38567,yuuki_(nijiiro_palette)
38568,yuuki_(silent_moon)
38569,yuuki_(yukigeshou_hyouka)
38570,yuuki_(yukinko-02727)
38571,yuuki_(yukko7474)
38572,yuuki_(yunky373)
38573,yuuki_(yuuk_yume)
38574,yuuki_(yuuki333)
38575,yuuki_(yuyuki000)
38576,yuuki_akira
38577,yuuki_arisu_(yuigi)
38578,yuuki_chima
38579,yuuki_eishi
38580,yuuki_hagure
38581,yuuki_hana_(jtnp5334)
38582,yuuki_hb
38583,yuuki_kazuhito
38584,yuuki_keisuke
38585,yuuki_kira
38586,yuuki_koutarou
38587,yuuki_makoto_(radiant)
38588,yuuki_mitsuru
38589,yuuki_mix
38590,yuuki_nao_(pixiv10696483)
38591,yuuki_nobuteru
38592,yuuki_rika
38593,yuuki_shin
38594,yuuki_shin'ichi
38595,yuuki_shishin
38596,yuuki_shuri
38597,yuuki_shushu
38598,yuuki_sonisuke
38599,yuuki_tatsuya
38600,yuuki_tom0
38601,yuuki_tsubasa
38602,yuuki_uyu
38603,yuuki_yuu
38604,yuukichi
38605,yuukin
38606,yuuko24
38607,yuuko_(030_yuko)
38608,yuuko_(oruta)
38609,yuukome_(tekunon)
38610,yuukou
38611,yuukun_mk-ii
38612,yuukyuu_ponzu
38613,yuuli_(tuna221022)
38614,yuuma_(noel)
38615,yuuma_(pumpkin)
38616,yuuma_(skirthike)
38617,yuuma_(u-ma)
38618,yuuma_(yuma1111)
38619,yuumaru_(you-mya)
38620,yuumei
38621,yuumii_0120
38622,yuumin
38623,yuuna_katsumi
38624,yuuna_minato
38625,yuunagi_(0217)
38626,yuunagi_(seventh_heaven)
38627,yuunagi_(yunagi1373)
38628,yuunagi_seshina
38629,yuunamida_uyu
38630,yuuno
38631,yuuno_(yukioka)
38632,yuuppi
38633,yuura
38634,yuura_shiu
38635,yuuraku_yuraku
38636,yuurei_yashiki
38637,yuureidoushi_(yuurei6214)
38638,yuuren_kyouko
38639,yuuri_(fukuroudou)
38640,yuuri_(orz_commushows)
38641,yuuri_(vpxh7525)
38642,yuuri_nayuta
38643,yuuri_splatoon
38644,yuurinmoku
38645,yuurururun
38646,yuuryuu_nagare
38647,yuusa
38648,yuusei_tsukiro
38649,yuusen_(aenka)
38650,yuushiba
38651,yuushoku
38652,yuusuke-kun
38653,yuusuke_(5yusuke3)
38654,yuuta_(monochrome)
38655,yuuta_(tokoton_hirune_hiyori)
38656,yuuta_(yuuta0312)
38657,yuutama2804
38658,yuutarou
38659,yuutarou_(fukiiincho)
38660,yuuten
38661,yuutii
38662,yuutomeh
38663,yuutopia
38664,yuutousei
38665,yuutsuki_hina
38666,yuuwaku06
38667,yuuya_(blue_scarab)
38668,yuuya_(yu-ya's)
38669,yuuyu_(777)
38670,yuuyu_(moco20111115)
38671,yuuyuu_(3jjbn)
38672,yuuyuu_(yuko)
38673,yuuyuu_(yuuki1771)
38674,yuuzaki
38675,yuuzatta
38676,yuuzii
38677,yuuzuki230
38678,yuuzuki_(re'ef)
38679,yuuzuki_hijiri
38680,yuwan_2333
38681,yuxi
38682,yuxian_youka
38683,yuxing_yuhang
38684,yuxyon
38685,yuya090602
38686,yuya_(minus-k)
38687,yuya_(night_lily)
38688,yuya_(oshidori)
38689,yuya_(yuya_illust)
38690,yuyaiyaui
38691,yuye
38692,yuyi
38693,yuyiosang
38694,yuyouxing
38695,yuyu5x
38696,yuyu_(00365676)
38697,yuyu_(spika)
38698,yuyu_(yuyudesu0806)
38699,yuyu_(yuyurhythm)
38700,yuyu_(yuyuworks)
38701,yuyu_no_suke
38702,yuyuharu_1027
38703,yuyuko_(yuyucocco)
38704,yuyumatsu
38705,yuyumi_(yuurei)
38706,yuyumu
38707,yuyuy_00
38708,yuyuyu_m5
38709,yuyuyuyhz
38710,yuyuzuki_(yume_usagi)
38711,yuza
38712,yuzf
38713,yuzhi
38714,yuzhou
38715,yuzu-aki
38716,yuzu_(parasitic_910)
38717,yuzu_(yuzusuke10)
38718,yuzu_gin_(pika97)
38719,yuzu_ichika
38720,yuzu_kiro
38721,yuzu_modoki
38722,yuzu_momo
38723,yuzu_sato
38724,yuzu_shio
38725,yuzua
38726,yuzucky
38727,yuzudaze
38728,yuzugoori
38729,yuzuha_(yuzutime)
38730,yuzuha_takamura
38731,yuzuha_wasa
38732,yuzuhara_moke
38733,yuzuhota0313
38734,yuzukarin
38735,yuzukaze_rio
38736,yuzuki_(hmr813k)
38737,yuzuki_(rinka01)
38738,yuzuki_(yuduame)
38739,yuzuki_gao
38740,yuzuki_himuka
38741,yuzuki_kaoru
38742,yuzuki_karu
38743,yuzuki_kei
38744,yuzuki_kihiro
38745,yuzuki_n_dash
38746,yuzuki_tsuzuru
38747,yuzuki_yuno
38748,yuzukiaz
38749,yuzukineko
38750,yuzukiyo
38751,yuzukiyuno_(yunmu_g)
38752,yuzumame
38753,yuzumiya_mono
38754,yuzuna99
38755,yuzuna_hiyo
38756,yuzuno_kaori
38757,yuzuno_nana
38758,yuzuri_ai
38759,yuzuriha_(active_homing)
38760,yuzuriha_(atelier_liang)
38761,yuzuriha_(nx_e78)
38762,yuzuriha_(pixiv_14248010)
38763,yuzuriha_p
38764,yuzuru_(xxelysionxx)
38765,yuzuruka_(bougainvillea)
38766,yuzutaroman
38767,yuzutei
38768,yuzutosen
38769,yuzutouhu_ika
38770,yuzuttan
38771,yuzuyomogi
38772,yuzuyu_(hyui)
38773,yuzuyukiha
38774,yuzuyunagi
38775,yuzuzukushi
38776,yves_bigerel
38777,yway1101
38778,yxyyxy
38779,yyb
38780,yyemoyy
38781,yyf_(seaknight)
38782,yykuaixian
38783,yyy246
38784,yyy_(zelda10010)
38785,yzj21333
38786,yzlkun
38787,yzpyn
38788,yzr_(yzr99)
38789,yzrh0
38790,yztp_(sanmery)
38791,z-epto_(chat-noir86)
38792,z-ki
38793,z-ton
38794,z.dk
38795,z.i
38796,z.m._(zimin)
38797,z.nov
38798,z.o.b
38799,z.s.w.
38800,z.taiga
38801,z282g
38802,z3zz4
38803,z666ful
38804,z_(knkr1025)
38805,z_05
38806,za1f0n
38807,za210n
38808,za_yu_a
38809,zabu_rou
38810,zabudog777
38811,zabuton_dorobou
38812,zack_(haiuinndo)
38813,zacky
38814,zadun
38815,zafuri_(yzrnegy)
38816,zah_takara
38817,zahauku
38818,zain
38819,zain_(jiha3905)
38820,zaitsu
38821,zaket07
38822,zaki_(narashigeo)
38823,zaki_(zaki_btw)
38824,zakimpo
38825,zakirsiz
38826,zakki
38827,zakku_(kya--193)
38828,zakkuri
38829,zako_(arvinry)
38830,zakozako_y
38831,zakro
38832,zakuma
38833,zambiie
38834,zambonito
38835,zamudelin
38836,zan_(harukahime)
38837,zan_nekotama
38838,zanamaoria
38839,zanasta0810
38840,zandan_zero_to_na!
38841,zandorosouls
38842,zandra
38843,zang_li
38844,zangemiya
38845,zangetsumaru
38846,zaniaii
38847,zanka_(the-only-neat)
38848,zanki
38849,zanku
38850,zankuro
38851,zanne
38852,zannen_hero
38853,zannen_na_hito
38854,zanntetu
38855,zanpon
38856,zanshi
38857,zantyarz
38858,zanunoneko
38859,zanya_000
38860,zanzi
38861,zaofeng
38862,zap
38863,zap-nik
38864,zaphn
38865,zapik
38866,zarameru_(tsukumo)
38867,zarashi
38868,zaregoto_tsukai_no_deshi
38869,zarory
38870,zarsy
38871,zarutsu
38872,zasha
38873,zashiki_usagi
38874,zashima
38875,zasikirou
38876,zaso
38877,zasshoku_ojisan
38878,zasshu
38879,zasshu_nigou
38880,zasshu_tamashii
38881,zassou_maruko
38882,zassyoku_dd
38883,zatou
38884,zatou_(kirsakizato)
38885,zatsu
38886,zatsu_(zasshu_neko)
38887,zattape
38888,zatu
38889,zawabug
38890,zawameki
38891,zawapirori
38892,zawar379
38893,zawashi_(zawashio1013)
38894,zawashu
38895,zawawa_(satoukibi1108)
38896,zaxwu
38897,zayur
38898,zaza_(x-can01)
38899,zb_(dawn-blue)
38900,zb_(xucz8527)
38901,zbura
38902,zc_furuya
38903,zcune
38904,zcx
38905,zd_(pixiv6210083)
38906,ze_(0enmaitake)
38907,ze_(wzfnn001)
38908,ze_ro_saiji
38909,zea_(zeamilky)
38910,zea_lark
38911,zealmaker
38912,zealyush
38913,zeatto
38914,zebrablack
38915,zeco
38916,zedd_(zedgawr)
38917,zedoraart
38918,zee_n3
38919,zefa_(neoaltemice)
38920,zefai
38921,zefrableu
38922,zefyu
38923,zehel_az
38924,zekkyon
38925,zekkyou_(h9s9)
38926,zel-sama
38927,zelc-face
38928,zeldin
38929,zelitto
38930,zellam
38931,zelo-lee
38932,zelo6
38933,zelus
38934,zemzk
38935,zen33n
38936,zen_(jirakun)
38937,zen_(kamuro)
38938,zen_(raspberry)
38939,zen_and_retro
38940,zen_juraku
38941,zenbrush2
38942,zengzhi_zhixu
38943,zeni
38944,zeniyan
38945,zenji029
38946,zenkou
38947,zenma_trang
38948,zenmaibook
38949,zenn
38950,zennosuke
38951,zenoo
38952,zenox5300
38953,zenra1112
38954,zenrakishi
38955,zenritsu
38956,zenryoku_eimin
38957,zenshin
38958,zenya
38959,zenyu
38960,zenzai_tarou
38961,zeon_(zzeeonn)
38962,zepher_(makegumi_club)
38963,zephid
38964,zephyr164
38965,zeppeki_shoujo
38966,zer0.zer0
38967,zer00han
38968,zer0h
38969,zeradok
38970,zerg309
38971,zeri_(zeristudio)
38972,zero-go
38973,zero-theme
38974,zero130
38975,zero808w
38976,zero_(73ro)
38977,zero_(jckz2334)
38978,zero_(miraichizu)
38979,zero_(ray_0805)
38980,zero_(sleepy_meltan)
38981,zero_a
38982,zero_hime
38983,zero_point
38984,zero_q_0q
38985,zeroartwo
38986,zeroasann
38987,zerobarto
38988,zerocat
38989,zerodo
38990,zerogravitas
38991,zerogura
38992,zeroki_(izuno)
38993,zeroku77
38994,zerokun135
38995,zerolay
38996,zeropen
38997,zerosama_(sailuojiang)
38998,zerosu_(take_out)
38999,zerotabi1210
39000,zerotwenty_(020)
39001,zeroyon_(yukkuri_remirya)
39002,zeru_(wisel_army)
39003,zeshgolden
39004,zest_(lossol)
39005,zet_(twt_zet)
39006,zetacat
39007,zetsu_red
39008,zetsuei_(zetto)
39009,zetsuental
39010,zetsumame
39011,zetsumu
39012,zetsuriinu_(kairyougata)
39013,zetsuyo_chimayo
39014,zexalmike
39015,zges
39016,zgxuke
39017,zhadanzhawugui
39018,zhaktnf
39019,zhanzhan_lan
39020,zhanzhangzlw
39021,zhanzheng_zi
39022,zhao_(pixiv12947327)
39023,zhao_shuwen
39024,zhaofeng_yinyue
39025,zhaoyebai
39026,zhayin-san
39027,zhazhapao
39028,zhen_long
39029,zhen_lu
39030,zheng
39031,zheng_kai_xin
39032,zhengqi_zhizi_sg
39033,zhenli-mari
39034,zhenlin
39035,zhenming
39036,zheyi_parker
39037,zhi_(papercraft8559)
39038,zhi_(yammycheese)
39039,zhi_zhi_zu_zu
39040,zhibuji_loom
39041,zhili_xingzou
39042,zhineart
39043,zhishi_ge_fangzhang
39044,zhishuixy
39045,zhixie_jiaobu
39046,zhiyan_li
39047,zhiyou_ruozhe
39048,zhizhizi
39049,zhnyy3
39050,zhong_xiansheng
39051,zhongerweiyuan
39052,zhongwu_chahui
39053,zhongye_yu
39054,zhou_huan_(dgpe2833)
39055,zhou_yu_(ppaaqz1995)
39056,zhoujo51
39057,zhourues
39058,zhu_fun
39059,zhu_xiang
39060,zhuang_yao
39061,zhudacaimiao
39062,zhudouzi
39063,zhuganchangjiadan
39064,zhumojian
39065,zhuore_zhi_hen
39066,zhuotian
39067,zhuxiao517
39068,zhuxie1264852
39069,zhuyingmiao
39070,zhuzi
39071,zhvo
39072,zhykyon
39073,zi_(mumei)
39074,zi_(murasaki0615)
39075,zi_se
39076,zib_(boriku)
39077,zibun_owl
39078,zidai_okuraven
39079,zieru
39080,zifletts
39081,zifu
39082,zig90
39083,zigzagdb
39084,zihacheol
39085,zihad
39086,zije
39087,zijiang
39088,zijou
39089,ziko
39090,zikryzero
39091,ziling
39092,ziluolan_jia_de_mao
39093,zimajiang
39094,zin_(mame_denkyu)
39095,zinan
39096,zinbei
39097,zinczinc_ka
39098,zinfian
39099,zinfyu
39100,zink_(zink_mchn)
39101,zinkaa
39102,zinno
39103,zinpati
39104,ziogon
39105,zion
39106,zipang_(zip@ng_works)
39107,zipgaemi
39108,zippedsquire
39109,zippo_(3756c)
39110,zippo_teifujou
39111,zipsunz
39112,zirba
39113,ziro_(daydozen)
39114,ziro_(zirorong)
39115,ziroqon
39116,zis
39117,zishanjiang
39118,zishengtian123
39119,ziteng_yue
39120,ziu
39121,ziyue
39122,ziyunshanding
39123,ziz_(pandora707)
39124,ziz_(pantwo)
39125,zizi_(zz22)
39126,zizi_niisan
39127,zk_(zk_gundan)
39128,zkstxxx
39129,zky_(oekaky)
39130,zl-crow_red
39131,zlix0n
39132,zlmh7okwwbmghfo
39133,zm-panda-
39134,zmore
39135,zocehuy
39136,zoewingsz
39137,zoh
39138,zoirun
39139,zol
39140,zolomon_(jarvis_lin)
39141,zombie_ke
39142,zombie_mogura
39143,zombiemiso
39144,zomzomzomsauce
39145,zon_lee_sean
39146,zonana
39147,zonda_(solid_air)
39148,zone_(artist)
39149,zoner
39150,zono_(inokura_syuzo029)
39151,zono_(rinkara-sou)
39152,zonotaida
39153,zonsters
39154,zoo_(oukakumaku)
39155,zoo_min
39156,zooanime
39157,zoolpal
39158,zootan
39159,zooya
39160,zoruboi
39161,zoryc
39162,zorzero
39163,zou_eita
39164,zouhyou_(at4190)
39165,zouni_(xavier)
39166,zounose
39167,zourion
39168,zouzou
39169,zoyu_(wuedti)
39170,zoza
39171,zozozoshion
39172,zpolice
39173,zqzbq
39174,zrae
39175,zrero
39176,zu_yuan_cesar
39177,zubatto_(makoto)
39178,zubora_na_kintoki
39179,zucchini
39180,zudxpnz
39181,zueka27
39182,zuharu
39183,zuho_(vega)
39184,zui_ai_shuang_mawei
39185,zui_nianshao
39186,zuiai_gongzhu_dianxia
39187,zuihou_de_miao_pa_si
39188,zuikillme
39189,zuisetsu
39190,zuizi
39191,zuizou
39192,zukaketawagase
39193,zukan_(db_tyoutyo)
39194,zukanosuke
39195,zukapin
39196,zuki
39197,zukki0731
39198,zukki_(suzukio)
39199,zukky
39200,zukky000
39201,zukoko_rkgk
39202,zukululuu
39203,zuman_(zmnjo1440)
39204,zumi_tiri
39205,zumizu
39206,zummy
39207,zumochi
39208,zun_(artist)
39209,zunda_kaku
39210,zundamochi_(sera)
39211,zundarepon
39212,zungurimukkuri_tarou
39213,zunkome
39214,zunta
39215,zunusama
39216,zuo_daoxing
39217,zuo_wei_er
39218,zuomerika
39219,zuoteng_lucha
39220,zuowen
39221,zuraa_(naunau_seijin)
39222,zurikishi
39223,zusshii_(libertasgenesis)
39224,zutsuyaku
39225,zutta
39226,zuttokodomo
39227,zuu_(kyuudo9)
39228,zuu_(qq770463651)
39229,zuwai_kani
39230,zuzu_(wckd7545)
39231,zuzu_(ywpd8853)
39232,zuzuhashi
39233,zuzuko
39234,zwei_(santanawamuujojo)
39235,zx961219
39236,zxjv
39237,zxpfer
39238,zxzx
39239,zy_(dondokodo-mu)
39240,zy_(zyyyyyyy9)
39241,zy_jomi
39242,zyaki
39243,zygocactus
39244,zyl
39245,zymonasyh
39246,zynxy
39247,zyugoya
39248,zyunsei777
39249,zyunya
39250,zzangto
39251,zzb_azz
39252,zzo0
39253,zzo_(chorizzzzo)
39254,zzyzzyy
39255,zzz_(orchid-dale)
39256,zzz_sakaz
39257,zzz_zhi_he
39258,zzzearly
39259,zzzi_gn
39260,zzzpani
